id,created_at,text
971488453778079744,2018-03-07 20:51:11,"b'Meet Sarah Carter, our new capture director in health. Doesn\'t she look ""ManTastic"" today? Come say hello at booth\xe2\x80\xa6 https://t.co/4ZonLmy6vS'"
971487370699837445,2018-03-07 20:46:53,"b'Come gain a fresh perspective on #cyber, #data collection &amp; #analytics. Join us as we celebrate our 50th Anniversar\xe2\x80\xa6 https://t.co/Lu2B15SifO'"
971457317509259270,2018-03-07 18:47:27,b'Our President &amp; CEO Kevin Phillips testifies before the Senate Select Committee on Intelligence on how to improve t\xe2\x80\xa6 https://t.co/WKGG7iOujz'
971455305216389120,2018-03-07 18:39:28,b'Kevin Phillips helped represent 15 major professional services companies and six industry associations that support\xe2\x80\xa6 https://t.co/APtjT8dDug'
971126616402391040,2018-03-06 20:53:22,"b'Hungry for details on #Agile, #DevOps &amp; #Analytics? We have cupcakes too! Stop by our #HIMSS18 booth 5422 to wish u\xe2\x80\xa6 https://t.co/lUemQwlmip'"
970801750163775489,2018-03-05 23:22:28,"b'What makes a recruiting event successful? Great food and great company, of course! #MeetManTech https://t.co/LMasH3OorH'"
970787076240216065,2018-03-05 22:24:09,"b'Our Cyber Security Recruiting Event is underway here in Washington, DC! #MeetManTech https://t.co/dTPNn9Mlao'"
969974091401846784,2018-03-03 16:33:39,"b'Our Chief Human Resources Officer, Jeff Brody, will be speaking at a March 13th event held by the Veteran and Milit\xe2\x80\xa6 https://t.co/Cg2GLvczUi'"
969312223159078913,2018-03-01 20:43:37,b'Thanks for being there @OmariFaulkner. https://t.co/lud8EqjLyY https://t.co/7ifTQaiXsS'
969247277926768641,2018-03-01 16:25:33,b'Our experts are on hand at the @ATARCevents #DevOps Summit to talk about leading-edge practices and best ways to na\xe2\x80\xa6 https://t.co/nZgsP3KN1n'
969243006414000128,2018-03-01 16:08:35,"b""We're ready for #HIMSS18. See you all there https://t.co/8x3CW6Hrn2"""
969228614771372034,2018-03-01 15:11:23,"b'Kudos Rick! Be sure to read his story, then vote for top exec \xe2\x80\x94 both Rick &amp; Kevin Phillips are in the list https://t.co/agtJDPOZ8f'"
968168968082116609,2018-02-26 17:00:44,"b""If you are an Information Assurance (IA) Professional in the DC area, don't forget to RSVP to our March 5th Recruit\xe2\x80\xa6 https://t.co/AjORPPecCL"""
966825039361437697,2018-02-23 00:00:26,b'Our team hosted a great Networking Event this evening at our very own ManTech University. Thank you all for coming\xe2\x80\xa6 https://t.co/JevsXEGzb0'
966509992865091584,2018-02-22 03:08:33,"b'There\xe2\x80\x99s strength in unity, not just numbers. Team building is important - no matter where you work or what you do.\xe2\x80\xa6 https://t.co/Swo3omPbB6'"
965632542794797056,2018-02-19 17:01:53,b'#HappyPresidentsDay from all of us at ManTech! https://t.co/zIj6NKl1N5'
964589179152760832,2018-02-16 19:55:56,b'We are very excited to announce that ManTech will be attending the Joint Service Academy Career Conference on March\xe2\x80\xa6 https://t.co/BeZvmDQsyx'
964582745140875267,2018-02-16 19:30:22,b'Interviews will be conducted on the spot at this Recruiting Event!'
964537464030486528,2018-02-16 16:30:26,"b'Attention Information Assurance Professionals in and around Washington, DC! We have a Networking Event coming up on\xe2\x80\xa6 https://t.co/g6lcoeDjYl'"
964236736661475329,2018-02-15 20:35:27,"b'RT @MrFedRAMP: Congrats to @Xerox, @Infor, @Monster, @TeletracNavman, and @ManTech / @DHSgov for being prioritized by the JAB for a @FedRAM\xe2\x80\xa6'"
964171144776601600,2018-02-15 16:14:49,"b'Our team will be at the RecruitMilitary Veterans Job Fair in Jacksonville, Florida today from now until 4 PM! This\xe2\x80\xa6 https://t.co/qYzUDi7Tau'"
963874020839120901,2018-02-14 20:34:09,"b""Happy Valentine's Day! Our employees are the heart of ManTech. Come join us: https://t.co/jMBm0a0JVH https://t.co/X6Fp5SR8We"""
961969606771519488,2018-02-09 14:26:41,"b""President &amp; CEO Kevin Phillips is highlighted on @WashingtonExec's new Top 25 GovCon Execs to Watch in 2018: The Ye\xe2\x80\xa6 https://t.co/sK9C62zrXO"""
961711529216356352,2018-02-08 21:21:10,"b'Our team is going to be at a RecruitMilitary Veterans Job Fair in Jacksonville, FL on 2/15, so come #MeetManTech! W\xe2\x80\xa6 https://t.co/eNk808DlKq'"
961358661359755264,2018-02-07 21:59:00,b'Our Connect Lounge is THE place to be at #WEST2018. Come and stop by. https://t.co/TVivpKbDXs'
961347958032781312,2018-02-07 21:16:28,"b'If you are searching for a career, go to https://t.co/jMBm0a0JVH now! https://t.co/rmIkFIvL4T'"
961333570601127936,2018-02-07 20:19:18,"b""RT @ManTech: #Wash100 is still open for voting, so don't forget to cast your votes for ManTech's Kevin Phillips and Rick Wagner. Every vote\xe2\x80\xa6"""
960949678954176512,2018-02-06 18:53:51,b'Stop by our Connect Lounge at #WEST2018 to chat with a ManTech recruiter about exceptional #job opportunities.\xe2\x80\xa6 https://t.co/IlgdmzjSHq'
957987223835684865,2018-01-29 14:42:07,"b""#Wash100 is still open for voting, so don't forget to cast your votes for ManTech's Kevin Phillips and Rick Wagner.\xe2\x80\xa6 https://t.co/Se0aa44sJ7"""
956900027917635584,2018-01-26 14:41:59,"b'Executive Mosaic Announces #Wash100 inductees, recognizing the most influential &amp; impactful #executives of conseque\xe2\x80\xa6 https://t.co/D7y8JDvuiM'"
956326285739020293,2018-01-25 00:42:08,b'Our NOVA Networking Event was a success! Thanks to everyone who came out and made it such a great evening. Be sure\xe2\x80\xa6 https://t.co/D9S8ZRcG5N'
956319278151630853,2018-01-25 00:14:18,b'What an evening this has been with wonderful food and even better company! #MeetManTech https://t.co/fPK1mbwBmg'
956303948817760256,2018-01-24 23:13:23,b'We have an amazing spread at this event! Which sounds tastiest to you? #MeetManTech'
956293000954613760,2018-01-24 22:29:53,"b'We just called tonight\xe2\x80\x99s first raffle winner! We have Amazon Fire TV Sticks, Echo Dots, Gaming Headsets, and much m\xe2\x80\xa6 https://t.co/UPCBZC9ewV'"
956285418319818752,2018-01-24 21:59:45,b'ManTech\xe2\x80\x99s NOVA Networking Event is underway! We\xe2\x80\x99re excited for the fun evening ahead here at Caboose Brewing Compan\xe2\x80\xa6 https://t.co/9P5JOnBymH'
956210316102328321,2018-01-24 17:01:19,b'Thank you to everyone who came out to our Fort Meade Networking Event yesterday! \nToday is our NOVA Networking Even\xe2\x80\xa6 https://t.co/iYygD18v7t'
955901897113784320,2018-01-23 20:35:46,b'@FairfaxEDA @DXCTechnology @LeidosInc @Capgemini @unisyscorp @thomsonreuters We\xe2\x80\x99re in good company! Proud to be rec\xe2\x80\xa6 https://t.co/3wAEOs51P6'
955869095072813056,2018-01-23 18:25:26,b'Our very own SVP of Business Development Yvonne Vervaet selected for @INSAlliance Advisory Committee\xe2\x80\xa6 https://t.co/6L8KLNFSUT'
955820189102366721,2018-01-23 15:11:06,"b""If you RSVP'd for our Fort Meade Networking Event, don't forget to come out to JAILBREAK Brewing Company today from\xe2\x80\xa6 https://t.co/UZrm9Ovunt"""
954481520957419520,2018-01-19 22:31:42,b'ICYMI: ManTech was named on @thomsonreuters list of Top 100 Global @Tech leaders this week! https://t.co/Vk3RFIlkIX'
954456671752945665,2018-01-19 20:52:58,b'Watch #ManTech\xe2\x80\x99s @BajinderPaul and #SAIC\xe2\x80\x99s @SanjaySardarFFX talk about how #federal CIOs can get ready for incoming\xe2\x80\xa6 https://t.co/kUqjhNP79l'
954388206526615553,2018-01-19 16:20:54,b'EVENT ANNOUNCEMENT: We are now also looking to connect with Cyber/Network Security Professionals with Public Trust\xe2\x80\xa6 https://t.co/OpgGqv7bnl'
954087784049979392,2018-01-18 20:27:08,b'We\xe2\x80\x99re proud to announce we\xe2\x80\x99ve landed a five-year $35.9 million win with @MyNAWCAD to provide engineering &amp; technica\xe2\x80\xa6 https://t.co/WmdiTVhRz2'
954077049987190784,2018-01-18 19:44:29,"b""RT @SAICinc: #SAIC\xe2\x80\x99s @SanjaySardarFFX &amp; @ManTech's Bajinder Paul discuss top priorities for #federalgovernment CIOs in 2018. Tune in to @Ne\xe2\x80\xa6"""
954043371068252165,2018-01-18 17:30:39,"b""ManTech's opportunities reach beyond the D.C. area! \nWe have a Hiring Event coming up on January 31st &amp; February 1s\xe2\x80\xa6 https://t.co/mMas6P0Cai"""
953738869891108864,2018-01-17 21:20:40,"b'If you are looking for work, consider attending one of our upcoming networking events! We will be in Maryland on Ja\xe2\x80\xa6 https://t.co/PuNljKWbPx'"
953687930861744128,2018-01-17 17:58:16,b'Have you seen the news today? We are named on @thomsonreuters list of Top 100 Global #Tech leaders -\xe2\x80\xa6 https://t.co/UjjWr9YqQ3'
953648895254507520,2018-01-17 15:23:09,b'We are proud to be founding sponsor of 1st AFCEA #CERTS2018 symposium. Looking forward to an engaging day.'
953632028653703169,2018-01-17 14:16:07,b'We are proud to sponsor this morning\xe2\x80\x99s @AUSAorg breakfast featuring @ArmyChiefStaff https://t.co/h6BamR3rj6'
951903904861769729,2018-01-12 19:49:11,b'ManTech is hiring for positions all over the world! Have you applied yet?\nhttps://t.co/NnLh7l1X3k https://t.co/F1kGB37GaI'
951145000452141056,2018-01-10 17:33:34,"b'In recognition of our CEO transition plan, @Nasdaq has honored both\nGeorge Pedersen and Kevin Phillips. Check out t\xe2\x80\xa6 https://t.co/U5zmbXZK24'"
949058525031890944,2018-01-04 23:22:39,b'#DefenseIntel Agency announces @ManTech\n@followACSLLC Mentor Prot\xc3\xa9g\xc3\xa9 Program Award for innovative solutions in\xe2\x80\xa6 https://t.co/KIKWwMtYZD'
942837236172754944,2017-12-18 19:21:28,b'This time of year is all about joy and giving back to those around you. Thank you to all the volunteers who donated\xe2\x80\xa6 https://t.co/0zj7AHfmVP'
941011940402454528,2017-12-13 18:28:24,b'Proud to support the DHS USCIS mission through the InfoZen acquisition https://t.co/YjTKjAUGar'
938414621584654336,2017-12-06 14:27:35,b'We are excited to showcase our new VEMOS award supporting #MRAP sustainment. https://t.co/xYp6ay22yU. Stop by booth\xe2\x80\xa6 https://t.co/hyxFIWkVKD'
938162519411175424,2017-12-05 21:45:49,"b""We are proud to sponsor tonight's Meet the Senior Leadership speaker's reception #CDCASummit. https://t.co/2jFDE4XwTg"""
936615860990603264,2017-12-01 15:19:57,"b""Our #CFO Judy Bjornaas asks at today's #WomenBiz @NOVAChamber breakfast if #genderbias is improving among\xe2\x80\xa6 https://t.co/TvAk4mbReP"""
936605389730271232,2017-12-01 14:38:20,"b""We're a gold sponsor of today's #WomenBiz @NOVAChamber breakfast, and proud to be on hand to learn from panel of CE\xe2\x80\xa6 https://t.co/tteDebWL9b"""
936593471930032128,2017-12-01 13:50:59,"b'\xe2\x80\x9cGreat execution takes many hands,\xe2\x80\x9d says Sheila Johnson at #WomenBiz@NOVAChamber. Our leaders are lending theirs.'"
936592938137735168,2017-12-01 13:48:52,"b'Our women leaders are part of today\'s discussion: ""How the Next Generation is Disrupting Business"" addressed at\xe2\x80\xa6 https://t.co/Q25vbs5n4E'"
935927864482033664,2017-11-29 17:46:06,"b'We are pleased to announce that Rick Wagner has been named president of our Mission, Cyber &amp; Intelligence Solutions\xe2\x80\xa6 https://t.co/I0tPpK1RQV'"
935587348573835264,2017-11-28 19:13:00,b'Our @BajinderPaul moderates @NOVAChamber NextGen #Technology panel with thought leaders from @DoD_DHA @CIA\xe2\x80\xa6 https://t.co/w4NQF68KGK'
935536151292796935,2017-11-28 15:49:34,"b""Our #cyber experts are joining in today's #CyberCon2017 panel discussions, front and center on thought leadership discussions."""
931607338611384320,2017-11-17 19:37:52,b'.@BajinderPaul from @ManTech writes in @Nextgov https://t.co/JD6OPGw1r7 how the @FederalReserve could guide the\xe2\x80\xa6 https://t.co/9a0b9cUypF'
931247690259795968,2017-11-16 19:48:45,b'Looking for work??? Come out to Jailbreak on November 28th between 4pm and 7pm. https://t.co/ysbvjj0Wxw'
931247586866028547,2017-11-16 19:48:21,b'@BajinderPaul from @ManTech writes in @Nextgov how the @federalreserve could guide the #Digital #Financial Revoluti\xe2\x80\xa6 https://t.co/wbzt6fGZU7'
929360125189611521,2017-11-11 14:48:15,"b""RT @mmagnarelli: For #VeteransDay, we're saluting the companies that have made a serious commitment to hiring #Veterans. Kudos to our top f\xe2\x80\xa6"""
929360075084500992,2017-11-11 14:48:03,b'Thank you to all that have served. We hope everyone has a great Veterans Day'
928284721716621314,2017-11-08 15:34:59,"b'RT @FairfaxEDA: For the second consecutive year, #Herndon-based @ManTech International has been named the \xe2\x80\x9cBest Company for #Veterans\xe2\x80\x9d by @\xe2\x80\xa6'"
927651459046543367,2017-11-06 21:38:37,"b'ManTech named as the ""Best Company for Veterans"" by Monster\n\nhttps://t.co/Fkh9zsBEAB https://t.co/ExAhH2epMA'"
925883225830027264,2017-11-02 00:32:17,"b""Congratulations to DAI for its win as contractor of the year award for $300M+ at tonight's #GovConAwards. Next year though ... ;)"""
925882329742143488,2017-11-02 00:28:44,b'Shout out of congrats to @ExploreAltamira on winning contractor of the year ($75M-$300M) tonight at #GovConAwards'
925881303806996482,2017-11-02 00:24:39,b'Congratulations to Spear Inc. on winning Contractor of the Year (up to $25M) #GovConAwards'
925820663830646784,2017-11-01 20:23:41,"b'ManTech posts a book-to-bill ratio of 4.5, strongest quarterly bookings in five years!\n\nhttps://t.co/OPk3M2QDAs'"
922464461503582213,2017-10-23 14:07:20,"b""There's a storm a-brewin'!!!!!! Come out to JAILBREAK Brewing Company tomorrow to learn more about all of our great\xe2\x80\xa6 https://t.co/KeKoKf6F5p"""
921426976010899456,2017-10-20 17:24:45,"b""Read a little about EVP/CFO Judy Bjornaas' time at ManTech and about our recent activity.\n\nhttps://t.co/5Y24WJBvaK"""
921423971362500608,2017-10-20 17:12:48,b'RT @ExecutiveBiz: .@ManTech lands task order to support @usairforce warfighting capabilities optimization #GovCon https://t.co/k9AjXuRc5b'
921423938856607744,2017-10-20 17:12:40,b'Another one!!!! ManTech Wins $37 Million Air Force Contract.\nhttps://t.co/tlnl82IuLD'
917856907238486016,2017-10-10 20:58:34,b'RT @SandraJontz: .@ManTech #cyber SME Andy Twomey speaks w reporter from @defaero @vagomuradian #AUSA2017 https://t.co/6hMj26oNVw'
917827428004843522,2017-10-10 19:01:25,b'We are ready to Secure the Future #AUSA2017 https://t.co/eFqdsQHLBb'
917821769842651142,2017-10-10 18:38:56,"b""It's better to be ready for an opportunity and not have one than to have an opportunity and not be ready #Readiness\xe2\x80\xa6 https://t.co/nABv3eml9d"""
917788633700106241,2017-10-10 16:27:16,b'Pop on over to booth 1709 at #AUSA2017  to learn about our unique #cyber capabilities'
917482974068781056,2017-10-09 20:12:41,b'How to win the next war? #Digital Dominance. We\xe2\x80\x99ve got the solutions #AUSA2017'
917400387962982401,2017-10-09 14:44:31,b'What a great way to spend Columbus Day at #AUSA2017. Come stop by booth 1709 https://t.co/EPbjpdZS8P'
911287879896387584,2017-09-22 17:55:36,b'ManTech Inks $180M Deal for InfoZen in Federal Civilian Market Push\n\nhttps://t.co/Lys2O3Klwy'
911283164433326081,2017-09-22 17:36:51,b'RT @FedBizWBJ: .@ManTech $180M deal to buy @InfoZenCorp driven by IT modernization.  https://t.co/c486Dx3o1Y'
911283017506869248,2017-09-22 17:36:16,b'RT @PSCSpeaks: .@ManTech is a #GovCon2017 finalist! Visit https://t.co/hDowGxHCNu to learn more. @NOVAChamber @PSCSpeaks'
907292260525633537,2017-09-11 17:18:26,b'Looking for a job related to the Centers for Medicaid and Medicare???? Come out to our hiring event September 26th\xe2\x80\xa6 https://t.co/1Lwu7TWk5H'
907253425569763328,2017-09-11 14:44:07,b'Today we honor the legacy of those who lost their lives and to the first responders who put others needs before their own.'
907252908403634181,2017-09-11 14:42:03,b'RT @DoDOutreach: #September11 commemorations began with the #Pentagon flag unfurling at sunrise. For more on #PatriotDay events visit https\xe2\x80\xa6'
907252620284317696,2017-09-11 14:40:55,b'On this day 16 years ago our lives changed as we know it. Acts of terror that were meant to break us unified our na\xe2\x80\xa6 https://t.co/0uS7b28gnb'
905467810624573440,2017-09-06 16:28:43,"b'We are at the @INSAlliance &amp; @AFCEA National Security Summit today in Washington, DC #Intelligence2017 https://t.co/uqPaXxcbFR'"
905467225271713795,2017-09-06 16:26:23,b'To learn more about our Cyber Range check out the link below.\n\nhttps://t.co/c7oGQhGGZk'
905466903828692992,2017-09-06 16:25:07,"b""In a world full of constant threats it's important to be prepared.  Our Cyber Range is preparing cyber warfighters to help prevent threats."""
905146046984183809,2017-09-05 19:10:09,"b'Support our Bicycle Team at the @BCRforHeroes Valley #Veterans Ride for Heroes on Sept. 9 in #Staunton, #Virginia.'"
902615655584849928,2017-08-29 19:35:16,"b'Location:\n600 Red Brook Blvd.\nOwings Mills, MD\nTo sign up to donate visit: https://t.co/dttqjrxIal and use Sponsor\xe2\x80\xa6 https://t.co/BKeXcD2n6o'"
902615487678488576,2017-08-29 19:34:36,"b'ManTech is partnering with TAI Engineering for a blood drive that will be held tomorrow Wednesday, August 30th betw\xe2\x80\xa6 https://t.co/u9xhtvX7dU'"
902210475223547904,2017-08-28 16:45:14,"b'A wise man once said, ""The Future depends on what you do today"" https://t.co/fBleAwEE88'"
897879182570663937,2017-08-16 17:54:13,"b'ManTech proudly host Tuesday\xe2\x80\x99s @women_hack meetup at our Herndon Office. There were 54 developers, designers &amp; PMs\xe2\x80\xa6 https://t.co/yyK4NxA7gl'"
897187682610286597,2017-08-14 20:06:27,b'Got some new toys today!!!! https://t.co/uydhlnS8YO'
897184952671981570,2017-08-14 19:55:36,b'Such a wonderful opportunity for ManTech to help put JPL on the leading edge of the IT environment and innovation.\xe2\x80\xa6 https://t.co/ZQth5VTpSL'
897184752251412480,2017-08-14 19:54:48,b'ManTech has been awarded a NASA contract to manage and transform their Jet Propulsion Laboratory (JPL) Institutiona\xe2\x80\xa6 https://t.co/E2ahltcA41'
896028803453132802,2017-08-11 15:21:28,b'RT @SandraJontz: Fore a tee-rific cause .... https://t.co/gwCsPB0w24'
896005742368399361,2017-08-11 13:49:50,"b""Come PUTT your money to good use and register for ManTech's Inaugural Wounded Warrior Golf Scramble\xe2\x80\xa6 https://t.co/9klJHksLbE"""
895331341020962817,2017-08-09 17:10:00,b'Missed Tim Schaad on Cyber Range? Stop by Connect &amp; Recharge Lounge #AFCEATechNet to learn more.'
894965508210118656,2017-08-08 16:56:19,b'Need a break? Need a charge? Stop by and check out ManTech\xe2\x80\x99s connect &amp; recharge lounge #AFCEATechnet\nManTech is a p\xe2\x80\xa6 https://t.co/d83bvpTfBL'
892401315376234496,2017-08-01 15:07:08,"b'RT @ExecutiveBiz: .@ManTech awarded $10-year contract for @usairforce business support, network IT services #GovCon https://t.co/49P6Y1anrb'"
892021814565773312,2017-07-31 13:59:08,b'Excited to meet all the talented people that will be attending today. Hopefully we get some amazing new employees https://t.co/eszce1lay1'
890671223192961024,2017-07-27 20:32:22,b'We would like to tell you about the scope of work ... but you know...\n\nReach out to us at Referral@ManTech.com for\xe2\x80\xa6 https://t.co/bvTacuNr9v'
890670928748625921,2017-07-27 20:31:11,b'Amazing job opportunity!!! We are looking for those with active TS/SCI or higher clearances. https://t.co/sWhC6L1YkE'
890663621944016901,2017-07-27 20:02:09,b'RT @bjfabiano: 7/31/17 Invitational Recruiting Event. Meet hiring managers and leaders from top Prime/SubK  #itjobs @ManTech. RSVP\xe2\x80\xa6https://\xe2\x80\xa6'
887695956078190592,2017-07-19 15:29:43,b'RT @ExecutiveBiz: .@ManTech lands @USMC systems engineering support task order #GovCon https://t.co/3Xoaf4xvmf'
887695895340490752,2017-07-19 15:29:28,"b'Marine Corps Awards ManTech $21 Million for Systems Engineering Interoperability, Architecture, and Tech Support\xe2\x80\xa6 https://t.co/0u5hLD9ZZX'"
887029759473045504,2017-07-17 19:22:29,b'So glad to be part of the @InfraGardNCR Cyber Camp held at ManTech University https://t.co/oA9m037k2C'
879364185699864576,2017-06-26 15:42:14,b'Want to learn about what ManTech is doing to prevent cyber breaches?Hear it now from Tim Schaad himself. \nhttps://t.co/EsKPDhD4mh'
877581536522096643,2017-06-21 17:38:37,b'RT @washtechnology: TOP 100: How @ManTech weathered the down turn and is bouncing back. #GovCon #2017Top100WT $MANT https://t.co/XPLc607U4r'
877273425613664256,2017-06-20 21:14:18,"b""ManTech President, Kevin Phillips catches up with employees at our Surf's Up event today. https://t.co/6fteoqc1VR"""
877253984075075584,2017-06-20 19:57:03,"b""Celebrating the summer - wouldn't you like to work for @ManTech? https://t.co/cPY5IkaKH9"""
875070632177881089,2017-06-14 19:21:11,b'Come see us at the connect + charge lounge https://t.co/9XqRtN1sbK'
875017911257239552,2017-06-14 15:51:41,b'Want to be a CNO Software Developer???\nhttps://t.co/7n4gedIF93'
875009765587509248,2017-06-14 15:19:19,b'https://t.co/WlgdB242ZQ'
875009738421010435,2017-06-14 15:19:13,"b'SANS Institute names ManTech in TOP 8 companies for recruiting and retaining highly skilled individuals called ""Cyber Ninjas""'"
874989275716218881,2017-06-14 13:57:54,b'We will be at DCOS in Baltimore with our connect + charge lounge. Come take a load off #Relax #Recharge #AFCEACyber https://t.co/I3vMxfQmEH'
868156886599815168,2017-05-26 17:28:25,b'Hope everyone has an amazing Memorial Day Weekend. Stay safe and take a moment to honor those who gave their lives\xe2\x80\xa6 https://t.co/JLES9eJpXJ'
864902327672635392,2017-05-17 17:55:58,b'Today ManTech held its Annual Shareholders Meeting https://t.co/cWAftHotq4'
862316017699237888,2017-05-10 14:38:54,"b""ManTech's CEO George J. Pedersen receives Patriots Award from the CIA Officers Memorial Foundation.\xe2\x80\xa6 https://t.co/nuv03YYVOB"""
860491280270462976,2017-05-05 13:48:03,"b'RT @WBJonline: ICYMI: @ManTech sees ""resurgence"" following string of big contract wins https://t.co/n7znvJjOUR'"
860161414366863360,2017-05-04 15:57:16,b'ManTech named winner of 2017 RecruitMilitary Most Valuable Employers (MVE) for Military Programs: https://t.co/4qc2GR6qwt'
860161114633588737,2017-05-04 15:56:05,"b""RT @rosswilkers: From @mantech 1Q earnings release: that's quite a bit of cash and very little debt on the books. $MANT https://t.co/UBBCLz\xe2\x80\xa6"""
860118052003868675,2017-05-04 13:04:58,"b'The first quarter is in the books!!! Looks good to me, but check it out yourself.\n\nhttps://t.co/x9KGgArjp5'"
859393358367772674,2017-05-02 13:05:18,b'RT @ExecutiveBiz: .@ManTech to help @USNavy engineer naval aircraft platforms and systems #GovCon https://t.co/gr1OeIJko2'
857619600556654592,2017-04-27 15:37:01,b'A huge thank you to all the kids that came out to ManTech Headquarters for take your kid to work day. Hope you had\xe2\x80\xa6 https://t.co/q2Od0ej0mP'
857599803286597632,2017-04-27 14:18:21,"b""RT @dhsscitech: The full Kid's Day crew is joined by the S&amp;T Acting Deputy Under Secretary &amp; @DHSHealth1's Deputy Assistant Secretary #Coun\xe2\x80\xa6"""
857599743488385024,2017-04-27 14:18:06,b'RT @GoArmy: Enhancing technical and leadership skills are two of the many things the @USArmy and @SHPE do for students. \xf0\x9f\x87\xba\xf0\x9f\x87\xb8 Salute! https://\xe2\x80\xa6'
857597829564510208,2017-04-27 14:10:30,b'It looks like we have some new employees today. Happy take your kid to work day #takeyourkidtoworkday #TYKTWD\xe2\x80\xa6 https://t.co/XfhlOb09uw'
857245666933952512,2017-04-26 14:51:08,b'Just in case you would like to learn more about the 2 contracts that we were just awarded.\nhttps://t.co/chQOsfY85D\nhttps://t.co/8qluGDfZIN'
857242871820365827,2017-04-26 14:40:02,"b""We won a $220M contract yesterday, and now we've won a $229M contract today!\n\nMood: https://t.co/p5bqFAfYrL"""
856887051878367232,2017-04-25 15:06:08,"b'RT @washtechnology: .@ManTech reports almost $450M in CBP, FBI tech services contracts. $MANT #GovCon https://t.co/CGS9WTj411'"
855409789869883397,2017-04-21 13:16:01,b'RT @ARCYBER: 109 YEARS AND GOING ARMY STRONG: Happy birthday to the proud citizen Soldiers of the #USArmyReserve #USARBirthday109 https://t\xe2\x80\xa6'
854375855619006466,2017-04-18 16:47:32,"b""We will be participating in the Defense Strategies Institute's 4th Annual Identity Management Symposium in Alexandria, VA today"""
852650509475491840,2017-04-13 22:31:37,"b'Oh Man, Tech Share is getting packed #TechShare ManTech https://t.co/JxtyXf30Vz'"
852627498588401667,2017-04-13 21:00:11,b'RT @IntelCommNews: ManTech awarded 18M task orders for DHS program management and technical\xc2\xa0services https://t.co/WIk2S06XPZ'
852625335887814657,2017-04-13 20:51:35,"b""Not here? It's ok, take a look for yourself #TechShare #ManTech https://t.co/vb0dEhF6qj"""
852612185159335940,2017-04-13 19:59:20,"b""Time flies when you're having fun. Here's a quick behind the scenes of ManTech Share 2017 #TechShare #ManTech https://t.co/stOKMwDSSz"""
852578119118716929,2017-04-13 17:43:58,b'#TechShare 2017 hiring event attendees gather: https://t.co/vZIgqMpzH9'
852576838270558208,2017-04-13 17:38:53,"b'The stage is set for #TechShare 2017, Hyatt Regency in Reston, VA! https://t.co/BuzaD8UEhH'"
852526712252497920,2017-04-13 14:19:42,b'That feeling you get when ManTech Share 2017 is today!!! https://t.co/nB8MJYdhA9'
850384206077276162,2017-04-07 16:26:08,b'Lessons for Growth from ManTech MCIS CGO Yvonne Vervaet: https://t.co/o1yVEU1S86'
848962773933543424,2017-04-03 18:17:52,"b'@ManTech is showcasing engineering, T&amp;E, training, and cyber solutions at @SeaAirSpace! Stop by booth 2625 to learn more. #SAS2017'"
845309223890288640,2017-03-24 16:19:58,"b'RT @ClearanceJobs: Make sure to check out our #EmployeroftheWeek, @ManTech! They have a number of great #cleared jobs waiting for you: http\xe2\x80\xa6'"
845309180999356417,2017-03-24 16:19:48,b'RT @washtechnology: @ManTech is back in the M&amp;A game with two deals in 2016 and spot on our list of the best deals of the year. https://t.c\xe2\x80\xa6'
841773665368866819,2017-03-14 22:10:55,"b'RT @CMeadeGovCon: @ManTech Gets #AirForce #Contract to Support #Stratcom, #NASA #Human Spaceflight Programs\nhttps://t.co/RYtGvCyqtJ\n#GovCon\xe2\x80\xa6'"
840260138573406209,2017-03-10 17:56:42,b'@ManTech leadership at off-site planning session to develop 3-year corporate strategy: https://t.co/ttrfpIM8Gw'
835226114083684354,2017-02-24 20:33:18,b'RT @wvucareerserv: Thanks @ManTech for supporting the #StatlerCareerFair! See their team on campus on Feb. 28. https://t.co/S8VehPpJWy'
834414457065455617,2017-02-22 14:48:03,b'RT @GovConWire: .@mantech MCIS group lead Bill Varner added to 2017 #Wash100 for cyber &amp; enterprise IT services leadership. #GovCon https:/\xe2\x80\xa6'
834163234018119680,2017-02-21 22:09:47,b'RT @GovConWire: .@ManTech president &amp; COO Kevin Phillips chosen to 2017 #Wash100 for operational &amp; market focus leadership. #GovCon https:/\xe2\x80\xa6'
832609257661071360,2017-02-17 15:14:50,b'ManTech Awarded $20 Million Contract for Health Information Technology Product Support to Veterans Affairs: https://t.co/HiGmYbnoa6'
832353207313653761,2017-02-16 22:17:23,b'ManTech Awarded $152 Million Task Order for Systems Field Software Support to Army:  https://t.co/0t3pgeRsMB'
829060302528532481,2017-02-07 20:12:33,b'RT @bjfabiano: @CarnegieMellon @ManTech https://t.co/eSg1LeNkSw'
826867467624599552,2017-02-01 18:59:01,b'RT @ClearedJobsVA: Need a new challenge? @ManTech is hiring a Cyber Defense Mission Analyst https://t.co/Yaf48NOANU #AllSource #cyber #secu\xe2\x80\xa6'
826867331796185089,2017-02-01 18:58:29,b'RT @ClearedMilitary: Seeking customer-service oriented Help Desk Specialist w/ 2+ yrs exp @ManTech https://t.co/iLafuXP46e #Windows #securi\xe2\x80\xa6'
826867320215728130,2017-02-01 18:58:26,b'RT @ClearedMilitary: Find your future @ManTech - Need an Intermediate Counterintellligence Analyst https://t.co/IPm8wDa3BK #military #secur\xe2\x80\xa6'
826530323404115968,2017-01-31 20:39:19,b'RT @ClearedJobsDC: Need a new challenge? @ManTech is hiring a Cyber Defense Mission Analyst https://t.co/N7e24MV0Lj #AllSource #cyber #secu\xe2\x80\xa6'
824990896294854656,2017-01-27 14:42:11,"b'Congrats to @ManTech Pres &amp; COO Kevin Phillips, selected to 2017 Wash100 list of influential leaders: https://t.co/N9bZWzCdWL'"
824633470479691777,2017-01-26 15:01:54,"b'Congrats to @ManTech President Bill Varner, named to @ExecutiveMosaic\xe2\x80\x99s 2017 Wash 100 list of influential leaders:  https://t.co/Po5FVsALAF'"
824300403621765120,2017-01-25 16:58:25,"b""RT @FairfaxEDA_NM: .@ManTech will continue support work on the U.S. Navy's Ship Maintenance and Logistics Information Systems program | htt\xe2\x80\xa6"""
822555109196439552,2017-01-20 21:23:15,b'RT @ICDefenseJobs: #JOBS #Cybersecurity SMEs Penetration Vulnerability #CASP #CISSP Test Engineers @MetroDC @ICDefenseJobs @ManTech https:/\xe2\x80\xa6'
822101735250464768,2017-01-19 15:21:42,b'RT @ExecutiveBiz: .@ManTech to continue support for @USNavy ship maintenance &amp; logistics systems program #GovCon https://t.co/6LRTsoBBYO'
821754985474064384,2017-01-18 16:23:50,b'RT @ICDefenseJobs: #JOBS #Cybersecurity SMEs Penetration Vulnerability #CASP #CISSP Test Engineers @MetroDC @ICDefenseJobs @ManTech https:/\xe2\x80\xa6'
819927634176000001,2017-01-13 15:22:36,b'RT @ICDefenseJobs: #JOBS #Cybersecurity SMEs Penetration Vulnerability #CASP #CISSP Test Engineers @MetroDC @ICDefenseJobs @ManTech https:/\xe2\x80\xa6'
818533287257894913,2017-01-09 19:01:57,"b'RT @GovConWire: .@ManTech $MANT secures $87M task order to help Naval Surface Warfare Center test weapons, combat systems. #GovCon https://\xe2\x80\xa6'"
817091562865913858,2017-01-05 19:33:04,b'RT @washingtonexec: @ManTech Acquires @EdaptiveSystems - Learn More: https://t.co/DsgTM2ykW6 #Mergers #Acquisitions #MA'
812317531633553409,2016-12-23 15:22:46,b'RT @FedBizBeat: Congrats to Kevin Phillips of @ManTech on his promotion to president &amp; #COO. #GovCon https://t.co/5DRrOAwZNX'
812023881296912385,2016-12-22 19:55:54,b'RT @FedBizBeat: Kudos to Judith Bjornaas on being promoted to #CFO for @ManTech. #GovCon #FedTech https://t.co/5DRrOAwZNX'
810881794325233665,2016-12-19 16:17:39,b'RT @GovConWire: .@ManTech $MANT buys federal health IT &amp; data services contractor @EdaptiveSystems. #GovCon https://t.co/llJ5FpEIiL'
807235874958278656,2016-12-09 14:50:04,b'@ManTech selected #9 for 2017 G.I. Jobs Military Friendly Employers list: https://t.co/6gLKbCBPMN'
806914224366743552,2016-12-08 17:31:57,"b'RT @PeoplesBao: @BrandywineREIT @ManTech @JuniperNetworks DC office, come and get your lunch here'"
805787386311536641,2016-12-05 14:54:18,b'ManTech\xe2\x80\x99s Bill Varner Chosen for Purdue University Engineering Alumni Award: https://t.co/HwFog2m9GD'
804381516239433728,2016-12-01 17:47:52,"b'RT @NOVATourdeCure: Shout out to the @ManTech   NOVA Tour Team!! They have already FAR surpassed their fundraising goal! Keep it up, awesom\xe2\x80\xa6'"
803366336768409600,2016-11-28 22:33:55,"b'@NPR discusses NASA\xe2\x80\x99s JWST Telescope\xe2\x80\x99s multilayered sunshield, which is supported by @ManTech\xe2\x80\x99s NeXolve subsidiary: https://t.co/1gDWxJtGLU'"
798603766958166017,2016-11-15 19:09:10,b'RT @INSAlliance: Thank you @ManTech for sponsoring the #INSALeadership Dinner on 12/14! https://t.co/Yfu8ewYj0K'
798182735131136001,2016-11-14 15:16:08,b'RT @Monster: And the No. 1 spot in the 2016 Top Companies for Veterans list goes to ... @ManTech \xe2\x80\x94 #VeteransDay https://t.co/d8yvo2Yx3m htt\xe2\x80\xa6'
796735052940013570,2016-11-10 15:23:33,"b""RT @Monster: What company is No. 1 on the list for best companies for veterans in 2016? It's @ManTech!\n\nSee the full list: https://t.co/d8y\xe2\x80\xa6"""
796437818167984129,2016-11-09 19:42:27,b'RT @bjfabiano: We are #hiring CNO #developers for really cool mission-critical projects @ManTech. #itjobs #careers'
794582286788395008,2016-11-04 16:49:14,b'RT @OwlerAlerts: Judith Bjornaas is now Chief Financial Officer - CFO at ManTech (@ManTech) https://t.co/iMhfe6yiyL'
794582270111842306,2016-11-04 16:49:10,b'RT @OwlerAlerts: Kevin Phillips is now President and Chief Operating Officer at ManTech (@ManTech) https://t.co/iMhfe6yiyL'
788415170649399297,2016-10-18 16:23:19,"b'RT @fedscoop: Now: Ernest McCaleb @ManTech, Kevin Rogers @cypherpath &amp; Jason Strawderman @tegile talk IT infrastructure #FedTalks https://t\xe2\x80\xa6'"
786222018702274561,2016-10-12 15:08:31,b'RT @GovConWire: Damian DiPippa named @ManTech International SVP &amp; GM of mission and intelligence systems #GovCon https://t.co/nkdnQaKMjj'
786200535074570240,2016-10-12 13:43:09,b'RT @CyberMaryland: Join us @CyberMaryland! View from the Trenches: Are Cybersecurity Graduates Job Ready? @DeptofDefense @LockheedMartin @M\xe2\x80\xa6'
786200092038598656,2016-10-12 13:41:23,"b'ManTech names DiPippa SVP &amp; GM of Mission, Cyber &amp; Intelligence Solutions Group\xe2\x80\x99s MIS business unit: https://t.co/HEyyGXHnqm'"
783032209309589506,2016-10-03 19:53:21,b'RT @ICDefenseJobs: JOBS / #Cybersecurity Careers Invitational Oct 6 #Reston Virginia @ICDefenseJobs @ManTech https://t.co/rnldRfFhoV'
781536891573301252,2016-09-29 16:51:29,b'RT @ExecutiveBiz: .@ManTech subcontracts @Govplace to deliver cybersecurity and cloud systems for @DHSgov #GovCon https://t.co/MwUd6Kt4Pu'
781521085586083840,2016-09-29 15:48:41,b'RT @nichejobworld: JOBS / #Cybersecurity Careers Invitational Oct 6 #Reston Virginia @ICDefenseJobs @ManTech https://t.co/RnWKtGe1Wy'
781142812146499586,2016-09-28 14:45:34,b'RT @G2XHealth: DHA Awards 5 year $30.2M PEO DHMS and PMO DMIX Support contract \n @ManTech #G2XTake https://t.co/rHuWKxWlfo'
781142537159475200,2016-09-28 14:44:28,b'RT @washingtonexec: Brian McHugh of @ManTech Presented with the WashingtonExec Outstanding Advocate Award - Learn More: https://t.co/2EvM7l\xe2\x80\xa6'
773614922714509314,2016-09-07 20:12:25,"b'RT @PVA1946: Thank you to @ManTech for the generous donation of $10,000 today going toward their @MissionAble Awards sponsorship! https://t\xe2\x80\xa6'"
773231548258721793,2016-09-06 18:49:01,b'RT @juanbgiusti: @Tegile @ManTech @Cypherpath Team Up To Deliver a Converged Infrastructure for the US DoD Cyber Range https://t.co/AiGQjHR\xe2\x80\xa6'
771352860290351104,2016-09-01 14:23:47,b'RT @CMeadeGovCon: @ManTech to Help #Analyze #Navy #Aircraft Systems\nhttps://t.co/PhvMJFvowc\n#GovCon #USNavy #contract #award #defense #DoD\xe2\x80\xa6'
770346840504012800,2016-08-29 19:46:13,b'@ManTech receives U.S. Vets Magazine\xe2\x80\x99s 2016 Top Veteran Friendly Company recognition for 5th consecutive year: https://t.co/cYUUzyxnhz'
770312035519332352,2016-08-29 17:27:55,b'RT @CMeadeGovCon: @ManTech to Provide #Data Integration #Tech for #DHS #BorderSecurity Ops; #DanKeefe Comments\nhttps://t.co/5i6T7Vdu1h\n#Gov\xe2\x80\xa6'
768810592509517824,2016-08-25 14:01:43,b'RT @ExecutiveBiz: .@DHSgov taps @ManTech to develop data aggregation tool for border security missions #GovCon https://t.co/IcvRAGArsy'
768132088545603584,2016-08-23 17:05:35,b'@ManTech Awarded $24M Contract for Multi-Sensor Data Aggregation Analysis to U.S. CBP: https://t.co/83IDJP27oQ'
766695851800596480,2016-08-19 17:58:30,b'RT @CMeadeGovCon: #DTIC Selects @ManTech for\xc2\xa0#ISR Support Under Potential $208M Task Order; #DanielKeefe Comments https://t.co/sekciBmXGF\n#\xe2\x80\xa6'
766289422925066240,2016-08-18 15:03:30,b'RT @GovConWire: #DTIC selects @ManTech $MANT for\xc2\xa0ISR support under $208M task order #GovCon https://t.co/EqHCMdRsC1'
763787020426772480,2016-08-11 17:19:50,"b'RT @GovConWire: .@ManTech $MANT receives $110 million cybersecurity, cloud tasks orders #GovCon https://t.co/wlVhW8w51l'"
763380844908146688,2016-08-10 14:25:51,b'@ManTech awarded two GSA FAS TOs on behalf of DHS to provide cyber and cloud solutions to combat cyber threats: https://t.co/9BdGqeh91w'
758716270997041153,2016-07-28 17:30:29,"b'RT @insidedefense: .@ManTech reports sales, profit boosts: https://t.co/LaFEXlMyCO'"
756201595122122752,2016-07-21 18:58:04,"b""RT @InfraGardNCR: FIVE MORE DAYS until we kick off CYBER CAMP! This year's camp will be held at @ManTech  - Thank you! #InfraGardNCR https:\xe2\x80\xa6"""
755790307778781185,2016-07-20 15:43:45,b'RT @lisapafe: #CategoryManagement thank you to #apmpnca corporate partners: @ManTech @PriviaLLC  @Winpros https://t.co/zPr79kh7kg'
753652587556200449,2016-07-14 18:09:13,b'RT @Tegile: See how @ManTech works w/ @Tegile to support #DevOps: https://t.co/Kla72xmYvm #CiscoLive #softwaredefined https://t.co/oHXbZdrv\xe2\x80\xa6'
752940158354333700,2016-07-12 18:58:17,b'RT @Tegile: See how @ManTech works w/ @Tegile to support #DevOps: https://t.co/Kla72xmYvm #CiscoLive booth 3049 #softwaredefined https://t.\xe2\x80\xa6'
752526590328922113,2016-07-11 15:34:55,"b""RT @INSAlliance: We welcome @ManTech 's Yvonne Vervaet to our Executive Committee: https://t.co/jC7cScToI7 #INSAExCom"""
748611137726468096,2016-06-30 20:16:18,"b'RT @YAFCEA: Thanks, Platinum sponsors of #SGEDinner - @AdobeGov @HPE@InfoZenCorp @ManTech @northropgrumman &amp; @Microsoft_Gov  https://t.co/8\xe2\x80\xa6'"
748258012196970496,2016-06-29 20:53:06,b'@ManTech\xe2\x80\x99s Brian McHugh was recently presented with the WashingtonExec Outstanding Advocate Award: https://t.co/bNxwYH0D0P'
747900878624010240,2016-06-28 21:13:59,"b""RT @jontz_signalmag: We're counting on #WomenInSTEM, #STEM students to recoup from the \xe2\x80\x98lost generation,' says @ManTech leader: https://t.c\xe2\x80\xa6"""
747795077674729472,2016-06-28 14:13:34,"b'RT @signalmag: We can survive \xe2\x80\x98lost generation\xe2\x80\x99 of #STEM students and bolster opportunities for #WomenInSTEM, @ManTech leader says https://\xe2\x80\xa6'"
742729144266596353,2016-06-14 14:43:21,"b""RT @GovConWire: .@ManTech $MANT buys #OceansEdge's cyber business #GovCon https://t.co/FWYyqEOWUd"""
742392071512788992,2016-06-13 16:23:57,b'@ManTech selected to WashTech Top 100 list of largest government contractors: https://t.co/1to8ijGDuO'
741268681175498753,2016-06-10 14:00:00,b'RT @ExecutiveBiz: .@ManTech to deliver engineering support to U.S. Naval Observatory and SPAWARSYSCEN Atlantic #GovCon https://t.co/gi8yuJ1\xe2\x80\xa6'
739866358641463296,2016-06-06 17:07:40,b'RT @BGOV: .@ManTech ranks 63rd on the #BGOV200 list of top contractors. Read their secrets for success https://t.co/EPqwH6B3uF https://t.co\xe2\x80\xa6'
739834590253219840,2016-06-06 15:01:26,b'@ManTech placed #29 on the 2016 CRN Solution Provider 500 (SP500) list! See the full list: https://t.co/dhiogCiHsu'
735915349762318336,2016-05-26 19:27:46,"b'RT @WHSRoundtable: WHSR participants in @DHSgov RID are providing excellent collaboration! Marlin Edwards with @ManTech , Suzanne Liskouski\xe2\x80\xa6'"
732636473271439360,2016-05-17 18:18:41,b'RT @ExecutiveBiz: .@ManTech to help maintain @USArmy biometrics software #GovCon https://t.co/EFDzEv5Rii'
732257984064163840,2016-05-16 17:14:42,b'@ManTech awarded $44.2M DoD QRC contract to support warfighters:\nhttps://t.co/wDrb7Bp8Hs'
731200947658100736,2016-05-13 19:14:25,b'RT @missiledefadv: .@ManTech to support #MissileDefense Agency counterintelligence https://t.co/PM4V9NPNh7'
727512631276392449,2016-05-03 14:58:22,b'RT @CivilianJobscom: Congrats on being selected as a Most Valuable Employer (MVE) for Military! @LockheedMartin @ManTech @MMC_Global https:\xe2\x80\xa6'
726049461001134081,2016-04-29 14:04:15,"b'@ManTech is a proud sponsor of @APMPNCA\xe2\x80\x99s Mentor-Prot\xc3\xa9g\xc3\xa9 Program, which enhances BD and capture processes for proposal professionals.'"
726047135230246912,2016-04-29 13:55:00,b'RT @APMPNCA: We are thrilled to have @ManTech join @apmpnca as a corporate partner. ManTech has been instrumental in hosting our Mentor-Pro\xe2\x80\xa6'
723551776285306881,2016-04-22 16:39:21,b'RT @BrandonFarris: Delivering a Converged Infrastructure for the DoD Cyber Range https://t.co/litp0R2sGQ @Tegile @Cypherpath @ManTech https\xe2\x80\xa6'
722804409894187010,2016-04-20 15:09:35,"b'RT @LukesWingsUSA: Thank you @ManTech for including @LukesWingsUSA into your publication ""ManTech Matters"" - We value your support! https:/\xe2\x80\xa6'"
722786420901941248,2016-04-20 13:58:06,"b'@ManTech\xe2\x80\x99s Bob Krieger presents Trust, Access &amp; Info Control at 2016 #AFCEA Spring Intelligence Symposium: https://t.co/3c57SqMSLX'"
722455517889708032,2016-04-19 16:03:12,b'RT @DefGovTech: Big thanks to @ManTech for being our Cyber Cafe Sponsor! Be sure to stop by and see them!  #AFCEACYBER https://t.co/7z9cjlX\xe2\x80\xa6'
719909608861671424,2016-04-12 15:26:40,b'RT @ExecutiveBiz: .@ManTech receives BICES systems engineering task order under @USGSA OASIS contract vehicle\nhttps://t.co/pYBSl8JvFk\n#Govc\xe2\x80\xa6'
718096815166517248,2016-04-07 15:23:16,b'@ManTech is very proud @clomedia has named us a 2016 #LearningElite organization: https://t.co/n9VtS8wYiv'
712341103719096320,2016-03-22 18:12:08,b'RT @studentvets: SVA congratulates @ManTech @ManTechCareers for making the @MilitaryTimes Best for Vets: Employers 2016 list https://t.co/Q\xe2\x80\xa6'
709830266995531776,2016-03-15 19:54:58,b'RT @CivilianJobscom: Congrats on being a finalist for the 2016 Most Valuable Employers (MVE) for Military! @KleinSteel @LQ @leidosinc @Lock\xe2\x80\xa6'
704428828207218688,2016-02-29 22:11:34,"b""RT @AECOM: W/@ManTech, we'll prepare #EPA planning documents for southwest area @USNavy &amp; @USMC in-water &amp; coastal projects https://t.co/MQ\xe2\x80\xa6"""
704404499331477504,2016-02-29 20:34:54,b'RT @ExecutiveBiz: .@ManTech and @AECOM joint venture lands Navy and Marine Corps environmental planning\nhttps://t.co/htiC75hA34\n#Govcon'
703316986147766272,2016-02-26 20:33:31,"b""RT @ClearanceJobs: Learn about the many job opportunities with @ManTech. They're our #EmployeroftheWeek: https://t.co/WCgsqTyuUI"""
702525914589040640,2016-02-24 16:10:04,"b'RT @ClearanceJobs: Ready for your next great job? Learn about jobs with our #EmployerOfTheWeek, @ManTech: https://t.co/bYJ9AQItmG'"
701806272094539777,2016-02-22 16:30:28,b'@ManTech is now a proud partner of Carnegie Mellon\xe2\x80\x99s @CyLab!'
701801238980067328,2016-02-22 16:10:28,b'RT @ClearanceJobs: Our #EmployerOfTheWeek is @ManTech. Learn all about their career opportunities here: https://t.co/4gqPvX436R'
701783905754550272,2016-02-22 15:01:36,b'RT @GovConWire: .@ManTech to provide Saudi #F15 technical services under $175M contract\nhttps://t.co/1Y4T6486rM\n#GovCon'
700374098153754624,2016-02-18 17:39:31,"b'RT @GovConWire: .@mantech forecasts profit, earnings bump in 2016 as 2015 EPS figures meet Street outlook. #GovCon https://t.co/kRXcnzBwza'"
699681173837123584,2016-02-16 19:46:05,"b'Learn more about the ManTech hiring event in Stafford, VA, on Saturday, 2/20:  https://t.co/u3Ff4Xo2WL'"
698177641665466368,2016-02-12 16:11:35,b'RT @GovConWire: @ManTech $MANT lands $71millions counter-terrorism support contract\nhttps://t.co/HUPnU4BGej\n#GovCon'
697903043682177026,2016-02-11 22:00:26,"b'RT @ExecutiveBiz: .@ManTech receives $47M @USNavy sub, surface ship test engineering contract\nhttps://t.co/nPfejxv6c1\n#GovCon'"
697503531197190145,2016-02-10 19:32:55,b'RT @CLOmedia: Way to go @ManTech! You\xe2\x80\x99re a 2016 #LearningElite finalist. Join us 4/4 in Amelia Island when winners are announced! https://t\xe2\x80\xa6'
696746591659675649,2016-02-08 17:25:07,"b'RT @ExecutiveGov: Daniel Keefe of @ManTech $MANT chosen to 2016 #Wash100 for IT, engineering leadership. #GovCon https://t.co/6HgFPU1ccg'"
687647001249509376,2016-01-14 14:46:35,b'RT @washingtonexec: .@ManTech Brian McHugh Talks Middle East and his Transition to the Private Sector | Read the interview: https://t.co/qZ\xe2\x80\xa6'
686921724110204928,2016-01-12 14:44:36,"b'RT @GovConWire: .@DeptofDefense taps @ManTech $MANT to support defense, IC modernization under $200M contract\nhttps://t.co/doYs6Dvvr6\n#GovC\xe2\x80\xa6'"
684115872298962944,2016-01-04 20:55:08,b'RT @govconexecutive: Jose Riojas joins @ManTech mission solutions and services group strategic advisory board\nhttps://t.co/1TmyxjJR9y\n#GovC\xe2\x80\xa6'
682251644424339458,2015-12-30 17:27:22,b'RT @washingtonexec: The Defense Technical Informational Center Awards .@ManTech 5-Year $5 Billion Contract | Find it here: https://t.co/0cs\xe2\x80\xa6'
678970090407272448,2015-12-21 16:07:38,b'RT @ClearanceJobs: Our #EmployerOfTheWeek is @mantech. View their openings here --&gt; https://t.co/hHc85boPqu'
677875801677762560,2015-12-18 15:39:20,b'RT @GovConWire: .@ManTech $MANT secures spot on $5B #DTIC multi-award contract for cyber RDT&amp;E support\nhttps://t.co/2YObyrSzn4\n#GovCon'
676780418826420224,2015-12-15 15:06:40,b'RT @ExecutiveBiz: .@ManTech to help @USArmy modernize its DCGS-A intelligence component\nhttps://t.co/OXIkaYqKMh\n#GovCon'
674631165010124800,2015-12-09 16:46:18,b'RT @AFCEABethesda: Thank you to our premier sponsor for #AFCEAHealthIT Day on 12/15 https://t.co/JsbnBcZFWI @mantech'
672459563363364866,2015-12-03 16:57:08,b'RT @GovConWire: .@ManTech to provide security services for @usairforce programs\nhttps://t.co/dLfJNdoyI3\n#GovCon'
664127302410833920,2015-11-10 17:07:42,b'ManTech Recognized for Multiple Veteran Employment Awards: https://t.co/3gNmX6RmE4'
661204008275681280,2015-11-02 15:31:34,b'RT @ExecutiveBiz: .@ManTech to provide technical services for @USArmy ISR system\nhttps://t.co/Dn8Ii7A81M\n#GovCon'
652150370387398656,2015-10-08 15:55:39,b'DIA Awards @ManTech $6B IDIQ for IT Support to IC: http://t.co/Z5W7a6KjhV'
651757106815725568,2015-10-07 13:52:57,b'RT @GovConWire: .@ManTech receives $250M cyber range contract from @usgsa\nhttp://t.co/k2EY1Zsbvm\n#GovCon'
651756902221787139,2015-10-07 13:52:09,"b""RT @MissionAble: 2015 Employ: ABLE Award is presented to @ManTech for leadership to end disabled veterans' unemployment: http://t.co/CSUiKK\xe2\x80\xa6"""
648931323046952960,2015-09-29 18:44:18,"b'RT @zimandan: Joint forces, @Hortonworks, @ManTech and B23,to deliver advanced cyber security solutions http://t.co/cdaMF0EYwl via @YahooFi\xe2\x80\xa6'"
646405506312077312,2015-09-22 19:27:36,b'Where can you hide at the #AFCEAGlobalID? Stop by the @ManTech camo tent cyber caf\xc3\xa9 to check your email and get online!'
638777136288014337,2015-09-01 18:15:11,"b""RT @ExecutiveBiz: Rick Wagner discusses his first few months in SVP post at @mantech, IC's cloud/big data push in Q&amp;A. #GovCon http://t.co/\xe2\x80\xa6"""
636907154881052673,2015-08-27 14:24:33,b'RT @vectorIT: MT @washingtonexec A need to know for students in the #govcon industry. @londonink @ManTech http://t.co/lWUI86ah7O'
636171313174958080,2015-08-25 13:40:35,b'@ManTech/KCG would like to congratulate 1901 Group for achieving FedRAMP Agency ATO!'
631837445923938304,2015-08-13 14:39:20,b'RT @ExecutiveBiz: .@ManTech subsidiary delivers James Webb Telescope sunshield to @northropgrumman\nhttp://t.co/shEBZEN5Mi\n#GovCon'
629652061567746048,2015-08-07 13:55:24,b'RT @GovConWire: .@USNavy awards @ManTech $174M for unmanned maritime systems support\nhttp://t.co/2biSbqipAP\n#GovCon'
626806711156875264,2015-07-30 17:29:00,"b'RT @GovConWire: .@ManTech lands $278.5M IT, logistics support task order with @DefenseIntel \nhttp://t.co/79JgMxGvHq\n#GovCon'"
622149253348069376,2015-07-17 21:01:55,b'RT @travisWAAY31: Check out what @ManTech is working on at its #Huntsville offices. @WAAYTV http://t.co/weRIDROznC'
621336682919526400,2015-07-15 15:13:03,b'RT @CRN: .@CounterTack Buys @ManTech Cyber Solutions International: http://t.co/45LvHFltjm #cybersecurity http://t.co/mdgW72BJ9V'
610871015036600321,2015-06-16 18:06:14,"b'RT @GovConWire: .@ManTech completes acquisition of @KnowledgeCG in move toward cyber, homeland security markets\nhttp://t.co/MlQUWMx9zo\n#Gov\xe2\x80\xa6'"
608646042922442752,2015-06-10 14:44:59,b'RT @GovConWire: Rick Wagner joins @Mantech as advanced technical solutions unit\xe2\x80\x99s senior VP\nhttp://t.co/ajGhyn7K8a\n#GovCon'
606844574514966528,2015-06-05 15:26:35,b'RT @PVA1946: Paralyzed Veterans of America Announces 2015 Mission: ABLE Awards Honorees: http://t.co/x2HRb1SWk6 @PenskeMoving @BoozAllen @M\xe2\x80\xa6'
606832126324031488,2015-06-05 14:37:07,b'@ManTech to receive ABLE Award from Paralyzed Veterans of America:  http://t.co/rI3h5G36U5'
606487020748324864,2015-06-04 15:45:48,b'We\xe2\x80\x99re thrilled to be featured in Forbes magazine! Take a look at our profile:  http://t.co/4AMGqm6DmX'
605831215615057921,2015-06-02 20:19:52,b'RT @ExecutiveBiz: .@ManTech receives $29M @DHSgov task order contract for systems engineering services\nhttp://t.co/1StqHqAE1S\n#GovCon'
605472809729576960,2015-06-01 20:35:41,"b'RT @TechExpoJobFair: Secure careers in top notch #tech companies, interview with @microsoft @ManTech &amp; @Deloitte on 6/3 in McLean!'"
600690216068853760,2015-05-19 15:51:22,"b'Join @ManTech today, 11-6pm, in Gainesville, VA, to apply for exciting IT opportunities in Fauquier County: http://t.co/T3KhEt3TV2'"
598947513471741953,2015-05-14 20:26:29,b'RT @GovConWire: .@ManTech names Carl Buising as federal health IT unit\xe2\x80\x99s chief medical officer\nhttp://t.co/jLU9HSqdpl\n#GovCon'
594202923493675008,2015-05-01 18:13:11,"b""RT @DCInnoTech: DC Inno Beat 4/30: An @amazon Space Company?, @AlionScience IPO and @ManTech's Big Acquisition: http://t.co/YIx1saItEP"""
593781421841522688,2015-04-30 14:18:17,b'RT @GovConWire: Takisha Schulterbrandt joins @ManTech as VP of health and human services\nhttp://t.co/RnU7lmBlAX\n#GovCon'
593462412470259712,2015-04-29 17:10:39,"b'RT @GovConWire: .@ManTech eyes defense, intelligence expansion with acquisition of @CSC subsidiary #WelkinAssociates\nhttp://t.co/XLtaB2QEw0\xe2\x80\xa6'"
590917276523724801,2015-04-22 16:37:12,"b'RT @TechExpoJobFair: Interview with @ManTech 4/23 in MD. Immediate opportunities for Engineers, Developers, Tech Writers &amp; more! Details: h\xe2\x80\xa6'"
590191021490884608,2015-04-20 16:31:19,b'RT @washingtonexec: .@ManTech Cyber Solutions International Inc. Launches Endpoint Security Software http://t.co/09f9HyNXik'
588024352291037185,2015-04-14 17:01:45,"b'Stop by @ManTech #HIMSS15 Booth #3651 to learn about ManTech Health solutions and meet our new CIO, John Dorman: http://t.co/keFL3sYgFR'"
587669436305408000,2015-04-13 17:31:26,b'RT @CLOmedia: Congratulations No. 34: @ManTech! Gold #LearningElite member #CLOsym'
587669311545876481,2015-04-13 17:30:56,"b""RT @GovConWire: John Dorman joins @ManTech as VP and CIO for the company's federal IT business\nhttp://t.co/fo6pdCXWoy\n#GovCon"""
583300841467195393,2015-04-01 16:12:12,"b'@ManTech showcases Army support at #AUSAglobal Booth 1301 in Huntsville, AL'"
580777932676808704,2015-03-25 17:07:04,b'RT @DataDecisions: Thank you to contributing sponsors @ManTech @precisionlender @progresssw @tricleantech #D4D15 http://t.co/HUO0eq5HEo'
577834557367533569,2015-03-17 14:11:08,b'RT @NASA_OSBP: Congratulations to @NASAJPL #FY14 Large Business Prime Contractor of the Year @ManTech #OSBP #FY14SBIA http://t.co/ovqvOwEaaW'
574958417481170944,2015-03-09 15:42:23,"b""RT @DefGovTech: We'd like to give a huge thanks to @ManTech for being a silver sponsor at next week's @AFCEAHSCExpo show! #AFCEA http://t.c\xe2\x80\xa6"""
555451269549412352,2015-01-14 19:47:57,b'ManTech Names Stephen J. Comber SVP and GM of ManTech Health: http://t.co/tfp7hNRbd4'
553245577027518464,2015-01-08 17:43:19,"b""NASA's James Webb Space Telescope Sunshield is Taking Shape at ManTech's NeXolve Subsidiary: http://t.co/vE08g4ntM0"""
553244773793169408,2015-01-08 17:40:07,"b'RT @GovConWire: Andrew Twomey joins @ManTech as army division SVP, GM\nhttp://t.co/lFEiqx0tNn\n#GovCon'"
545309314072989697,2014-12-17 20:07:26,b'RT @WESTExhibits: Thank you to @ManTech for sponsoring the Cyber Caf\xc3\xa9 at #WEST2015. They will be exhibiting as well at booth 2131! http://t\xe2\x80\xa6'
530111881743441920,2014-11-05 21:38:16,b'RT @ChertoffGroup: Thank you to our #tcgsecurityseries sponsors @Cisco @JuniperNetworks @TripwireInc @DamballaInc @SS8_Inc @cyphort @ManTech'
523113729530265600,2014-10-17 14:10:06,"b'RT @washingtonexec: .@ManTech Chris Bishop Talks the \xe2\x80\x9cNew Normal\xe2\x80\x9d of Business Development Success, Despite Tough Market Trends http://t.co/\xe2\x80\xa6'"
523113669040033792,2014-10-17 14:09:52,"b'RT @GovConWire: @ManTech wins $30M task order under @USNavy SeaPort-e contract for test, evaluation support to #NSWCDahlgren\nhttp://t.co/gL\xe2\x80\xa6'"
519862914715746304,2014-10-08 14:52:32,b'RT @PerScholas: @mantech Mark Shaw gives opening remarks. #PSCyber14'
512334335014604800,2014-09-17 20:16:38,"b'@ManTech joins @PerScholas/partners Oct 8, Developing the Cyber Security Workforce panel:http://t.co/ZorHHP3F1n #PSCyber14 #fixthegap #ncsam'"
512253274054205440,2014-09-17 14:54:32,b'Stop by the @ManTech Cyber Caf\xc3\xa9 for online access at the Biometric Consortium/AFCEA #GlobalIdentitySummit!'
511926976240971777,2014-09-16 17:17:56,b'RT @jkraft4: RT @washingtonexec: @ManTech Wins GSA OASIS Contract - @usgsa announced it ... http://t.co/IYELihWa4p #competitornews'
511601093504417792,2014-09-15 19:43:00,"b'RT @ExecutiveBiz: @ManTech, @saffrontech to offer financial services industry tool against fraudsters\nhttp://t.co/qyxC2VxFpi\n#GovCon'"
509337434828857344,2014-09-09 13:48:02,b'RT @saffrontech: Saffron Partners With @ManTech to Fight #Fraud in the Financial Services Industry http://t.co/2WXk8Vwc12 #cognitivecomputi\xe2\x80\xa6'
509045501212508161,2014-09-08 18:27:59,b'RT @dom1789: - @saffrontech Partners With @ManTech to Fight Fraud in the Financial Services Industry http://t.co/DhqHy1QNNq #bigdataanalyti\xe2\x80\xa6'
497370932303106048,2014-08-07 13:17:25,b'RT @ExecutiveBiz: @ManTech updates Active Defense endpoint anti-malware platform. http://t.co/kjn0IaEoKg #ActiveDefense #mantech #GovCon'
496672097813684224,2014-08-05 15:00:30,"b'RT @GovConWire: @ManTech to provide software, systems engineering support for @USArmy http://t.co/FgKbh4gPNp #Army #DanielKeefe #GovCon'"
496671896482488321,2014-08-05 14:59:42,b'@ManTech awarded $89 million task order to provide support to Army Software Engineering Center:  http://t.co/DcjV1Jjy7U'
482173431111503872,2014-06-26 14:47:59,"b'RT @GovConWire: @ManTech to provide IT systems support for @USNavy ship maintenance, logistics program. #GovCon http://t.co/WEy4iudQZl'"
481434390992797697,2014-06-24 13:51:18,b'Stop by the @ManTech meeting room at #AFCEACyber in Baltimore to take the Cyber Challenge!'
481130901582008321,2014-06-23 17:45:20,b'RT @DefGovTech: #AFCEACyber expo hall opens tomorrow! Hope you are ready to meet exhibitors like @L3IEC @ManTech @layer7 @leidosinc @Napate\xe2\x80\xa6'
472090703422816256,2014-05-29 19:02:49,b'RT @fairfaxchamber: @ManTech completed acquisition of government healthcare contractor 7Delta Inc. for an undisclosed sum http://t.co/jj5Pd\xe2\x80\xa6'
466228900096651264,2014-05-13 14:50:06,"b'At AFCEA JIE14? Visit the @ManTech-sponsored cyber caf\xc3\xa9 to check email, print boarding passes, and more: http://t.co/nUVGVtsAs1  #JIE14'"
463735650878238720,2014-05-06 17:42:49,b'RT @GovConWire: Louis Chabot heads to @mantech to oversee innovation work in the MCIS group. #GovCon http://t.co/geYtRKdHDd'
462241810921054209,2014-05-02 14:46:50,b'RT @ExpoPrez: @washingtonpost #technology #job fair Hyatt #Crystalcity 5/6. Meet @GenDyn_IT @NSA_PAO @ManTech @INTELSAT &amp; more. #retweet #f\xe2\x80\xa6'
461538264588230656,2014-04-30 16:11:11,b'RT @GovConWire: George Pedersen: @mantech makes play into health IT market w/ buy of #7Delta. #GovCon http://t.co/7Kcy5QfvR6'
460817409587552257,2014-04-28 16:26:46,"b'RT @TechExpoJobFair: Stop by TETS Cyber Hiring Event in Columbia, MD on 4/30 &amp; Interview w/ leading employers like @ManTech @NG_Careers @Ta\xe2\x80\xa6'"
458270708033155073,2014-04-21 15:47:05,b'@ManTech ranked in Military Times Best for Vets: Employers 2014: http://t.co/WqYdR0hLBj. See http://t.co/darZ95Dbwm for openings.'
458253808410566657,2014-04-21 14:39:56,"b'@ManTech selected for #BGOV200, @BGOV\xe2\x80\x99s annual look at top 200 federal contractors by agency and purchasing category: http://t.co/Qr38HW86Wh'"
455722556356820992,2014-04-14 15:01:39,"b""ManTech's FBI SOC Customer Wins Prestigious Award for Information Assurance Excellence:  http://t.co/cf7WtadPTY"""
455721628262211585,2014-04-14 14:57:57,b'RT @ExecutiveBiz: @ManTech contract to provide virtual C4ISR training resources for @USNavy personnel. #GovCon http://t.co/5MwKVQ4i88'
444563809634877440,2014-03-14 20:00:46,b'Learn why @HBGary\xe2\x80\x99s Active Defense 1.4 is one of Network World\xe2\x80\x99s products of the week: http://t.co/bcXYPo2BnC'
444520897488363520,2014-03-14 17:10:15,b'RT @govirtuali: @Deloitte and @ManTech attract and retain top talent with MBA tuition reimbursement: http://t.co/H77rsQ2F8K.'
441948187088388096,2014-03-07 14:47:13,"b""Read how ManTech's HBGary subsidiary found Skype-based malware \xe2\x80\x9chiding in plain sight\xe2\x80\x9d on customer's network: http://t.co/Ud66xyBcSH"""
436534367872352256,2014-02-20 16:14:38,b'Visit the @ManTech exhibit at the AUSA Winter Symposium in Huntsville: http://t.co/7D6oGKpo0b'
436163218298638336,2014-02-19 15:39:49,b'RT @GovConWire: George Pedersen: @mantech makes play into DHS market by purchasing Allied Technology Group. #GovCon http://t.co/nBtR3XubGm'
433626105371967488,2014-02-12 15:38:14,"b""RT @GKonGovt: Need to get away during #afcea #west14? No one's going to find you in @mantech's camo cyber cafe http://t.co/0r2toXNH7b"""
433275714016931840,2014-02-11 16:25:54,"b'RT @GovConWire: Bonnie Cook, 25-year @mantech vet, promoted to MSS group EVP post. #GovCon http://t.co/BOEuM2Dm1y'"
430741932361650176,2014-02-04 16:37:34,"b'RT @ExecutiveBiz: @ManTech opens integration center in Charleston, S.C., for defense and homeland security clients. #GovCon http://t.co/yNH\xe2\x80\xa6'"
429318165362143233,2014-01-31 18:20:01,"b'RT @ExecutiveBiz: @ManTech to provide test range range, sustainability services to @USNavy. #GovCon http://t.co/N33jrCGjg8'"
427848667446665216,2014-01-27 17:00:46,"b'Excited to announce that the #100KJobsMission hit its initial goal of hiring 100,000 veterans. On to 100,000 more:  http://t.co/OPq9wo1kcI'"
423866383651577856,2014-01-16 17:16:35,"b'@ManTech featured on Pentagon Channel: http://t.co/OiNnwRF6t6. For more on ManTech careers, go to http://t.co/QelTReRTr2.'"
421739753864982528,2014-01-10 20:26:07,b'RT @ExecutiveBiz: @ManTech subisidiary @HBGary releases updated version of Responder Pro anti-malware tool #GovCon http://t.co/LJHxAXMypk'
421297004279791617,2014-01-09 15:06:47,b'RT @TechExpoJobFair: ATTN #Polygraph #Cleared #Candidates : #Interview 1/15 in VA @ TECHEXPOs Poly Only Hiring Event w/ @KnowledgeLink @Man\xe2\x80\xa6'
419166875894185984,2014-01-03 18:02:25,b'RT @GovConWire: 18-year federal consulting vet Chris Bishop heads to @mantech as mission systems group sales SVP. #GovCon http://t.co/HEd8n\xe2\x80\xa6'
415211701458706432,2013-12-23 20:05:58,"b'RT @CommonCenser: How local cos., including @BAESystemsInc, @CACIIntl, @ManTech, @SAICinc, @leidosinc gave to charity in 2013: http://t.co/\xe2\x80\xa6'"
415169830099386368,2013-12-23 17:19:35,b'@ManTech featured in Baltimore Sun jobs recovery article:  http://t.co/rtGw09uvti'
415169352921792513,2013-12-23 17:17:41,b'@ManTech featured in Washington Post 200:  http://t.co/TRd5mTsuVe'
414103500839473153,2013-12-20 18:42:22,"b'RT @GovConWire: Yvonne Vervaet to lead business development at @mantech cyber, intell group. #GovCon http://t.co/fyItFNh4Z4'"
414103446451924992,2013-12-20 18:42:09,"b'RT @ExecutiveBiz: Bill Varner: @mantech opens Aurora, Colo. office to build cloud platforms. #GovCon http://t.co/0ZzDdQMVOa'"
412615052400021504,2013-12-16 16:07:49,"b""RT @CommonCenser: Also in Monday's Post 200: @ManTech, @CACIIntl, @boozallen, @FinmeccanicaUK, @deltek, @qinetiqnortham, @ATK, @keyw, @maxi\xe2\x80\xa6"""
411139501206274048,2013-12-12 14:24:30,"b'RT @nyupoly: @BoozAllen  and @ManTech join NYU\xe2\x80\x93Poly Enterprise Learning, enabling worldwide employees to earn master\xe2\x80\x99s degrees. http://t.co\xe2\x80\xa6'"
410439927588192257,2013-12-10 16:04:39,"b'RT @RainmakerLtd: Paul Gentile named SVP, Cyber Solutions BU at @ManTech http://t.co/r4vwdAVHzF'"
408249351170162690,2013-12-04 15:00:04,b'RT @HiringAmericaTV: The preview for our next show is here! Check your local listings for the Pentagon Channel http://t.co/3p2IIyrHPz @JNJN\xe2\x80\xa6'
407944242754228224,2013-12-03 18:47:41,b'RT @HiringAmericaTV: Nearly half of @ManTech employees are military #veterans!  Hear about more opportunities with this company on our show\xe2\x80\xa6'
405713473348591616,2013-11-27 15:03:24,b'RT @WashBizOnline: .@ManTech promotes senior VP to COO slot: http://t.co/aMwU2We8Lf'
405713445183832064,2013-11-27 15:03:17,"b'RT @GovConWire: New @ManTech MCIS Group EVP, COO Chris Goodrich to oversee operations. #GovCon http://t.co/oG2QZqDu7F'"
402448488824582144,2013-11-18 14:49:31,b'RT @mkt_connections: FedConnects: @ManTech Wins $24 Million Option to Support Naval Air System Command - Congrats!  http://t.co/fY0bUKBrJT'
401026683291324417,2013-11-14 16:39:46,b'@ManTech ranked 5th on #Military Friendly Employer list: http://t.co/A89xIkRVz6'
399995453326258176,2013-11-11 20:22:02,"b'RT @WashBizOnline: .@ManTech, @BoozAllen among 8 #DC firms on top 100 #Military Friendly Employers list: http://t.co/OSHBPnTHwy'"
395596925074178049,2013-10-30 17:03:51,b'RT @GovConWire: @mantech wins seven-year Navy contract to help prepare military readiness documents. #GovCon http://t.co/HVRur0hxJT'
393774719117590528,2013-10-25 16:23:03,"b'RT @GovConWire: @mantech to continue helping the @usnavy diagnose, evaluate aircraft system safety. #GovCon http://t.co/cPTB2HgE6u'"
393774648250601472,2013-10-25 16:22:46,"b""RT @HBGary: Tips from @ManTech's Ken Silva on incident response plans in light U.S. #cyberattack drill: http://t.co/Knb73bS34y via @rwester\xe2\x80\xa6"""
392740166101921792,2013-10-22 19:52:07,"b'100,000 Jobs Mission announces 92,869 US military veterans hired through Q3 2013: http://t.co/IU8bcRhM7o #100KJobsMission #ManTech #Veterans'"
391223011782967296,2013-10-18 15:23:29,"b'RT @UMUC: Cybersecurity experts from @ManTech @Verizon and @HP answer the question, ""Who are cyber attackers?"" http://t.co/qZZOEkmcL4'"
389830189846659073,2013-10-14 19:08:54,b'RT @TechExpoJobFair: @ManTech is hiring for #budget #analyst TECHEXPO POLY ONLY Hiring Event 10/17 in VA! Registration click here: http://t\xe2\x80\xa6'
383607774565126144,2013-09-27 15:03:15,b'RT @ClearedJobsNet: @ManTech jobs 10/1 #ClearedJobFair #security clearance #CNO #adjudicator\nhttp://t.co/fFbZ1UMnEi'
381080773509804033,2013-09-20 15:41:51,"b'RT @ExecutiveBiz: Jim Flynn: @northropgrumman, @mantech subsidiary move forward on Webb Telescope sunshield. #GovCon http://t.co/pDQ1ZZEHit'"
380744936905515008,2013-09-19 17:27:21,"b'Northrop Grumman and NeXolve, a subsidiary of @ManTech, complete manufacturing of template layers for NASA\xe2\x80\x99s Webb Telescope sunshield:...'"
380370562671198209,2013-09-18 16:39:43,"b""RT @DefGovTech: Network with colleagues and exhibitors during lunch today 12-1:30! Here's a few exhibitors to meet @speechpro_ru @STOPSO @M\xe2\x80\xa6"""
378157032454750208,2013-09-12 14:03:57,"b""RT @INSAlliance: Thank you to our sponsor @ManTech for providing this morning's breakfast at the #INSASummit!"""
378157018525495296,2013-09-12 14:03:53,"b'RT @WashBizOnline: .@ManTech to support war fighting, manpower for U.S. #Navy: http://t.co/T2pf6SJQSl'"
377865704240054272,2013-09-11 18:46:18,b'RT @TechExpoJobFair: Interview w/ @ManTech @ TECHEXPO MD Hiring Event 9/17! Click here to view open positions: http://t.co/117zYA8aoV'
377865664792653824,2013-09-11 18:46:09,b'RT @washingtonexec: .@ManTech Wins $49.2 Million ID/IQ Contract from the U.S. Navy http://t.co/C2LmOt9TYZ'
376035637901938688,2013-09-06 17:34:17,"b""RT @TechExpoJobFair: Interview w/ @ManTech @Phacil_Inc @TechUSAGovSol @ TECHEXPO's VA Hiring Event on 9/10! Click to register now: http://t\xe2\x80\xa6"""
374935146396676097,2013-09-03 16:41:19,b'RT @mobizent: RT @biometricexpo: Connect with @ManTech @mobizent @northropgrumman @scansys @SmallPondDna this year at #BCC13! View the full\xe2\x80\xa6'
372813058244358144,2013-08-28 20:08:54,b'RT @DefGovTech: Connect with @ManTech @mobizent @northropgrumman @scansys @SmallPondDna this year at #BCC13! View the full exh list http://\xe2\x80\xa6'
372411210370928640,2013-08-27 17:32:06,b'RT @mkt_connections: FedConnects: ManTech Awarded DHS Cybersecurity Contract @ManTech Congrats! http://t.co/lvRBJ2dMGJ'
364842564773752832,2013-08-06 20:17:00,"b'RT @TechExpoJobFair: TECHEXPO Poly Only Hiring Event Aug. 14 in McLean, VA! Interview w/ @ManTech @NJVC @ogsystems @unisyscorp ! Details: h\xe2\x80\xa6'"
361888557960404992,2013-07-29 16:38:50,"b'BoozAllen, @ManTech, and Noblis win $236M DHS R&amp;D support IDIQ: http://t.co/RKbe018NGf'"
357907181662138368,2013-07-18 16:58:16,"b""RT @ctuniversity: The opening keynote is led by Don Reynolds of @ManTech - he'll be discussing #business success and #career fulfillment. #\xe2\x80\xa6"""
354635618678087681,2013-07-09 16:18:14,b'RT @CivilianJobscom: Congratulations to @ManTech for being recognized as a #2013MVE ; #military #employer #veteran'
354329269503135745,2013-07-08 20:00:55,"b""RT @washingtonexec: .@ManTech Awarded $16 Million IT Contract by DOJ's Civil Division http://t.co/VahZsQFyP7"""
352488549192433664,2013-07-03 18:06:33,b'RT @GovConWire: Bill Varner: @mantech wins contract to help DOJ civil division run IT enterprise. #GovCon http://t.co/EYuKPWzPKu'
351756219880456193,2013-07-01 17:36:32,b'RT @GuelphChamber: @Mantech receives @GuelphChamber small business of the year award'
340518783791792128,2013-05-31 17:22:59,"b'Ken Silva, ManTech\xe2\x80\x99s senior vice president of cybersecurity, talks cyber \nInnovations in both the public and private sectors:...'"
337227367657377792,2013-05-22 15:24:04,"b'RT @TechExpoJobFair: Interview face 2 face w/ @ManTech on May 22nd @ TETS Hiring Event in McLean, VA! Click here for more info: http://t.co\xe2\x80\xa6'"
336584050993139714,2013-05-20 20:47:45,"b'RT @TechExpoJobFair: Interview face 2 face w/ @ManTech on May 22nd @ TETS Hiring Event in McLean, VA! Click here for more info: http://t.co\xe2\x80\xa6'"
336583964636614658,2013-05-20 20:47:25,"b'RT @TechExpoJobFair: @ManTech interviewing at TETS Hiring Event in Baltimore, MD 5/21! Click here 2 pre-register and interview! http://t.co\xe2\x80\xa6'"
334052557087457280,2013-05-13 21:08:30,"b'RT @TechExpoJobFair: @ManTech interviewing at TETS Hiring Event in Baltimore, MD 5/21! Click here 2 pre-register and interview! http://t.co\xe2\x80\xa6'"
331826170813370368,2013-05-07 17:41:38,"b'ManTech will be at the Cleared Jobs Fair tomorrow at the DoubleTree hotel in Arlington, VA\nhttp://t.co/pZRlduH2EA'"
330039164605173760,2013-05-02 19:20:43,b'RT @HBGary: ManTech Announces Financial Results for First Quarter of 2013\n\nhttp://t.co/NqFgECOF1U | via @ManTech'
329611588757770240,2013-05-01 15:01:41,"b'100,000 Jobs Mission announce 64,628 U.S. military veterans hired through Q1 2013 http://t.co/R5xfjctGfa'"
329340022480314369,2013-04-30 21:02:34,"b""http://t.co/6C7wPVljjl  has named ManTech one of the country's Most Valuable Employers (MVE) for Military in 2013. http://t.co/xdnxFi2MPq"""
328878160856895491,2013-04-29 14:27:18,"b""http://t.co/6C7wPVljjl has named ManTech one of the country's Most Valuable Employers (MVE) for Military in 2013. http://t.co/xdnxFi2MPq"""
326443937302716417,2013-04-22 21:14:34,b'RT @mkt_connections: FedConnects:  ManTech Wins $96M Contract to Support Customs and Border Protection Congrats! @ManTech http://t.co/6OlOB\xe2\x80\xa6'
324908684725587968,2013-04-18 15:34:01,"b'RT @AFCEADC: @ManTech Employee Tom Hart, nominated awarded as DC AFCEAn of the month #afceadc #cisocyber http://t.co/zu4GYrCnsc'"
324907314240966657,2013-04-18 15:28:34,"b'RT @GovConWire: Daniel Keefe: @mantech to train CBP to use IT systems, equipment for securing borders. #GovCon http://t.co/WYBXIoGOQF'"
324906128561557504,2013-04-18 15:23:52,b'ManTech awarded $96 Million to provide information and enforcement training services for CBP http://t.co/J59eVyE1Jn'
322348412508975104,2013-04-11 14:00:25,"b'RT @TechExpoJobFair: @ManTech hiring #developers, #programmers, #engineers TETS #Polygraph Only Hiring Event 4/17 in Baltimore! Click he ...'"
321363677599113216,2013-04-08 20:47:26,"b'RT @HBGary: @ManTech Ken Silva interviewed in @CSOonline piece: APT attackers getting more evasive, even more persistent http://t.co/SVZ ...'"
319454873085157376,2013-04-03 14:22:31,"b'RT @TechExpoJobFair: @ManTech hiring #developers, #programmers, #engineers TETS #Polygraph Only Hiring Event 4/17 in Baltimore! Click he ...'"
317647912572162049,2013-03-29 14:42:18,"b'RT @TechExpoJobFair: @ManTech hiring #developers, #programmers, #engineers TETS #Polygraph Only Hiring Event 4/17 in Baltimore! Click he ...'"
314421055567564801,2013-03-20 16:59:55,b'RT @HBGary: @ManTech Director of Research/Development discusses ever-evolving malware landscape that makes detection challenging: http:/ ...'
314407802414174208,2013-03-20 16:07:16,b'Looking for a career? #100KJobsMission hiring event in Dallas on 4/11.  \nhttp://t.co/DzpYGUZi6P'
314109279424638976,2013-03-19 20:21:02,"b'RT @ClearanceJobs: Considering a job in cyber? Check out how @Mantech defines #cybersecurity, and what it takes to be successful: http:/ ...'"
311207736450891776,2013-03-11 20:11:20,b'RT @ClearanceJobs: How to get hired in #cyber: Making the cut @ManTech http://t.co/F1ZtMGqQja'
307126483401445377,2013-02-28 13:53:54,b'RT @HBGary: @ManTech Ken Silva @CNBC interview about new @HBGary survey focused on investor attitudes about cyberattacks http://t.co/KgZ ...'
306796299775254528,2013-02-27 16:01:52,b'RT @ClearedJobsNet: @ManTech see you at the March 7 #ClearedJobFair!\nhttp://t.co/VDbuSrauYc clearance'
306087459652005889,2013-02-25 17:05:11,b'RT @ExecutiveBiz: COO Bill Varner and CEO George Pederson: @ManTech will continue to build its technical workforce #govcon http://t.co/1 ...'
304275313137942530,2013-02-20 17:04:22,"b'RT @HBGary: Guest Blogger @ManTech Security Operations Center Chief: Be Alert, Be Watchful, Be Vigilant #spearphishing #malware http://t ...'"
304241496935260160,2013-02-20 14:50:00,b'ManTech Names Brian McHugh Vice President of Program Development and Risk Management http://t.co/iXDvahQa'
303590751508516864,2013-02-18 19:44:10,b'RT @CyberEdu_UMD: @UofMaryland and @ManTech Announce Partnership for Advanced Cybersecurity Research! http://t.co/6sbloM1d @CollegeParkM ...'
298814212103348224,2013-02-05 15:23:54,b'RT @ClearedJobsVA: Jobs from @ManTech at the 2/7 #ClearedJobFair \n http://t.co/vQoIbwBm   #security clearance #PM #cyber #C# #Citrix'
297047778633326592,2013-01-31 18:24:43,b'RT @ClearedJobsNet: Jobs from @ManTech at the 2/7 #ClearedJobFair \n http://t.co/FCq1O9lJ   #security clearance #PM #cyber #C# #Citrix'
296723302884442112,2013-01-30 20:55:22,b'RT @ClearedJobsNJ: @ManTech see you at the Feb 7 #ClearedJobFair!\nhttp://t.co/oEeAEqUu'
296014983924432896,2013-01-28 22:00:46,b'RT @mkt_connections: FedConnects:  ManTech Wins Counterterror Contract Worth up to $33.5 Million Congrats! @ManTech http://t.co/bDacoGWQ'
294162947889037312,2013-01-23 19:21:26,b'RT @FairfaxEBird: .@Mantech lands $33.5M anti-terrorism contract-- via @washbizonline. \nhttp://t.co/ji1lpPSn'
294150418391498752,2013-01-23 18:31:39,"b'Proud to support the 100,000 Jobs Mission http://t.co/znGE4vwm http://t.co/6a8CQ09y'"
292327943097688064,2013-01-18 17:49:47,b'RT @GovConWire: Terry Ryan: @mantech to continue supporting Pentagon combating terrorism office. #GovCon http://t.co/nZoi52NA'
292302844130893827,2013-01-18 16:10:03,b'ManTech awarded $33.5 Million to provide advisory and assistance support for the CTTSO http://t.co/Z7l9NEAp'
291667397356699648,2013-01-16 22:05:01,"b'RT @TechExpoJobFair: Interview with @ManTech tomorrow in Baltimore, MD only at #TECHEXPO! Register &amp; search #jobs at http://t.co/7BX ...'"
291297527070871552,2013-01-15 21:35:17,"b'RT @washingtonexec: New Post: @ManTech Acquires ALTA Systems, Inc. http://t.co/Ps3lgnUD'"
289501583761354752,2013-01-10 22:38:50,b'RT @CommonCenser: .@ManTech picks up Fairfax-based healthcare IT company ALTA Systems: http://t.co/1cQROdwX'
286572271118721024,2013-01-02 20:38:48,b'RT @HBGary: Maintain an open &amp; articulate dialogue with executive leadership to gain flexibility in funding #cybersecurity http://t. ...'
286518028802338817,2013-01-02 17:03:15,b'RT @HBGary: New Guest Blogger @ManTech Sr. VP/GM Eric Eifert: TTPs from the Frontlines #APT #DFIR #cybersecurity http://t.co/AMmrzVLF'
284046813852483584,2012-12-26 21:23:32,"b'RT @CommonCenser: Our list of giving highlights includes @LockheedMartin, @Saicinc, @Soteradefense, @ManTech, @Tascinc, @boozallen: http ...'"
281778322113978369,2012-12-20 15:09:21,b'ManTech awarded $69 Million task order http://t.co/k1dfHIRq'
274590351635922944,2012-11-30 19:06:56,b'RT @ExecutiveBiz: Louis Addeo: @mantech JV to work with Marine Corps lab that helps develop future tech. #GovCon http://t.co/MrN1R3YG'
274535102145499136,2012-11-30 15:27:23,b'ManTech joint venture awarded $23 Million contract to support the Marine Corps Warfighting Laboratory http://t.co/Jo8ZWKiB'
273079691840192513,2012-11-26 15:04:06,b'RT @GovConWire: Louis Addeo: @ManTech wins prime position on $7B @USArmy software engineering support contract #govcon http://t.co/59eunGUY'
272080899355582466,2012-11-23 20:55:16,b'RT @HBGary: Congratulations @ManTech! http://t.co/iwHuidSo ManTech Awarded Contract to Provide Software &amp; Systems Engineering Servic ...'
272004750898249728,2012-11-23 15:52:40,b'RT @DefenceTech_Mag: .@USArmy contracts @ManTech for software &amp; systems engineering services http://t.co/bBWNLJRB #army #news'
271335478895190016,2012-11-21 19:33:13,"b""ManTech awarded contract to provide software and systems engineering services to U.S. Army's CECOM LCMC http://t.co/107L1xvo"""
271267047806226432,2012-11-21 15:01:18,b'RT @ExecutiveBiz: @ManTech receives $10M @USMarineCorps delivery order for #MRAP instructors #govcon http://t.co/kvM1PBJM'
268808829339324417,2012-11-14 20:13:13,b'RT @TechExpoJobFair: Looking for a career at @ManTech? Interview with their team today at #TECHEXPO Baltimore! 1PM-6PM at the BWI Marrio ...'
268378193520635904,2012-11-13 15:42:02,"b""RT @washingtonexec: New Post: @ManTech named 2013's Top 100 Military Friendly Employer by #G.I. jobs http://t.co/V5zMWNjh"""
267006951349694464,2012-11-09 20:53:12,b'ManTech named top 100 military friendly employer\xc2\xae by G.I. Jobs\nhttp://t.co/BipWHpcw'
267004876784025600,2012-11-09 20:44:57,b'RT @ClearedJobsNet: #FF More Best Recruiters @ManTech @MetroStarSystem @LockheedMartin @MissionEPJobs @NorthropGrumman @SAIC_Jobs http:/ ...'
266673398611066880,2012-11-08 22:47:47,b'RT @HBGary: Congratulations @ManTech! RT @EON_Government: ManTech Named Top 100 Military Friendly Employer\xc2\xae by G.I. Jobs http://t.co/lOG ...'
266599511596601344,2012-11-08 17:54:11,b'RT @ClearedJobsNet: Congrats to more of our 2012 #Best Recruiters @EngilityCorp @LockheedMartin @ManTech @MetroStarSystem http://t.co/XB ...'
265904434704424960,2012-11-06 19:52:12,b'RT @washingtonexec: New Post: @ManTech wins $9M contract from #DHS http://t.co/MA1SeHl6'
265904391289200640,2012-11-06 19:52:01,b'RT @ExecutiveBiz: Terry Ryan: @mantech team to continue work on Tricare EHR system for soldiers in theater. #GovCon http://t.co/44SGRHMg'
265825894650753024,2012-11-06 14:40:06,b'ManTech awarded $20.5 million to support AHLTA-T for the DoD\nhttp://t.co/J54YMYuh'
265513299729326080,2012-11-05 17:57:58,b'RT @ExecutiveBiz: Terry Ryan: @mantech to work with CBP in transitioning new technologies. #GovCon http://t.co/FMA9yDah'
265479244161888256,2012-11-05 15:42:38,b'ManTech awarded $9 million to continue supporting CBP \nhttp://t.co/S1qO8tCu'
258933157800325120,2012-10-18 14:10:50,b'ManTech awarded $34 Million to support U.S. Army\xe2\x80\x99s Guardrail Family-of-Systems http://t.co/UuicxKr6'
258628962761187328,2012-10-17 18:02:04,b'ManTech awarded $45 million to support DCGS-A http://t.co/BnqFi4NI'
258584022807101440,2012-10-17 15:03:29,b'ManTech/FLUOR LLC awarded EAGLE http://t.co/peHrS1os'
258305482035433472,2012-10-16 20:36:40,"b'Click http://t.co/TQFrEFKK to learn how ManTech is supporting the 100,000 Jobs Mission'"
255379337870733312,2012-10-08 18:49:13,b'Discover your opportunities with ManTech.  http://t.co/wDqoamid http://t.co/WrhHTCub'
255377174985596929,2012-10-08 18:40:37,b'@koset thanks for the #FF!!!'
254325795470839809,2012-10-05 21:02:49,b'Did you know?  http://t.co/vmZmWzMX'
251365063930294272,2012-09-27 16:57:56,"b'Join us in the Race to Rid SIDS 5K Run/Walk &amp; 1K Little Angels Fun Run on Oct. 13 in Herndon, VA. http://t.co/4NApB7eU'"
248801076558589954,2012-09-20 15:09:33,b'RT @aockeysolutions: Thanx to all who tuned into the GWAC &amp; IDIQ Best practices webinar! Presentations &amp;  the recording will be  ...'
248797690819919873,2012-09-20 14:56:06,"b'ManTech Schedules Third Quarter Fiscal Year 2012 Earnings Release and Conference Call for Nov. 1, 2012.  http://t.co/1C2AvtjB'"
246720495574192129,2012-09-14 21:22:04,"b'ManTech Names Fleetwood Lilley Vice President of Contracts of its Mission, Cyber, and Intelligence Solutions Group\nhttp://t.co/QVv7Twiv'"
245555032550940672,2012-09-11 16:10:56,b'ManTech Awarded Contract to Provide Security Engineering Support Services in the National Capital Region http://t.co/c8gmBDYE'
243408065704108034,2012-09-05 17:59:39,b'We are one of the first companies to be V3 certified!\n\nhttp://t.co/rj5mUrsH'
243380112207269888,2012-09-05 16:08:35,b'RT @aockeysolutions: GWAC &amp; IDIQ Best Practices to Win More webinar on Sept 19. Hear from experts at @ManTech &amp; @aockeysolutions ...'
241537424080113664,2012-08-31 14:06:24,b'Eric Eifert promoted to Senior Vice President of Cyber Defense Solutions\n\nhttp://t.co/mq3JJl61'
240833129961623554,2012-08-29 15:27:47,"b""Awarded $30 Million to Support U.S. Marine Corps' Cougar Family \n\nhttp://t.co/lkGirVd5"""
237944212023296000,2012-08-21 16:08:15,"b'RT @LBCareerCenter: Can\xe2\x80\x99t make the 100,000 Jobs Mission Hiring Event in Bethesda on Aug. 25? Attend the 100,000 Jobs Mission Virtual...  ...'"
237607043526184960,2012-08-20 17:48:28,"b""RT @HBGaryPR: If you're at #GFIRST in #ATL, be sure to stop by ManTech booth #44 and view live #HBGary demos!"""
236563447763058689,2012-08-17 20:41:35,"b'Did you miss us at the 100,000 Jobs Mission hiring event in Chicago? Join us at the next event on August 25th.\n\nhttp://t.co/ql5MjUbR'"
236102207374766080,2012-08-16 14:08:47,b'CIO magazine honors ManTech for technology innovation.  \nhttp://t.co/GWXShE9G'
234031225122209793,2012-08-10 20:59:26,b'Helping uncover the mysteries of Mars \nhttp://t.co/1LaOP0Cn'
220565546754781184,2012-07-04 17:11:38,b'Happy Independence Day America.  Saluting those who keep our nation safe and free.'
217355169439031296,2012-06-25 20:34:45,"b""Join us tomorrow at Congressman Moran's Job Hunters Boot Camp!\nhttp://t.co/3WQgwHva"""
208652982072512512,2012-06-01 20:15:22,"b""ManTech Awarded 5-Year Contract with a $2.85 Billion Ceiling to Continue Sustainment of U.S. Military's MRAP Vehicles http://t.co/comMbVqH"""
192277989029978112,2012-04-17 15:46:59,"b'anTech Schedules First Quarter Fiscal Year 2012 Earnings Release and Conference Call for May 3, 2012 http://t.co/prSzRnHt'"
192270871505813504,2012-04-17 15:18:42,b'ManTech Announces Dr. Dean May to Lead Advanced Technology Initiatives for the MCIS Business Group http://t.co/RZurExEX'
190084099430555648,2012-04-11 14:29:15,"b""ManTech's Impressive 10-Year Growth Cited at NASDAQ Closing Bell: http://t.co/jpVn7M8G  View the ceremony video here: http://t.co/OO0Fn1F1"""
189797452851843072,2012-04-10 19:30:13,b'Don\xe2\x80\x99t miss NASDAQ\xe2\x80\x99s closing bell ceremony with ManTech\xe2\x80\x99s Chairman and CEO George J. Pedersen http://t.co/j5hu22ry'
189763542487023616,2012-04-10 17:15:28,b'RT @OptionsProfits: @NASDAQ market site interviewing MANT CEO/CFO #defensespending #acquisitions One of few to pay #dividend relative to ...'
189427630704033792,2012-04-09 19:00:41,"b""ManTech to Ring NASDAQ's Closing Bell Tomorrow.Celebrating 10 yrs on NASDAQ w/ 700% growth & 20 strategic acquisitions.http://ow.ly/aahCZ"""
186918274506829824,2012-04-02 20:49:24,b'ManTech Completes Acquisition of Business of HBGary - Expands cyber security offerings to commercial market http://t.co/BTmJoNJq. #DODIIS'
174521757783433217,2012-02-28 15:50:04,b'ManTech Enhances Cyber Security Solutions with Acquisition of Business of\nHBGary http://t.co/sBDKqrhE'
166546307475963904,2012-02-06 15:38:28,b'Evolvent Awarded Consultant Advisory and Technical Services (CATS) Contract To Provide Support Services to Air Force... http://t.co/00hZNN2g'
164015570340151296,2012-01-30 16:02:13,b'ManTech Awarded $91-Million Task Order to Support NAVAIR Communications Technology http://t.co/amGgqSSz'
162560009077657600,2012-01-26 15:38:21,b'Combating Terrorism Technical Support Office (CTTSO) Awards ManTech $17 Million Contract Extension http://t.co/HVbdYISt'
161835214417571843,2012-01-24 15:38:16,b'ManTech Awarded Position on the United States Government Omnibus Network Enterprise (USG ONE) Vehicle http://t.co/nguASq8X'
161518777022947329,2012-01-23 18:40:51,"b'ManTech Schedules Fourth Quarter Fiscal Year 2011 Earnings Release and Conference Call for February 22, 2012 http://t.co/k1t37xXT'"
159660520650186752,2012-01-18 15:36:49,b'ManTech Names Daniel J. Keefe Executive Vice President and General Manager for Technical Services Group http://t.co/Z7GbULD2'
157486338785034241,2012-01-12 15:37:23,"b""ManTech Awarded $507 Million to Continue Sustainment of U.S.   Military's Mine Resistant Ambush Protected (MRAP) Fam... http://t.co/ZPPd15XA"""
157123554666754050,2012-01-11 15:35:49,b'ManTech Names Mark P. Chadason Senior Vice President Cyber and Security Operations http://t.co/hbvS95Oq'
156764057259622400,2012-01-10 15:47:18,b'ManTech Awarded Contract to Provide Integrated Systems Engineering Support Services to DARPA TTO Office http://t.co/4aW70pnx'
156398991779692544,2012-01-09 15:36:40,b'ManTech Enters the Healthcare IT Market with Acquisition of Evolvent Technologies http://t.co/WPZrVlXO'
146257633983209472,2011-12-12 15:58:31,"b""ManTech Ranked No. 6 on G.I. Jobs' Top Military Friendly Employers(R)   List http://t.co/tMSfppm8"""
145526133092401152,2011-12-10 15:31:48,b'The RSS feed for ManTech International Corporation is currently unavailable. http://t.co/NVJoEpmU'
144892819738341378,2011-12-08 21:35:14,b'ManTech Wins Multiple Task Orders to Support DOJ IT Infrastructure http://t.co/N3HidhMg'
144078520459591680,2011-12-06 15:39:30,b'ManTech Awarded $28 Million Contract to Provide Logistics Support for U.S. Army Improvised Explosive Device Defeat C... http://t.co/UBsty0aB'
139367416210796544,2011-11-23 15:39:16,"b""Women in Defense Honors ManTech's Muge Cody - Leader of MRAP Maintenance Program Cited for Achievements in\r       Su... http://t.co/GqmCK7AW"""
138643386205876224,2011-11-21 15:42:13,b'ManTech Awarded $7 Million Task Order to Provide Cyber Defense   Support to the U.S. Air Force http://t.co/RZoUNwl5'
137601353454329856,2011-11-18 18:41:33,"b'ManTech Names Michael Brogan to Senior Strategy Position - FAIRFAX, Va.--(BUSINESS WIRE)--Nov. 18, 2011--\r       Man... http://t.co/J2DiKQSb'"
136831167436566529,2011-11-16 15:41:07,b'ManTech Completes Acquisition of Worldwide Information Network Systems http://t.co/9kxK3HKh'
134294468726763520,2011-11-09 15:41:11,"b""ManTech Awarded $26 Million Task Order to Support Naval Surface   Warfare Center Carderock Division's Signatures Dir... http://t.co/Nq2ND1A5"""
133977391440723968,2011-11-08 18:41:13,"b'ManTech Names Ken Silva to Head Cyber Strategy - FAIRFAX, Va., Nov 08, 2011 (BUSINESS WIRE) --ManTech International ... http://t.co/q4SNHW40'"
132481624288927744,2011-11-04 15:37:35,b'ManTech Awarded DHS Contract to Continue Providing Information   Technology Services in Support of the SAFETY Act http://t.co/LEeZ5Dah'
131484532330344450,2011-11-01 21:35:30,b'ManTech Announces Financial Results for Third Quarter of 2011 http://t.co/tb9r8gi9'
129584851631357952,2011-10-27 15:46:50,"b'ManTech to Acquire Worldwide Information Network Systems, Inc. http://t.co/X26KeyVy'"
129222411521503232,2011-10-26 15:46:38,b'ManTech Awarded AMBIANCE Contract by the Department of Defense to  Support Analytic Modernization http://t.co/kBHFFGuc'
124513729504215040,2011-10-13 15:56:01,"b'ManTech Closes New $500 Million Credit Facility - FAIRFAX, Va., Oct 13, 2011 (BUSINESS WIRE) --ManTech International... http://t.co/hqeAYtzr'"
123796396812931072,2011-10-11 16:25:35,b'Hope to see you at the ManTech booth 1065 at #AUSA!  Stop by 4 a fruit smoothie and learn about our innovative technologies and solutions.'
122018556215955457,2011-10-06 18:41:05,"b""ManTech's NeXolve Subsidiary Honored for Work on NASA's James Webb   Space Telescope (JWST) Program http://t.co/HpIcfXmG"""
120886288781029376,2011-10-03 15:41:51,"b'ManTech Schedules Third Quarter Fiscal Year 2011 Earnings Release and   Conference Call for November 1, 2011 http://t.co/xF1nBmf2'"
113412337473552384,2011-09-13 00:43:03,"b'ManTech Dedicates New Aberdeen Facility - Company Expects to Bring 300 to 500 Jobs to Area \r FAIRFAX, Va., Sep 12, 2... http://t.co/UdYUFXt'"
111552403702157313,2011-09-07 21:32:20,"b'Deborah Thurman Appointed to Senior Vice President and Group Deputy,   ManTech Systems Engineering and Advanced Tech... http://t.co/zGxUtTi'"
101767030973280256,2011-08-11 21:28:45,"b'ManTech Awarded Follow-on Contract to Provide Logistics, Analytical   and Program Support Services to the United Sta... http://ow.ly/1ecyRV'"
96331260460408832,2011-07-27 21:28:56,b'ManTech Announces Financial Results for Second Quarter of 2011 http://ow.ly/1dZpus'
89357316675215360,2011-07-08 15:36:59,"b'ManTech Schedules Second Quarter Fiscal Year 2011 Earnings Release  and Conference Call for July 27, 2011 http://ow.ly/1dGQDO'"
80749229911453696,2011-06-14 21:31:31,b'ManTech International Signs on to Army Partnership for Youth Service http://ow.ly/1deQKv'
76309795551985664,2011-06-02 15:30:47,b'ManTech International Continues Work to Maintain Automated Fuel Sites http://ow.ly/1d0Id1'
70239934128209920,2011-05-16 21:31:19,b'ManTech Announces Initiation of Dividend Program - Company declares semi-annual dividend of $0.42 per share \r FAIRFA... http://ow.ly/1cHmtJ'
68338224975716353,2011-05-11 15:34:37,"b""ManTech International Named One of 2011's Most Valuable Employers for   Military Today http://ow.ly/1cBJcz"""
67612892429692928,2011-05-09 15:32:24,b'ManTech International Named Top DC-Area Growth Company for 2010 http://ow.ly/1czeLz'
65800755050856448,2011-05-04 15:31:37,b'ManTech Awarded Contract to Support Development of Solar Energy http://ow.ly/1cu7ZL'
63988760282546177,2011-04-29 15:31:23,"b""Sale of NetWitness Highlights ManTech's Ability to Develop Products http://ow.ly/1cp7cP"""
63354582557917185,2011-04-27 21:31:24,b'ManTech Announces Financial Results for First Quarter of 2011 http://ow.ly/1cncqU'
58598689958146049,2011-04-14 18:33:11,b'ManTech Awarded Contract to Support Executive Office of United States   Attorneys Security Operations Center (SOC) http://ow.ly/1cbzAB'
58190774881353728,2011-04-13 15:32:16,b'ManTech Awarded Contract to Provide Developmental Test and Evaluation   Services to the Office of the Secretary of D... http://ow.ly/1caoez'
54929766247178240,2011-04-04 15:34:11,"b'ManTech Awarded $22.6 Million Task Order to Provide Software   Engineering Services for U.S. Army Intelligence, Surv... http://ow.ly/1c1RYW'"
54293138914820096,2011-04-02 21:24:27,b'RSS Feed Unavailable. - A corresponding RSS feed for your request is not available. http://ow.ly/1c0LL8'
52754047647760384,2011-03-29 15:28:39,b'ManTech Chairman and CEO George J. Pedersen Wins Prestigious Eagle   Award from Federal Computer Week and 1105 Gover... http://ow.ly/1bXKio'
52437226356875264,2011-03-28 18:29:43,b'ManTech Awarded Information Technology Support Services (ITSS-4)   Contract to Provide Support Services to Departmen... http://ow.ly/1bXbe3'
52346346174287873,2011-03-28 12:28:36,"b'ManTech Schedules First Quarter Fiscal Year 2011 Earnings Release and  Conference Call for April 27, 2011 http://ow.ly/1bWZCy'"
49855170959507456,2011-03-21 15:29:33,b'ManTech Names Daniel J. Keefe Senior Vice President for   Strategic Initiatives http://ow.ly/1bRBp4'
40574164104388608,2011-02-24 00:50:09,b'ManTech Announces Financial Results for Fourth Quarter and  Fiscal Year 2010 http://ow.ly/1btmGV'
40433154187599872,2011-02-23 15:29:49,b'ManTech Awarded $6.2 Million Task to Support Counter-Narcotics   Operations in Colombia http://ow.ly/1bsWra'
37171140786917376,2011-02-14 15:27:45,"b'ManTech Acquires TranTech Inc. - Acquisition adds additional information technology, networking and \r       cyber ca... http://ow.ly/1bkq5U'"
35721484970237953,2011-02-10 15:27:20,b'ManTech Chairman and CEO George J. Pedersen Named Federal 100 Winner   by Federal Computer Week http://ow.ly/1bgQu9'
35136395886460928,2011-02-09 00:42:24,b'ManTech Awarded $322 Million Task Order to Provide Field Software and   Systems Engineering Support to U.S. Army http://ow.ly/1bf8ej'
34724855140065280,2011-02-07 21:27:05,"b""ManTech Awarded $488 Million Contract to Sustain U.S. Military's Mine   Resistant Ambush Protected (MRAP) Family of ... http://ow.ly/1bdXjX"""
30286519067480064,2011-01-26 15:30:43,b'ManTech Awarded $45 Million Task Order by Naval Surface Warfare Center http://ow.ly/1b2nWH'
29561456705937408,2011-01-24 15:29:35,b'ManTech Awarded $57 Million Contract by Naval Air Warfare Center   Aircraft Division http://ow.ly/1b0m5s'
28474284418539520,2011-01-21 15:29:33,"b'ManTech Schedules Fourth Quarter and Fiscal Year 2010 Earnings   Release and Conference Call for Feb. 23, 2011 http://ow.ly/1aY36h'"
28111745834811392,2011-01-20 15:28:57,b'ManTech Awarded $9.2 Million Contract to Provide Cyber Security   Services to the Federal Bureau of Investigation http://ow.ly/1aX1a1'
17602288105299968,2010-12-22 15:28:07,b'ManTech Awarded $32 Million Task to Support the National Drug   Intelligence Center http://ow.ly/1az6zl'
13218295842873344,2010-12-10 13:07:41,"b""Cleared technology professionals: Attend ManTech's career event today, 11 a.m. - 4 p.m. at the BWI Marriott. Congressman Dutch..."""
11852031123783680,2010-12-06 18:38:39,"b'Media Advisory: ManTech to Hold Career Open House for Cleared  Technology, Defense and Security Professionals in Mar... http://ow.ly/1aklH1'"
11805122594082818,2010-12-06 15:32:15,b'ManTech Employees and Leadership Donate $100K to Support Injured  Veterans and Help Families in Need http://ow.ly/1akbXr'
6731329639026688,2010-11-22 15:30:48,"b'ManTech to Acquire MTCSC Inc. - Acquisition adds additional C4ISR systems integration and cyber capabilities, access... http://ow.ly/1a6teC'"
4647871794122752,2010-11-16 21:31:53,b'ManTech Names Judith L. Bjornaas Senior Vice President and Deputy   Chief Financial Officer http://ow.ly/1a0wt9'
2757811855425536,2010-11-11 16:21:28,"b'To the 50% of our employees who served and to all U.S. Veterans, ManTech thanks you for your service and sacrifice on this Veterans Day.'"
2472855824506880,2010-11-10 21:29:09,"b""ManTech International Ranked No. 2 on G.I. Jobs' 2011 Military   Friendly Employers List http://ow.ly/19UlhA"""
1667470725226496,2010-11-08 16:08:50,b'ManTech Awarded $24 Million Contract by Naval Air Warfare Center  Aircraft Division http://ow.ly/19RyhA'
29566357635,2010-11-03 12:30:44,b'ManTech Awarded Contract to Provide Technology Services to Federal   Bureau of Investigation http://ow.ly/19Mhe5'
29396660180,2010-11-01 18:43:48,b'ManTech Awarded $68 Million Contract from the U.S. Army to Provide  Cellular Communications Service in Afghanistan http://ow.ly/19KdHF'
28926017102,2010-10-27 21:28:04,b'ManTech Announces Financial Results for Third Quarter of Fiscal Year  2010 http://ow.ly/19FtVt'
28801874113,2010-10-26 15:37:01,"b'ManTech to Exhibit at GEOINT 2010 - FAIRFAX, Va., Oct 26, 2010 (BUSINESS WIRE) -- ManTech International Corporation ... http://ow.ly/19DZSL'"
28701867448,2010-10-25 15:35:35,b'ManTech Awarded Contract with Space and Naval Warfare Systems Command http://ow.ly/19CQks'
27729335386,2010-10-18 12:28:00,b'ManTech Awarded Contract to Provide Comprehensive Global Logistics   Services to the U.S. Army Sustainment Command http://ow.ly/19vmWQ'
27028560936,2010-10-11 12:27:12,b'ManTech Completes Acquisition of QinetiQ Security and Intelligence   Solutions Unit http://ow.ly/19ojBA'
26357077665,2010-10-04 12:27:20,"b'ManTech Awarded $70 Million Contract to Operate Advanced ISR, Battle   Command and Force Protection Systems in Iraq http://ow.ly/19hrNR'"
25989758089,2010-09-30 15:27:57,b'ManTech to Acquire QinetiQ Security and Intelligence Solutions Unit http://ow.ly/19egQT'
25877997497,2010-09-29 12:28:05,"b'ManTech Schedules Third Quarter Fiscal Year 2010 Earnings Release and   Conference Call for October 27, 2010 http://ow.ly/19d8jc'"
24377664415,2010-09-13 12:25:59,"b""ManTech Ranked Among D.C. Metro Area's Largest Employers by Washington   Business Journal http://ow.ly/18Z81Q"""
23232484364,2010-09-07 12:26:02,b'ManTech Names Ralph R. Tuccillo Corporate Vice President of Capture   Management http://ow.ly/18TQoZ'
22533302421,2010-08-30 15:26:07,b'ManTech Awarded $10.8 Million Contract to Support Cyber Security  Operations Center for the U.S. Department of Agric... http://ow.ly/18MRqY'
22009210429,2010-08-24 15:28:20,"b'ManTech Named One of FORTUNE\'S ""100 Fastest-Growing Companies"" http://ow.ly/18HOVT'"
21923708298,2010-08-23 15:50:25,b'ManTech Announces New Senior Management Structure - Current Operating Group Presidents to Have Chief Operating Offic... http://ow.ly/18GRQS'
21586079450,2010-08-19 15:29:13,"b""ManTech Receives $23 Million Contract from DoD's Defense Information   Systems Agency http://ow.ly/18DLBZ"""
21529256923,2010-08-18 23:25:43,"b""ManTech's Bill Varner speaks to Fed News Radio on providing cyber security services for the FBI. Listen: http://ow.ly/2rAWe"""
21323330112,2010-08-16 15:27:55,b'ManTech Awarded $99.5 Million Contract to Support Cyber Security   Services for the Federal Bureau of Investigation http://ow.ly/18AUyz'
20803040286,2010-08-10 15:25:51,"b'ManTech International Corporation Named a ""Best Employer for  Veterans"" by Military Times Edge Magazine http://ow.ly/18vME5'"
19920750170,2010-07-30 16:08:51,b'Dr. J. Scott Goldstein of ManTech International Corporation to Participate in LandWarNet 2010 Industry Panel -- http://bit.ly/9v5bDd'
