Document,Word,TF-IDF
Document 1,scam,0.12629
Document 1,mention,0.12629
Document 1,password,0.12629
Document 1,spam,0.12629
Document 1,user,0.12629
Document 1,safe,0.12629
Document 1,microsoft,0.12629
Document 2,point,0.12629
Document 2,mobilesecurity,0.12629
Document 2,video,0.12629
Document 3,cltc,0.12629
Document 3,future,0.12629
Document 3,whcybercomm,0.12629
Document 3,commission,0.12629
Document 3,research,0.12629
Document 3,host,0.12629
Document 3,weber,0.12629
Document 3,olympics,0.12629
Document 3,spos,0.12629
Document 3,master,0.12629
Document 5,cyberark,0.12629
Document 5,privileged,0.12629
Document 5,credential,0.12629
Document 5,access,0.12629
Document 5,privilege,0.12629
Document 5,free,0.12629
Document 6,insurance,0.12629
Document 6,crash,0.12629
Document 6,course,0.12629
Document 6,interopitx,0.12629
Document 6,bhusa,0.12629
Document 7,digice,0.12629
Document 7,healthcare,0.12629
Document 7,ceificate,0.12629
Document 7,ceificates,0.12629
Document 7,breach,0.12629
Document 7,contact,0.12629
Document 8,foinet,0.12629
Document 8,fabric,0.12629
Document 8,accelerate,0.12629
Document 8,organization,0.12629
Document 9,gemalto,0.12629
Document 9,payment,0.12629
Document 9,card,0.12629
Document 9,contactless,0.12629
Document 9,technology,0.12629
Document 9,bank,0.12629
Document 9,authentication,0.12629
Document 9,latest,0.12629
Document 10,incapsula,0.12629
Document 10,mirai,0.12629
Document 10,site,0.12629
Document 10,bot,0.12629
Document 10,botnet,0.12629
Document 10,performance,0.12629
Document 10,imperva,0.12629
Document 10,webperf,0.12629
Document 11,lifelock,0.12629
Document 11,call,0.12629
Document 11,please,0.12629
Document 11,member,0.12629
Document 11,theft,0.12629
Document 11,happy,0.12629
Document 11,info,0.12629
Document 11,phone,0.12629
Document 11,hear,0.12629
Document 11,frustration,0.12629
Document 12,mantech,0.12629
Document 12,contract,0.12629
Document 12,govcon,0.12629
Document 12,event,0.12629
Document 12,system,0.12629
Document 12,job,0.12629
Document 12,veteran,0.12629
Document 12,military,0.12629
Document 12,task,0.12629
Document 12,order,0.12629
Document 12,list,0.12629
Document 14,nist,0.12629
Document 14,nccoe,0.12629
Document 14,colloquium,0.12629
Document 14,nice,0.12629
Document 14,framework,0.12629
Document 14,trust,0.12629
Document 14,cyberframework,0.12629
Document 14,webcast,0.12629
Document 14,nstic,0.12629
Document 14,strategy,0.12629
Document 15,njccic,0.12629
Document 15,bulletin,0.12629
Document 15,incident,0.12629
Document 15,ale,0.12629
Document 15,njcyber,0.12629
Document 15,advisory,0.12629
Document 16,mostdangeroustown,0.12629
Document 16,raiseourvoices,0.12629
Document 16,crime,0.12629
Document 16,watch,0.12629
Document 17,alto,0.12629
Document 17,palo,0.12629
Document 17,unit,0.12629
Document 17,channel,0.12629
Document 17,trap,0.12629
Document 17,next,0.12629
Document 17,scoop,0.12629
Document 18,proofpoint,0.12629
Document 18,office,0.12629
Document 18,fraud,0.12629
Document 18,compliance,0.12629
Document 18,socialmedia,0.12629
Document 18,dmarc,0.12629
Document 18,visibility,0.12629
Document 18,malicious,0.12629
Document 19,splunk,0.12629
Document 19,splunkconf,0.12629
Document 19,share,0.12629
Document 19,splunker,0.12629
Document 19,customer,0.12629
Document 19,analytics,0.12629
Document 19,devops,0.12629
