security,4931
cybersecurity,4761
infosec,3618
learn,1989
attack,1912
data,1855
threat,1724
ransomware,1584
malware,1580
thanks,1359
chatstc,1323
cyber,1295
symantec,1258
splunk,1234
help,1215
cyberaware,1128
mobile,1123
device,1095
online,1032
ddos,1010
blog,1003
cloud,980
read,915
vulnerability,884
hacker,864
today,856
service,826
business,824
join,806
time,806
check,791
android,784
tip,773
email,766
repo,755
year,729
secure,721
breach,705
webinar,700
update,680
internet,669
ale,660
password,650
incapsula,649
user,638
website,628
week,624
great,612
team,605
cybercrime,592
network,570
identity,566
scam,566
lifelock,564
risk,553
customer,548
best,540
work,539
protect,538
share,534
privacy,534
information,523
protection,519
google,514
latest,511
call,510
account,507
info,482
sorry,473
safe,472
detail,470
point,464
please,460
enterprise,449
issue,448
month,447
happy,446
system,440
site,430
tech,425
watch,418
need,417
healthcare,415
register,414
free,409
video,399
apps,395
talk,394
thing,394
microsoft,392
critical,386
thank,382
company,382
patch,382
hack,381
post,376
target,374
sure,362
look,361
good,357
organization,356
phone,352
number,350
next,348
suppo,343
facebook,341
digital,341
software,339
personal,339
rsac,333
apple,333
news,330
public,328
cyberattacks,325
discus,323
theft,319
member,314
tool,314
reinvent,313
botnet,310
access,309
solution,307
tomorrow,307
computer,297
step,297
code,296
card,296
stop,292
technology,290
hear,289
visit,287
social,286
flaw,285
window,285
release,282
splunkconf,279
wannacry,276
world,276
live,272
potential,272
global,272
claim,271
spam,270
winner,267
digice,264
victim,264
stay,264
address,264
campaign,263
industry,261
prize,257
employee,257
people,257
mobilesecurity,256
file,256
safety,256
future,256
cybercriminals,251
infrastructure,248
question,247
practice,245
prevention,245
event,245
real,245
last,245
way,245
full,238
office,237
available,236
paner,236
send,233
analysis,232
group,232
malicious,232
sma,232
experience,229
credit,228
exploit,227
twitter,227
product,227
open,225
impoant,224
session,222
challenge,221
mirai,220
link,220
application,219
home,217
research,216
resource,215
fraud,214
booth,212
many,210
performance,210
njccic,209
bhusa,208
holiday,207
leader,206
message,206
prevent,205
incident,204
bank,204
researcher,204
sta,202
case,202
trojan,202
show,201
medium,201
ready,201
santagothackedsweeps,200
miss,200
contact,200
multiple,200
trend,199
click,197
authentication,197
state,196
ncsam,195
landscape,194
steal,194
private,191
change,190
cyberattack,189
platform,189
program,189
kid,188
devops,187
family,187
management,186
center,186
life,186
endpoint,185
high,185
career,184
variant,183
strong,183
bot,182
list,181
bulletin,180
vulnerable,180
attacker,179
play,179
recent,178
everyone,177
follow,176
machine,176
easy,175
study,175
chrome,174
criminal,173
intelligence,172
gdpr,171
analytics,170
response,170
insight,168
control,168
guide,167
download,166
feature,163
splunker,161
awareness,161
impact,161
server,160
major,160
problem,159
chance,158
mention,158
profile,158
government,158
school,158
rule,157
fake,157
game,157
ciso,156
store,156
increase,156
defense,155
woman,154
national,153
child,153
pa,152
beware,152
router,152
plan,151
hour,151
welcome,150
friend,150
concern,150
expes,149
cryptocurrency,148
right,148
noon,147
version,147
adobe,147
parent,147
survey,146
mean,146
sign,146
student,145
encryption,145
sector,144
want,144
bitcoin,143
small,143
traffic,141
browser,141
ceificate,140
avoid,140
policy,140
consumer,139
launch,139
content,139
season,138
minute,138
answer,138
order,137
wordpress,137
paners,137
vmworld,136
level,136
test,135
ceificates,134
rise,134
community,134
review,134
name,133
much,133
congrats,132
story,132
imperva,131
sandblast,131
remote,131
repos,131
medical,130
compliance,129
demo,129
meet,129
able,129
first,129
webperf,128
strategy,128
proud,128
detection,128
conference,128
trust,127
itsecurity,126
find,126
banking,126
massive,126
frustration,125
cost,125
common,125
lead,125
operation,124
offer,124
connect,123
cisco,123
source,123
sensitive,123
activity,123
factor,123
financial,122
award,122
biggest,120
market,118
know,118
infographic,118
russian,118
reach,118
antivirus,117
election,116
prediction,116
michael,116
vsec,115
death,115
identitytheft,114
place,114
petya,113
benefit,113
current,113
record,113
pay,113
iphone,113
health,113
mitigation,111
head,111
approach,111
apologize,110
visibility,110
flash,110
page,109
drive,109
spot,109
mobilesec,108
monitoring,108
execution,108
simple,108
intel,107
come,106
everything,106
spectre,105
glad,105
firm,105
hybrid,104
assistance,104
spread,104
apology,104
fuher,104
chief,104
interested,103
someone,103
day,103
word,102
money,102
njcyber,101
scammer,101
hard,101
begin,100
delay,100
awesome,100
wifi,100
type,99
value,99
delivery,99
aware,99
compromise,98
power,98
think,98
reason,98
different,97
crime,97
series,96
director,96
possible,96
innovation,96
vendor,96
role,96
linux,95
understand,95
layer,95
environment,95
ce,95
training,94
summit,94
hope,93
scale,92
annual,92
sale,92
highlight,91
force,91
player,91
amazon,91
second,91
popular,90
payment,90
splunksecurity,89
privacyaware,89
agent,89
webcast,89
june,89
detect,89
location,89
grab,89
deep,88
education,88
integration,88
assist,88
american,88
depament,88
smaphone,88
morning,87
block,87
photo,87
cerber,86
comprehensive,86
interview,86
meltdown,86
advice,86
catch,85
siem,84
hummingbad,84
analyst,84
success,84
break,84
fight,84
fact,84
credential,84
shopping,84
thesmatalk,83
noh,83
healthit,82
technique,82
better,82
corporate,82
virus,82
deal,82
standard,82
capability,81
presentation,81
inconvenience,81
dark,81
rate,81
result,81
create,80
tactic,80
date,80
keep,80
affect,80
thief,80
advisor,80
ransom,80
panership,80
greg,79
weekend,79
care,79
manager,79
boost,79
demand,78
request,78
country,78
travel,77
phishing,77
human,77
culture,76
TRUE,76
infection,76
middle,76
backdoor,76
matter,76
china,76
micro,75
city,75
expe,75
action,75
notification,75
guy,75
tweet,75
clark,74
databreach,74
hospital,74
xgen,73
availability,73
professional,73
area,73
trick,73
responsibility,72
workload,72
host,72
patient,72
secret,72
leak,72
local,72
give,72
safer,72
blockchain,71
priority,71
industrial,71
weekly,71
others,71
energy,71
initiative,71
house,71
collisionconf,70
bigdata,70
panel,70
pro,70
face,70
quick,70
joomla,69
discover,69
size,69
love,69
aicle,69
tonight,69
firefox,69
conversation,69
gift,69
stanford,68
president,68
le,68
folk,68
basic,68
reveals,68
generation,68
congratulation,67
build,67
yesterday,67
explains,67
anyone,67
speed,67
wallet,67
average,67
direct,67
volume,67
vmware,67
line,67
recap,66
uber,66
tune,66
tell,66
paper,66
mozilla,66
engineering,66
lock,66
car,66
firewall,65
agency,65
nation,65
skill,65
friday,65
channel,65
womenintech,64
crypto,64
impoance,64
sddc,64
discussion,64
unique,64
single,64
track,64
technical,64
half,64
cause,64
active,64
keynote,64
summer,64
deployment,63
nice,63
focus,63
official,63
insurance,63
yahoo,63
combat,63
manage,63
provider,63
competition,62
modern,62
cheer,62
wait,62
mining,62
third,62
mark,62
white,62
fall,62
anti,62
text,62
interopitx,61
robot,61
shi,61
onlinesafety,61
connection,61
process,61
bypass,61
asset,61
something,61
speak,61
search,61
developer,61
splunklive,60
episode,60
checkpointmobile,60
early,60
saas,60
guest,60
marketing,60
model,60
bug,60
rsvp,59
actor,59
automation,59
attempt,59
effective,59
client,59
chinese,59
turn,59
russia,59
essential,59
membership,58
podcast,58
equifax,58
leadership,58
ganer,58
chip,58
gain,58
method,58
officer,58
advantage,58
mckinnon,58
log,57
registration,57
become,57
gap,57
viual,57
outage,57
london,57
black,57
hacking,57
history,57
example,57
july,57
secretary,56
excited,56
hold,56
score,56
receive,56
retweet,56
room,56
traditional,56
spotlight,55
core,55
locky,55
speaker,55
visitor,55
staff,55
course,55
view,55
america,55
storage,55
hand,55
fix,55
song,54
macos,54
sponsor,54
asap,54
deliver,54
tuesday,54
april,54
upgrade,54
dangerous,54
comment,54
weak,54
monitor,54
pair,53
nist,53
huge,53
federal,53
enable,53
feedback,53
valuable,53
complex,53
move,53
serious,53
door,53
haiyan,52
engineer,52
cloudsecurity,52
night,52
university,52
oppounity,52
exchange,52
communication,52
default,52
police,52
make,52
physical,52
drone,52
cyberlog,51
sock,51
project,51
advisory,51
stopthinkconnect,51
advanced,51
domain,51
knowledge,51
linkedin,51
habit,51
unknown,51
warns,51
large,51
senior,51
announce,51
enter,51
europe,51
defendthecloud,50
edge,50
framework,50
executive,50
database,50
azure,50
architecture,50
forum,50
document,50
insider,50
prepare,49
acquisition,49
mitm,49
instance,49
west,49
gateway,49
general,49
anything,49
present,49
staed,49
loss,49
myth,49
limit,49
smaphones,49
clean,49
idea,49
screen,49
ecommerce,48
korea,48
evolution,48
protocol,48
hello,48
consider,48
difference,48
hole,48
behavior,48
cybhersquad,47
respond,47
datacenter,47
component,47
highest,47
additional,47
enjoy,47
delete,47
shop,47
lesson,47
monday,47
girl,47
resolve,46
stem,46
root,46
chain,46
complete,46
mind,46
himss,46
chat,46
form,46
oracle,46
october,46
percent,46
scan,46
little,46
aboard,46
stas,46
install,46
simplysecurity,45
proxy,45
collaboration,45
attendee,45
cool,45
flag,45
key,45
development,45
extra,45
auto,45
byod,45
hotel,45
istr,44
district,44
tunnel,44
statement,44
unsecured,44
fast,44
kind,44
special,44
kick,44
driver,44
push,44
worry,44
measure,44
extension,44
itsi,43
cybeips,43
operational,43
field,43
largest,43
january,43
emergency,43
stage,43
moment,43
building,43
teen,43
picture,43
securitythreatrepo,42
shis,42
meeting,42
design,42
stream,42
option,42
excellent,42
cyberwar,42
main,42
gmail,42
suspicious,42
mail,42
hijack,42
explorer,42
australian,42
bigger,42
bill,42
charge,42
light,42
mostdangeroustown,41
girlsgocybersta,41
advance,41
badrabbit,41
style,41
bring,41
workforce,41
teach,41
christmas,41
citizen,41
laptop,41
image,41
take,41
thisweekinnews,40
splunklife,40
dashboard,40
bucket,40
datasecurity,40
individual,40
korean,40
return,40
internal,40
investigation,40
requirement,40
toolkit,40
wireless,40
spring,40
region,40
appliance,40
organisation,40
expose,40
vote,39
fileless,39
guidance,39
college,39
magicquadrant,39
swag,39
cybehreats,39
brand,39
command,39
appreciate,39
disable,39
worm,39
term,39
pleasure,39
mike,39
delivers,39
final,39
attachment,39
depth,39
reminder,39
hidden,39
voice,39
attention,39
cyberwargames,38
blocker,38
kaspersky,38
listen,38
situation,38
india,38
announcement,38
regulation,38
growth,38
vega,38
olympics,38
marketplace,38
topic,38
position,38
magic,38
august,38
paypal,38
fear,38
bounty,38
workplace,38
dinner,37
idtheft,37
long,37
posture,37
compliant,37
trump,37
suite,37
self,37
enforcement,37
least,37
likely,37
responsible,37
careful,37
east,37
backup,37
switch,37
tipoftheday,36
updated,36
oppounities,36
deputy,36
defcon,36
scada,36
cybehreat,36
attend,36
andy,36
pas,36
wild,36
surveillance,36
assessment,36
lot,36
convenience,36
java,36
super,36
hide,36
scanner,36
board,36
australia,36
effos,36
ultimate,36
serverless,35
raiseourvoices,35
hostingcon,35
commerce,35
grid,35
entire,35
book,35
hall,35
interest,35
worker,35
let,35
camera,35
space,35
extoion,35
celebrate,35
worldwide,35
international,35
wrong,35
feel,35
lazarus,34
roundup,34
ganersec,34
damage,34
transformation,34
meetup,34
educational,34
espionage,34
rapid,34
nuclear,34
botnets,34
spyware,34
cybermonday,34
sophisticated,34
apache,34
blue,34
instagram,34
strike,34
specific,34
sound,34
transaction,34
march,34
urge,34
login,34
wave,34
mission,34
choice,34
spending,34
skype,34
xand,33
xdeath,33
algorithm,33
lehi,33
http,33
apply,33
star,33
brian,33
john,33
workshop,33
curious,33
multi,33
dive,33
whitepaper,33
piece,33
class,33
close,33
firmware,33
person,33
cou,33
drop,33
side,33
whatsapp,33
clear,33
journey,33
announces,33
fireglass,32
underground,32
skycure,32
krack,32
submit,32
poal,32
leverage,32
quadrooter,32
engine,32
conf,32
talent,32
ecosystem,32
authority,32
expo,32
successful,32
character,32
reputation,32
price,32
agree,32
easier,32
february,32
leaf,32
reader,32
repoed,32
favorite,32
trouble,32
splunkers,31
cyberespionage,31
idtheftchat,31
persirai,31
saferinternetday,31
chris,31
periscope,31
significant,31
adaptive,31
homeland,31
infinity,31
science,31
error,31
pick,31
higher,31
memory,31
double,31
wish,31
youtube,31
south,31
goal,31
stuff,31
plugin,31
wearable,31
fine,31
isolation,30
preview,30
gra,30
strut,30
perspective,30
theme,30
resiliency,30
mitigate,30
honor,30
town,30
stand,30
miner,30
mobility,30
thursday,30
former,30
owner,30
specialist,30
ability,30
shift,30
hotspot,30
scheme,30
refund,30
assistant,30
samsung,30
fraudulent,30
FALSE,30
danger,30
purchase,30
tuneup,30
awssummit,29
gbps,29
lane,29
jeff,29
johnson,29
cash,29
learning,29
automate,29
efficiency,29
prepared,29
happens,29
vector,29
sneak,29
unauthorized,29
valentine,29
ticket,29
openssl,29
recognition,29
introduces,29
battle,29
adult,29
thought,29
wednesdaywisdom,28
lifelockforgood,28
patience,28
newest,28
consequence,28
dynamic,28
adoption,28
smbs,28
ground,28
touch,28
hint,28
gold,28
helpful,28
storm,28
takeover,28
scene,28
luck,28
raise,28
round,28
worse,28
trial,28
nothing,28
lab,28
fingerprint,28
legacy,28
enough,28
transparency,28
reality,28
crack,28
spammer,28
splunkcloud,27
splunkliveldn,27
dragonfly,27
anycast,27
readiness,27
status,27
reliable,27
rating,27
googlecloud,27
vuln,27
closer,27
script,27
ceification,27
speaking,27
provide,27
stole,27
young,27
bureau,27
staups,27
legitimate,27
orgs,27
deadline,27
wednesday,27
mine,27
safari,27
smaer,27
denial,27
worst,27
alliance,27
resolution,27
cyberspace,27
lack,27
useful,27
get,27
pose,27
gaming,27
bpase,26
fakenews,26
splunkwit,26
cyberinsurance,26
moscow,26
accelerate,26
monero,26
powerful,26
printer,26
governance,26
robe,26
jeremy,26
nonprofit,26
button,26
internship,26
job,26
strengthen,26
disclosure,26
wide,26
maker,26
decrease,26
swift,26
surge,26
effect,26
strategic,26
fantastic,26
write,26
encourage,26
handle,26
table,26
infect,26
copy,26
stronger,26
disaster,26
december,26
configure,26
retail,26
entry,26
late,26
front,26
gang,26
permission,26
road,26
tablet,26
govsummit,25
ethereum,25
shareawesome,25
venture,25
isps,25
magento,25
lounge,25
ukraine,25
military,25
amount,25
offline,25
volunteer,25
presence,25
convention,25
symposium,25
scalable,25
contest,25
perimeter,25
protects,25
treat,25
notpetya,25
javascript,25
offering,25
exclusive,25
capture,25
cisos,25
related,25
hero,25
consideration,25
interesting,25
schedule,25
globe,25
prevalent,25
winter,25
profit,25
govt,25
several,25
vehicle,25
september,25
seminar,25
woh,25
unable,25
rest,25
sho,25
serve,25
cover,25
diversity,25
revolution,25
press,25
roll,25
technj,24
backtoschool,24
female,24
drastic,24
normal,24
staup,24
darkweb,24
finalist,24
giveaway,24
friendly,24
rowley,24
economy,24
cybeip,24
datasheet,24
champion,24
macro,24
peek,24
outbreak,24
subtitle,24
architect,24
magazine,24
calculator,24
confirm,24
confusion,24
fellow,24
wonderful,24
note,24
task,24
recover,24
trip,24
decision,24
european,24
vault,24
injection,24
guideline,24
stick,24
vacation,24
older,24
greene,23
deception,23
newjersey,23
frustrating,23
amazing,23
cecentral,23
tax,23
legal,23
letter,23
operator,23
transpoation,23
grow,23
appropriate,23
adversary,23
language,23
water,23
function,23
exec,23
internetofthings,23
necurs,23
invite,23
recommendation,23
institution,23
shoer,23
zero,23
doc,23
traveler,23
networking,23
corner,23
york,23
poor,23
dollar,23
dozen,23
tackle,23
grand,23
adware,23
baby,23
machinedata,22
spy,22
cumulative,22
wcry,22
erebus,22
njohsp,22
bear,22
hiddencobra,22
html,22
save,22
food,22
collect,22
category,22
administrator,22
budget,22
educate,22
surprise,22
decryption,22
proactive,22
paicipate,22
quadrant,22
theater,22
accurate,22
implement,22
joining,22
daily,22
crook,22
david,22
forget,22
bihday,22
abuse,22
encrypt,22
shopper,22
retailer,22
fail,22
stranger,22
wrap,22
verification,22
unpatched,22
dropbox,22
brief,22
fan,22
scoop,22
sense,22
african,21
processor,21
publicsector,21
securitysummit,21
dataprivacyday,21
complaint,21
distribution,21
israeli,21
ease,21
pacific,21
console,21
competitor,21
introduction,21
analyze,21
discovery,21
remediation,21
founder,21
didyouknow,21
similar,21
shout,21
plug,21
hire,21
afternoon,21
voter,21
wary,21
ipad,21
reveal,21
feed,21
heist,21
guilty,21
positive,21
guess,21
warning,21
aspensecurity,20
splunknews,20
jersey,20
triton,20
ubuntu,20
beginner,20
persistence,20
stagefright,20
starwars,20
war,20
nthanks,20
atm,20
toy,20
race,20
intern,20
michal,20
airpo,20
defender,20
quality,20
pokemongo,20
ethical,20
preventing,20
curve,20
chooses,20
investment,20
vice,20
securitymanagement,20
past,20
googleplay,20
electronic,20
joint,20
majority,20
army,20
allow,20
overview,20
discovers,20
busy,20
boston,20
dead,20
editor,20
webcam,20
couple,20
end,20
desktop,20
min,20
promote,20
street,20
continue,20
barcelona,20
employer,20
introduce,20
battery,20
mainframe,19
arbitrary,19
sierra,19
exploitkit,19
credithealth,19
seat,19
shopsecure,19
recruit,19
webhost,19
escalate,19
deltacharlie,19
author,19
repeat,19
shoemaker,19
shadow,19
crash,19
resilience,19
classification,19
compare,19
planning,19
transition,19
insecure,19
fireball,19
weapon,19
quiz,19
widespread,19
bos,19
kill,19
rock,19
plant,19
cross,19
mistake,19
maintenance,19
receipt,19
suspect,19
kit,19
difficult,19
balance,19
iphones,19
secures,19
promise,19
scary,19
spear,19
explain,19
sony,19
revenue,19
downloads,19
happen,19
biometric,19
flight,19
excellence,19
pawnstorm,18
sponsorship,18
metric,18
machinelearning,18
coat,18
cyberawarenj,18
aim,18
flood,18
topblog,18
awsreinvent,18
github,18
kernel,18
po,18
eternalblue,18
improve,18
nhitweek,18
responsive,18
load,18
train,18
veteran,18
iiot,18
quaer,18
maintain,18
dresscode,18
evaluate,18
colleague,18
crucial,18
understanding,18
francisco,18
migrate,18
custom,18
harder,18
verify,18
solve,18
collection,18
society,18
chaos,18
sheet,18
enhance,18
edition,18
fraudsters,18
fool,18
charity,18
perform,18
movement,18
privilege,18
gadget,18
pwnown,18
blame,18
digitalextoion,17
cyberdefense,17
uiwix,17
unlock,17
xcvb,17
transform,17
eric,17
alexa,17
reverse,17
velocityconf,17
prepares,17
boot,17
iotsecurity,17
everybody,17
integrated,17
sysadmin,17
unit,17
negative,17
accountable,17
passwordday,17
ship,17
path,17
hunt,17
sensor,17
resilient,17
monthly,17
pokemon,17
implementation,17
embrace,17
finance,17
effo,17
pofolio,17
require,17
apis,17
regular,17
infects,17
blast,17
arrest,17
deploy,17
cybercriminal,17
pattern,17
halloween,17
recommend,17
mcafee,17
fancy,17
prison,17
germany,17
remove,17
pain,17
upcoming,17
freeze,17
sunday,17
doubt,17
santa,17
harm,17
anonymous,17
california,17
congress,17
speech,17
glass,17
signal,17
tippingpoint,16
symgovsym,16
defence,16
smacities,16
takeaway,16
sidus,16
political,16
severe,16
redundancy,16
silo,16
protobuf,16
xray,16
mumbai,16
hamilton,16
ass,16
severity,16
weighs,16
slow,16
opening,16
heavy,16
gather,16
range,16
nlearn,16
foundation,16
lockdownurlogin,16
checker,16
evidence,16
recovery,16
shut,16
cell,16
latency,16
jigsaw,16
aspect,16
separate,16
november,16
assault,16
cio,16
choose,16
onestepahead,16
audience,16
integrate,16
shoage,16
tour,16
beautiful,16
suppos,16
guard,16
audio,16
dorit,16
effectiveness,16
license,16
station,16
discount,16
heard,16
contain,16
keyboard,16
hea,16
everyday,16
asia,16
select,16
confirms,16
crowd,16
graphic,16
licence,16
spike,16
nasty,16
outlook,16
checklist,16
cryptolocker,16
celebrity,16
reset,16
strength,16
commercial,16
greater,16
timeline,16
library,16
tmctf,15
africa,15
splunktrust,15
british,15
canadian,15
senate,15
lenovo,15
isi,15
cadet,15
millennials,15
resident,15
pricing,15
headless,15
anytime,15
malwaretech,15
vancouver,15
compete,15
canada,15
notable,15
risky,15
brute,15
showcase,15
greatest,15
kevin,15
intrusion,15
restaurant,15
presidential,15
cautious,15
continuous,15
voluntary,15
legislation,15
vulns,15
datacenters,15
centric,15
period,15
cybersec,15
manufacturer,15
playlist,15
gooligan,15
signature,15
ride,15
beer,15
principle,15
prof,15
nick,15
distribute,15
innovative,15
hybridcloud,15
concept,15
immediate,15
proof,15
sandbox,15
creator,15
fill,15
karma,15
airline,15
practical,15
movie,15
commitment,15
interactive,15
testimonial,15
bundle,15
adopt,15
yikes,15
headline,15
factory,15
print,15
improvement,15
handy,15
newsletter,15
cleaner,15
lunch,15
fewer,15
israel,15
display,15
appleevent,14
shamoon,14
slgs,14
lambda,14
aificialintelligence,14
proudpaners,14
splunkgood,14
judge,14
actionable,14
terrorism,14
incl,14
iranian,14
samsam,14
geraghty,14
puzzle,14
cancel,14
enrollment,14
casb,14
clinton,14
tame,14
zoom,14
itops,14
delhi,14
minification,14
filler,14
freedom,14
biometrics,14
stolen,14
samba,14
wikileaks,14
failure,14
dridex,14
onion,14
validation,14
capacity,14
sent,14
factouesday,14
toolkits,14
connectivity,14
competitive,14
natural,14
behavioral,14
cybersafe,14
dialogue,14
pump,14
guarantee,14
dallas,14
jason,14
supply,14
dataprotection,14
united,14
complexity,14
utility,14
win,14
vision,14
exposure,14
regional,14
unified,14
top,14
surface,14
eastern,14
safeguard,14
peak,14
inspire,14
correct,14
pic,14
savvy,14
persistent,14
admin,14
suit,14
pizza,14
suggestion,14
commission,14
sydney,14
hackable,14
vigilant,14
fresh,14
mac,14
infected,14
operating,14
coverage,14
forward,14
jump,14
currency,14
golden,14
filter,14
previous,14
bogus,14
whitelist,14
express,14
probe,14
inbox,14
aussie,14
notice,14
netflix,14
facial,14
decade,14
gamers,14
collaborative,14
cloudsec,13
hitrust,13
shadowbrokers,13
gchq,13
dockercon,13
explores,13
intelligent,13
western,13
fanj,13
moderate,13
subscribe,13
cyberale,13
gardenstatecybehreathighlights,13
impressive,13
taxpayer,13
boneh,13
shoe,13
xcmonitoure,13
leet,13
uselection,13
emea,13
cryptocurrencies,13
incaprules,13
nanog,13
campus,13
lifecycle,13
skimmer,13
nccoe,13
suffers,13
japan,13
keylogger,13
transit,13
master,13
scott,13
origin,13
counter,13
valley,13
convo,13
calendar,13
smallbiz,13
indicator,13
trade,13
salary,13
