security,4191
cybersecurity,2557
threat,1738
attack,1401
learn,1250
data,1210
infosec,1205
network,1196
email,1151
business,1142
cloud,1080
ransomware,1054
team,1019
today,1018
domain,1010
malware,882
week,858
join,835
online,822
name,780
cyber,756
secure,740
suppo,698
help,679
smallbiz,673
year,672
account,654
time,638
risk,618
service,613
website,611
repo,606
mobile,602
device,602
alto,577
digital,566
solution,563
palo,559
foinet,557
customer,551
great,551
nstic,549
cyberark,544
thanks,541
organization,526
breach,526
tip,520
webinar,517
latest,509
please,496
identity,488
privacy,487
company,465
contact,462
blog,460
check,456
protect,453
need,444
system,440
tech,439
next,434
protection,433
register,421
user,414
attacker,402
work,397
read,391
technology,389
hacker,388
world,385
vulnerability,385
step,379
free,377
tool,374
research,372
proofpoint,367
gemalto,364
social,358
look,358
news,357
assistance,352
best,351
good,351
rsac,349
office,349
event,348
future,345
thing,344
share,342
critical,341
access,340
talk,340
industry,336
internet,336
unit,329
payment,329
credential,323
watch,323
fraud,320
bhusa,317
authentication,315
strategy,315
password,312
people,311
tomorrow,309
challenge,308
control,298
enterprise,298
target,296
wannacry,288
update,282
last,280
endpoint,279
management,269
way,268
click,264
researcher,264
video,263
bank,262
group,261
microsoft,259
gdpr,259
medium,259
defense,258
ready,256
intelligence,256
android,255
detail,255
conference,254
ddos,252
consumer,252
information,252
global,252
trend,250
program,250
compliance,245
want,245
live,242
malicious,240
open,240
visit,236
campaign,233
post,233
discus,233
brand,232
application,232
month,231
issue,231
safe,230
channel,228
healthcare,228
stop,228
show,224
government,224
card,223
pilot,216
registration,216
public,216
available,215
google,213
trust,213
miss,212
financial,212
privileged,211
impact,211
apps,209
question,209
infrastructure,207
environment,207
chatstc,206
leader,206
session,203
award,203
scam,202
many,202
recent,201
visibility,200
exploit,200
insecuritycon,199
verisign,198
info,197
employee,196
prevention,194
thank,194
understand,193
sta,193
full,191
sorry,190
platform,190
fabric,188
infographic,188
prevent,188
sure,188
address,187
machine,187
product,186
practice,186
small,185
software,185
innovation,184
mcafee,181
market,181
patch,180
nist,179
easy,179
site,178
idesg,177
demo,177
mantech,176
meet,176
cybercrime,175
panel,175
connect,172
personal,172
booth,170
reason,170
right,170
approach,169
paner,168
state,167
problem,167
cyberattacks,166
socialmedia,165
story,165
sma,165
paners,164
happy,162
window,161
cltc,161
saas,160
survey,160
hear,159
list,159
center,158
banking,157
insight,157
trojan,156
stay,156
request,155
framework,154
privilege,154
experience,154
frustration,152
webcast,152
biggest,149
cybercriminals,149
cost,148
prediction,148
ciso,147
cyberaware,147
download,146
vendor,146
life,145
pa,145
link,144
stand,144
power,144
code,142
automation,141
guide,141
firm,140
success,140
director,140
high,140
trap,139
symantec,139
human,139
landscape,139
key,137
ecosystem,137
find,137
real,137
devops,136
professional,136
federal,136
review,135
dmarc,134
provider,134
change,134
operation,134
workshop,133
marketing,133
impoant,133
scoop,132
hack,132
comment,131
welcome,131
come,131
victim,130
flaw,130
common,130
interview,129
phone,128
level,128
launch,128
transformation,127
number,127
expes,127
woman,127
accelerate,126
know,126
policy,126
twitter,125
day,125
idea,125
strong,124
botnet,123
ignite,122
record,122
catch,122
home,122
firewall,121
compromise,121
career,121
national,121
keywords,120
history,120
rise,120
congrats,120
role,120
sector,119
spam,118
petya,118
concern,118
facebook,117
brief,116
hour,116
drive,116
release,116
pay,116
resource,116
advanced,116
contactless,115
create,115
gain,115
everyone,115
generation,114
mpower,113
refund,113
traffic,113
vote,113
first,113
technique,113
encryption,113
insider,112
tweet,112
proud,112
major,112
mean,112
confidence,111
demand,111
increase,111
series,111
recap,110
theft,110
bitcoin,110
game,110
humanfactor,108
search,108
presence,108
content,108
feature,108
offer,108
project,108
detection,107
keynote,107
summit,107
money,107
present,107
biometrics,106
page,106
education,106
point,106
follow,105
effective,105
build,104
alliance,104
deployment,104
viual,104
discussion,104
private,104
apple,103
track,103
fake,103
answer,103
nice,103
case,103
file,102
sale,102
dark,102
study,102
phishing,101
analytics,101
chance,101
benefit,101
date,100
second,100
multiple,99
activity,99
lab,99
response,99
russian,99
holiday,99
election,99
plenary,98
discover,98
cryptocurrency,98
analysis,98
engineering,98
face,98
reach,98
message,98
call,98
incident,97
board,96
plan,96
actor,96
cyberattack,96
test,95
factor,95
executive,95
place,94
enable,94
nccoe,92
avoid,92
integration,92
view,92
skill,92
recommendation,92
minute,91
president,91
agency,91
process,91
computer,91
building,91
oppounity,90
average,90
perfect,90
secret,89
vulnerable,89
newmcafee,88
meeting,88
matter,88
awareness,88
focus,87
winner,87
store,86
ganer,86
speaker,86
student,86
trick,85
local,85
evolution,85
hall,85
action,85
essential,85
potential,84
value,83
technical,83
community,83
enjoy,82
server,82
extension,82
health,82
hand,82
flash,81
adoption,81
cisos,81
block,81
wednesdaywisdom,80
congratulation,80
advantage,80
standard,80
intel,80
igniteyoursecurity,79
relax,79
remote,79
fact,79
cybehreats,79
simple,79
version,79
car,79
member,79
john,78
source,78
family,78
advice,78
country,78
force,78
chief,77
city,77
scammer,77
possible,77
growth,77
drnewsdesk,76
contract,76
morning,76
draft,76
criminal,76
lead,76
