security,2814
attack,1170
threat,1021
learn,952
cloud,903
ddos,901
cybersecurity,779
mobile,749
incapsula,649
read,634
ransomware,624
malware,608
foinet,557
data,526
network,452
point,417
repo,386
device,383
webinar,360
android,356
check,354
service,349
today,346
infosec,345
secure,342
thanks,340
website,329
join,301
enterprise,294
time,279
team,277
business,276
help,262
video,262
protection,262
reinvent,259
year,250
vulnerability,243
great,240
mobilesecurity,238
cyber,237
latest,225
protect,223
organization,222
solution,221
prevention,215
blog,214
work,212
customer,210
detail,209
need,202
cybercriminals,202
application,201
issue,193
hacker,191
mirai,188
fabric,187
best,186
watch,185
register,185
site,183
risk,181
performance,179
system,179
technology,176
live,172
landscape,171
botnet,171
global,171
look,169
tip,167
bot,160
ciso,159
week,157
digital,155
user,153
session,150
challenge,149
critical,147
industry,147
full,147
talk,146
wannacry,145
practice,145
apps,145
infrastructure,142
booth,140
online,140
cybercrime,139
accelerate,137
tomorrow,137
research,137
vmworld,136
cyberaware,135
next,135
trend,134
internet,133
stay,132
imperva,131
sandblast,131
good,130
company,130
healthcare,130
webperf,128
stop,127
analysis,126
target,126
future,126
tech,123
sure,122
center,120
send,118
prevent,117
month,116
strategy,115
vsec,115
thing,113
information,113
paner,112
rsac,111
happy,111
hybrid,111
environment,111
breach,111
ready,110
follow,109
bhusa,108
mobilesec,108
miss,107
expes,105
email,103
available,103
click,102
way,102
tool,101
real,99
gdpr,99
thank,99
traffic,98
management,98
world,98
control,97
impact,97
spam,96
event,96
sta,95
step,95
hour,94
exploit,94
death,93
recent,93
question,93
mitigation,91
firewall,91
google,91
discus,91
hear,91
visit,91
visibility,89
case,87
campaign,87
content,86
platform,86
insight,86
begin,85
deep,85
leader,85
demo,85
file,84
public,84
product,84
share,83
last,83
cyberattacks,83
delivery,82
hummingbad,82
many,82
guide,81
safe,80
account,80
program,79
layer,78
test,78
approach,77
easy,77
ncsam,76
access,76
cerber,75
school,75
mean,74
micro,74
launch,74
vendor,74
xgen,73
grab,73
malicious,73
automation,73
update,72
variant,72
career,71
impoant,71
play,71
survey,71
intelligence,71
meet,71
show,70
experience,70
link,70
rule,70
paners,70
collisionconf,69
wordpress,68
sddc,68
software,68
comprehensive,68
detection,67
group,67
server,67
middle,66
massive,66
suppo,66
sma,66
minute,66
office,65
prediction,65
defense,64
study,64
head,64
expe,64
come,63
game,63
news,63
financial,62
strong,61
address,61
speed,61
download,61
interopitx,60
devops,60
checkpointmobile,60
privacy,60
info,60
cryptocurrency,60
open,60
endpoint,59
deployment,59
monitoring,59
microsoft,58
joomla,57
level,57
personal,57
list,57
story,57
availability,57
saas,57
spotlight,56
workload,56
welcome,56
compliance,56
router,56
response,56
student,56
rate,55
researcher,55
common,55
detect,54
spot,54
family,54
webcast,54
block,54
boost,53
market,53
petya,53
traditional,53
find,53
rsvp,52
stand,52
major,52
rise,52
benefit,52
evolution,51
ganer,51
private,51
fact,51
result,51
industrial,51
sock,50
pair,50
hope,50
please,50
technique,50
machine,50
operation,50
biggest,50
code,49
fight,49
catch,49
free,49
attacker,49
visitor,48
datacenter,48
increase,48
capability,48
right,48
steal,48
different,48
vulnerable,48
hack,48
appliance,48
feature,48
type,48
chance,48
interested,47
client,47
number,47
build,47
transformation,47
vmware,47
cybehreats,47
remote,47
sensitive,47
phil,46
role,46
conference,46
scale,46
want,46
current,46
interview,46
architecture,46
simplysecurity,45
mitm,45
standard,45
know,45
education,45
instance,45
post,45
congrats,45
multiple,45
awareness,45
success,45
cyberattack,45
awesome,44
district,44
annual,44
manager,44
pa,44
gap,44
cost,43
june,43
home,43
everyone,43
sign,43
tunnel,42
apple,42
demand,42
active,42
magic,42
area,42
bank,42
medium,42
single,42
lead,42
day,42
cloudsecurity,42
skill,41
folk,41
fast,41
size,41
presentation,41
ale,41
thisweekinnews,40
pro,40
life,40
store,40
everything,40
review,40
growth,40
second,40
shi,39
robot,39
reason,39
log,39
city,39
average,39
incident,39
advanced,39
ecommerce,38
high,38
country,38
april,38
infection,38
page,38
commerce,37
dinner,37
hard,37
sector,37
nice,37
victim,37
azure,37
present,37
action,37
president,37
provider,37
dive,37
first,37
innovation,37
outage,36
derek,36
human,36
advantage,36
woman,36
combat,36
channel,36
able,36
corporate,36
sale,36
reveals,36
employee,36
manky,35
economy,35
foigate,35
change,35
panel,35
complex,35
face,35
le,35
compromise,35
east,35
roadshow,35
phone,35
series,35
method,35
rapid,35
unique,35
region,35
europe,35
computer,35
hostingcon,34
scada,34
proud,34
people,34
twitter,34
power,34
drive,34
analyst,34
design,34
enable,34
community,34
xdeath,33
womenintech,33
securityfabric,33
swag,33
social,33
modern,33
effective,33
place,33
concern,33
cybehreat,33
patient,33
mobility,33
shis,32
chief,32
july,32
congratulation,32
repos,32
holiday,32
policy,32
institution,32
asset,32
blocker,31
persirai,31
siem,31
oppounity,31
actor,31
connect,31
keep,31
small,31
value,31
antivirus,31
spread,31
intel,31
government,31
depth,31
infinity,31
gra,30
bucket,30
andy,30
periscope,30
factor,30
excited,30
quadrooter,30
night,30
john,30
china,30
west,30
technical,30
speaker,30
force,30
summit,30
mind,30
attendee,30
underground,29
national,29
culture,29
become,29
friend,29
michael,29
deliver,29
closer,29
record,29
picture,29
discussion,29
possible,29
collaboration,29
better,29
essential,29
patch,29
marketing,29
whitepaper,29
sponsor,29
scam,28
bitcoin,28
impoance,28
infographic,28
cool,28
date,28
money,28
answer,28
safety,28
door,28
award,28
complete,28
quick,28
morning,28
score,28
highest,28
lane,27
anycast,27
election,27
gbps,27
bigger,27
understand,27
amazon,27
mitigate,27
trust,27
googlecloud,27
responsibility,27
plan,27
physical,27
pay,27
much,27
think,27
meetup,27
yesterday,27
model,27
vega,27
agent,27
keynote,27
style,26
india,26
facebook,26
unsecured,26
myth,26
executive,26
offer,26
backdoor,26
viual,26
execution,26
player,26
version,26
panership,26
bypass,26
banking,26
criminal,26
cisos,26
medical,26
stage,26
manage,26
resource,25
message,25
speak,25
datasheet,25
activity,25
delivers,25
loss,25
engineering,25
word,25
sorry,25
curious,25
knowledge,25
ecosystem,25
integration,25
component,25
strategic,25
tonight,25
break,25
america,25
fakenews,24
moscow,24
prepare,24
explains,24
smaphones,24
strike,24
serious,24
rating,24
scalable,24
trojan,24
problem,24
dangerous,24
regulation,24
quadrant,24
state,24
general,24
flaw,24
lab,24
mining,24
highlight,24
successful,24
move,24
weak,23
nation,23
extra,23
london,23
cause,23
perimeter,23
vector,23
subtitle,23
enjoy,23
efficiency,23
aicle,23
popular,23
accurate,23
camera,23
dynamic,23
view,23
avoid,23
founder,23
kick,23
chatstc,22
quade,22
noh,22
foios,22
iphone,22
scanner,22
competition,22
agile,22
potential,22
example,22
simple,22
officer,22
guest,22
firm,22
browser,22
stas,22
dark,22
process,22
proxy,22
glad,22
googleplay,22
educational,22
director,22
hand,22
field,22
serverless,21
erebus,21
african,21
consider,21
surface,21
option,21
ganersym,21
source,21
limit,21
local,21
image,21
release,21
anti,21
hint,21
unknown,21
protocol,21
largest,21
takeover,21
isps,20
readiness,20
gaming,20
datasecurity,20
resiliency,20
roundup,20
fastandsecure,20
strut,20
perspective,20
sdwan,20
install,20
leverage,20
professional,20
volume,20
tweet,20
anything,20
respond,20
chooses,20
decrease,20
huge,20
tactic,20
transition,20
competitor,20
connection,20
half,20
vice,20
automate,20
window,20
sophisticated,20
securitymanagement,20
push,20
locky,20
generation,20
hall,20
developer,20
cyberespionage,19
drone,19
lounge,19
calculator,19
shoemaker,19
storage,19
awssummit,19
friday,19
marketplace,19
comment,19
speaking,19
mssp,19
stream,19
plugin,19
excellent,19
networking,19
preventing,19
consideration,19
fake,19
scan,19
black,19
pacific,19
third,19
room,19
introduces,19
call,19
affect,19
password,19
building,19
himss,19
contact,19
linux,18
pawnstorm,18
topblog,18
webhost,18
beginner,18
magento,18
escalate,18
deltacharlie,18
hiddencobra,18
michal,18
blockchain,18
engineer,18
authentication,18
recap,18
robe,18
recruit,18
apac,18
foisandbox,18
maddison,18
compare,18
monday,18
storm,18
learning,18
paper,18
prevalent,18
mark,18
significant,18
cyberalliance,18
piece,18
measure,18
main,18
protects,18
ransom,18
database,18
course,18
large,18
javascript,18
host,18
someone,18
ceification,18
attempt,18
hybridcloud,18
barcelona,18
adoption,18
digitalextoion,17
flood,17
reliable,17
shoer,17
edge,17
velocityconf,17
html,17
starwars,17
stem,17
mumbai,17
operator,17
focus,17
patrick,17
board,17
star,17
responsible,17
exchange,17
consumer,17
planning,17
line,17
wonderful,17
beware,17
complexity,17
vision,17
winner,17
august,17
meeting,17
member,17
wifi,17
badrabbit,17
encryption,17
gain,17
multi,17
architect,17
uiwix,16
pwnown,16
tippingpoint,16
redundancy,16
college,16
persistence,16
protobuf,16
xray,16
accountable,16
theme,16
algorithm,16
responsive,16
dashboard,16
smacities,16
intent,16
vote,16
serve,16
difference,16
vancouver,16
repeat,16
car,16
term,16
spectre,16
agency,16
federal,16
asia,16
latency,16
ganersec,16
easier,16
tell,16
implementation,16
xacurit,16
decision,16
card,16
brand,16
dresscode,16
discover,16
write,16
embrace,16
entry,16
crime,16
wait,16
ease,16
fraud,16
white,16
photo,16
suite,16
valuable,16
hello,16
onestepahead,16
space,16
mission,16
chain,16
advice,16
give,16
ngfw,16
introduction,16
phishing,16
migrate,16
configure,16
take,16
gateway,16
september,16
registration,16
shift,16
worldwide,16
dorit,16
health,16
effectiveness,16
samsung,16
tmctf,15
africa,15
headless,15
russian,15
malwaretech,15
reverse,15
resilient,15
hamilton,15
hospital,15
russia,15
strategist,15
peer,15
classification,15
trick,15
datacenters,15
practical,15
chat,15
evaluate,15
curve,15
joining,15
aware,15
operational,15
introduce,15
leadership,15
happens,15
shoage,15
leak,15
past,15
identity,15
bring,15
wave,15
requirement,15
higher,15
task,15
cybercriminal,15
secures,15
house,15
appleevent,14
triton,14
zoom,14
everybody,14
minification,14
filler,14
denial,14
hero,14
load,14
alliance,14
delhi,14
status,14
submit,14
framework,14
taiwan,14
theft,14
oppounities,14
order,14
individual,14
defcon,14
lack,14
testimonial,14
others,14
cybersec,14
playlist,14
development,14
scene,14
itsecurity,14
lucrative,14
stuff,14
appreciate,14
anyone,14
evasion,14
milano,14
apis,14
scoop,14
chinese,14
fireball,14
tuesday,14
remediation,14
international,14
special,14
wednesday,14
TRUE,14
invite,14
prepared,14
cloudsec,13
transpoation,13
hitrust,13
fileless,13
friendly,13
xcmonitoure,13
tame,13
ubuntu,13
leet,13
uselection,13
whitelist,13
incaprules,13
prepares,13
save,13
nanog,13
wcry,13
connectivity,13
turn,13
meltdown,13
giandomenico,13
broad,13
advance,13
