infosec,1600
security,1081
email,1073
domain,994
cybersecurity,974
name,754
business,741
attack,732
threat,712
smallbiz,670
website,608
online,606
ransomware,563
malware,506
learn,504
data,463
device,392
tip,382
proofpoint,367
help,355
repo,324
healthcare,310
customer,301
office,282
social,275
digice,261
check,252
time,251
year,245
read,243
fraud,242
today,237
click,236
risk,234
internet,224
need,214
vulnerability,213
ddos,210
brand,202
attacker,202
user,201
verisign,196
look,196
secure,196
medium,194
company,194
great,194
latest,194
hacker,193
team,193
cyber,192
protection,191
blog,191
organization,187
scam,181
patch,180
work,180
registration,178
microsoft,177
people,176
google,175
compliance,173
malicious,170
breach,170
android,169
thing,168
protect,167
mobile,167
tech,163
socialmedia,162
update,162
free,162
service,161
privacy,160
symantec,159
step,158
tool,158
authentication,155
thanks,155
trend,154
research,150
researcher,147
network,146
address,145
digital,144
target,142
good,142
best,141
campaign,138
small,138
password,135
consumer,134
video,134
ceificate,134
register,133
way,132
account,132
watch,131
site,130
join,130
dmarc,129
suppo,129
available,128
information,128
system,127
critical,126
industry,125
wannacry,124
number,124
visibility,123
infographic,122
easy,122
want,121
keywords,120
post,119
employee,118
solution,117
sta,117
defense,115
chrome,114
personal,112
exploit,112
month,111
ceificates,110
humanfactor,108
connect,108
stop,106
reason,106
trojan,105
marketing,104
group,101
presence,100
search,100
webinar,100
story,99
phishing,99
history,98
spam,98
gdpr,94
world,94
sorry,94
issue,94
victim,93
biggest,93
sure,93
flaw,92
detail,92
safe,92
apps,91
strategy,91
contact,91
confidence,90
info,89
facebook,88
healthit,88
problem,87
last,87
link,86
content,86
show,86
recent,85
order,85
intelligence,84
bank,84
software,84
trust,84
message,83
medical,83
delay,83
reach,82
fake,81
government,81
financial,81
access,80
traffic,80
page,80
wednesdaywisdom,79
credential,78
compromise,78
miss,78
firm,77
create,77
encryption,77
high,77
someone,77
open,77
future,77
study,76
week,76
digitalrisk,75
apple,75
cloud,75
record,75
enterprise,75
banking,74
botnet,74
concern,73
hour,73
identity,73
build,72
scammer,71
perfect,71
tweet,71
right,71
gain,70
know,70
guide,70
bitcoin,69
average,69
find,69
date,69
cost,69
cryptocurrency,68
extension,68
success,68
code,68
follow,68
product,68
cybercrime,67
volume,67
ready,67
many,67
full,66
human,66
thank,65
professional,65
vulnerable,64
hack,64
cyberaware,63
market,63
transformation,61
health,61
staupindia,60
engine,60
bug,60
list,60
browser,60
happy,60
matter,60
ce,60
actor,59
advanced,59
flash,59
sale,59
multiple,58
news,58
next,58
conference,57
control,57
fraudulent,57
computer,57
plan,57
question,57
share,57
staupuk,56
everyone,56
sma,56
card,56
recommendation,56
idea,56
impact,55
strong,55
window,55
election,54
sho,54
impoant,54
send,54
private,54
throwbackthursday,53
brief,53
increase,53
essential,53
petya,53
common,53
holiday,53
rise,53
visit,53
release,53
quick,53
inbox,52
download,52
avoid,52
payment,52
mean,52
technology,52
impostor,51
money,51
trick,51
global,51
first,51
resource,51
steal,51
survey,51
please,51
pa,50
criminal,50
challenge,50
gateway,49
worst,49
booth,48
public,48
home,48
prevent,48
phone,48
owner,47
vendor,47
major,47
promo,46
ganer,46
file,46
management,46
variant,46
dotcom,45
operation,45
fine,45
deployment,45
block,44
machine,44
offer,44
woman,44
mirai,44
change,44
claim,43
rate,43
version,43
effective,43
able,43
dollar,42
datenschutz,42
grow,42
handle,42
second,42
basic,42
tomorrow,42
event,42
career,41
half,41
interest,41
building,41
response,41
application,41
talk,41
discover,40
level,40
internal,40
approach,40
simple,40
season,40
spread,40
current,40
server,40
namescon,39
istr,39
director,39
enough,39
paners,39
discus,39
incident,39
provider,39
february,39
call,39
root,39
vbsdcon,38
checklist,38
twitter,38
individual,38
advice,38
life,38
game,38
scale,38
come,38
benefit,38
hear,38
credibility,37
lazarus,37
relationship,37
advantage,37
viual,37
landscape,37
cyberattacks,37
patient,37
key,37
stay,37
shop,36
power,36
sector,36
fix,36
devops,36
zone,36
india,35
finra,35
mistake,35
rsac,35
profile,35
january,35
type,35
october,35
dangerous,35
rank,34
quantum,34
technique,34
store,34
leak,34
program,34
percent,34
place,34
wifi,34
experience,34
july,34
day,34
june,34
keyword,33
quaer,33
popular,33
drone,33
lehi,33
point,33
minute,33
pro,33
dnssec,32
mondaymotivation,32
ebook,32
infection,32
meet,32
paper,32
platform,32
investigation,32
instagram,32
dridex,32
agency,32
award,32
presentation,32
spoofing,31
track,31
bring,31
adobe,31
entire,31
eternalblue,31
state,31
attempt,31
attachment,31
shopping,31
leader,31
focus,31
kevin,31
inspiration,30
lab,30
backdoor,30
real,30
fact,30
white,30
suite,30
expes,30
demand,30
early,30
factor,30
mail,30
potential,30
car,30
patchtuesday,29
nature,29
mining,29
url,29
christmas,29
expe,29
beware,29
series,29
tactic,29
process,29
cybercriminals,29
russian,29
original,29
redirect,28
activity,28
promise,28
sysadmin,28
loss,28
thursday,28
ransom,28
innovation,28
protects,28
aicle,28
hospital,28
request,28
himss,28
cybehreats,27
safeguard,27
staed,27
firefox,27
prevention,27
practice,27
possible,27
corporate,27
framework,27
project,27
engineer,27
sign,27
channel,27
standard,27
infrastructure,27
feature,27
mark,27
march,27
staup,26
destructive,26
drive,26
speaker,26
botnets,26
bhusa,26
repos,26
force,26
pay,26
dark,26
education,26
requirement,26
everything,26
center,26
action,26
vrsnblog,25
suggestion,25
europe,25
script,25
epstein,25
put,25
omnichannel,25
coffee,25
test,25
ale,25
launch,25
openssl,25
policy,25
easier,25
deal,25
stand,25
unsecured,25
myth,25
lock,25
developer,25
glad,25
position,25
choose,24
demo,24
humain,24
saas,24
xbcr,24
germany,24
component,24
occur,24
reality,24
hole,24
country,24
likely,24
vector,24
analysis,24
theft,24
credit,24
affect,24
engineering,24
case,24
role,24
rowley,24
pofolio,23
securitythreatrepo,23
scene,23
police,23
scheme,23
collaboration,23
korea,23
australia,23
mitigate,23
chose,23
turn,23
face,23
linux,23
iphone,23
keep,23
revolution,23
detection,23
cecentral,23
bounty,23
visitor,23
ecommerce,23
delivers,23
little,23
manager,23
authority,23
spring,23
excellent,23
internetofthings,23
domainscope,22
reston,22
xaand,22
author,22
player,22
space,22
korean,22
representative,22
superior,22
native,22
imposter,22
president,22
third,22
biometric,22
tuesday,22
remote,22
degree,22
chip,22
unique,22
gmail,22
word,22
awareness,22
love,22
different,22
purchase,22
play,22
espionage,21
australian,21
federal,21
finance,21
peril,21
wordpress,21
december,21
related,21
biometrics,21
japanese,21
roll,21
wallet,21
american,21
analyst,21
much,21
connection,21
relevant,21
creative,21
insight,21
prediction,21
book,21
worker,21
securitysummit,21
jeremy,21
member,21
registrar,20
september,20
pick,20
personality,20
facteur,20
largest,20
stas,20
energy,20
april,20
byod,20
vpns,20
signing,20
august,20
locky,20
oppounities,20
national,20
complete,20
habit,20
cryptography,20
development,20
appreciate,20
awesome,20
http,20
tcdisrupt,19
cybersecmonth,19
anatomy,19
community,19
efficiency,19
infiltrate,19
monero,19
smominru,19
buying,19
studie,19
november,19
successful,19
others,19
databreach,19
tackle,19
bulletin,19
lure,19
evolution,19
chain,19
student,19
prepare,19
self,19
ryan,19
disaster,19
rule,19
morning,19
hacking,19
deadline,19
default,19
insecure,19
friendly,19
live,19
updated,19
audience,18
transfer,18
dkim,18
cybers,18
xaes,18
bentley,18
lifeatpfpt,18
accurate,18
hottest,18
handbook,18
star,18
race,18
warns,18
worm,18
massive,18
screen,18
give,18
nhitweek,18
source,18
regulation,18
lead,18
move,18
cyberattack,18
rich,18
analytics,18
communication,18
large,18
transparency,18
wrong,18
care,18
registry,17
namestudio,17
inexpensive,17
shamoon,17
womenintech,17
faktor,17
fiction,17
local,17
reveal,17
coincide,17
kalember,17
effect,17
bigger,17
reveals,17
fall,17
severity,17
anyone,17
serious,17
cisco,17
door,17
survival,17
spot,17
router,17
general,17
mozilla,17
acquisition,17
deliver,17
surge,17
review,17
database,17
pleasure,17
city,17
congratulation,17
authenticate,17
photo,17
make,17
catch,17
strength,16
commerce,16
resilient,16
adult,16
boost,16
weekday,16
dans,16
combo,16
patrick,16
organisation,16
playbook,16
france,16
shift,16
discovery,16
tell,16
drop,16
secret,16
trump,16
least,16
auto,16
kovter,16
majority,16
priority,16
attract,16
speed,16
safety,16
foreign,16
sensitive,16
leadership,16
senior,16
guidance,16
ncsam,16
custom,16
interview,16
design,16
insider,16
TRUE,16
value,16
lesson,16
answer,16
summit,16
memorable,15
dotnet,15
metric,15
cyberespionage,15
extra,15
dust,15
downtime,15
wheeler,15
finsec,15
dsgvo,15
wayward,15
vote,15
towards,15
choice,15
engage,15
clean,15
spammer,15
hijack,15
vault,15
thief,15
vuln,15
hand,15
crypto,15
size,15
crime,15
language,15
monitoring,15
orgs,15
growth,15
charge,15
reputation,15
automation,15
technical,15
weekend,15
official,15
lounge,14
staups,14
grows,14
odinaff,14
stuxnet,14
trending,14
child,14
cybermonday,14
plot,14
famous,14
celebrity,14
retefe,14
investment,14
kovcoreg,14
achilles,14
vice,14
compliant,14
international,14
standalone,14
coinminers,14
definitive,14
miner,14
rapid,14
readiness,14
percentage,14
prize,14
danger,14
finalist,14
japan,14
highlight,14
end,14
multi,14
previous,14
congrats,14
bypass,14
directory,14
outbreak,14
worldwide,14
annual,14
invest,14
paner,14
announces,14
fear,14
gift,14
client,14
wireless,14
anti,14
forum,14
crook,14
voice,14
poor,14
leverage,14
past,14
validation,14
training,14
think,14
present,14
techjob,13
repeat,13
determine,13
gatak,13
takedown,13
powershell,13
deep,13
gang,13
bear,13
mensch,13
single,13
operator,13
availability,13
domainspoofing,13
coin,13
perception,13
disconnect,13
workshop,13
jump,13
sense,13
respond,13
exchange,13
entrepreneur,13
sept,13
chance,13
honor,13
sophisticated,13
giveaway,13
protocol,13
wearable,13
result,13
huge,13
head,13
weakness,13
winner,13
become,13
vehicle,13
pacemaker,13
noh,13
safari,13
krack,13
mitigation,13
commitment,13
super,13
pas,13
black,13
onion,13
panel,13
sbdc,12
gtlds,12
whdglobal,12
freebsd,12
behavioral,12
avalanche,12
founder,12
summer,12
evidence,12
whitepaper,12
tale,12
latestintelligence,12
nuclear,12
fridayfact,12
wire,12
effectiveness,12
nutzerverhalten,12
mysterious,12
bill,12
targeting,12
conformit,12
fran,12
rgpd,12
powerful,12
instant,12
ordinary,12
directive,12
sysadmins,12
forrester,12
surprise,12
robot,12
conversation,12
surface,12
sweet,12
upgrade,12
itadmins,12
alliance,12
integrity,12
period,12
iotsecurity,12
cash,12
executive,12
line,12
generation,12
return,12
restaurant,12
main,12
fight,12
spike,12
expose,12
food,12
land,12
calendar,12
integration,12
take,12
ability,12
wave,12
staff,12
interesting,12
virus,12
culture,12
fool,12
friday,12
yahoo,12
consideration,12
round,12
anything,12
something,12
attention,12
comment,12
measure,12
efficient,12
reminder,12
keynote,12
correct,12
collisionconf,11
smallbusiness,11
bird,11
crowd,11
credible,11
utilize,11
adveise,11
msft,11
arrest,11
cou,11
cybersecurityawarenessmonth,11
swift,11
infamous,11
base,11
cautionary,11
fury,11
hath,11
hell,11
affiliate,11
chinese,11
german,11
context,11
responder,11
analysie,11
xavoile,11
monde,11
identify,11
seeing,11
officer,11
spectre,11
messenger,11
nouveau,11
donn,11
investor,11
cyberattaque,11
impersonate,11
quadrant,11
entreprises,11
urgency,11
deutsche,11
russia,11
middle,11
host,11
whatsapp,11
sabotage,11
reader,11
follower,11
trouble,11
document,11
announce,11
le,11
audit,11
area,11
targeted,11
legal,11
fancy,11
mind,11
defray,11
adoption,11
university,11
premium,11
location,11
forget,11
combat,11
pump,11
badrabbit,11
ecosystem,11
touch,11
friend,11
mike,11
equifax,11
log,11
opening,11
candidate,11
valentine,11
heavy,11
hello,11
bike,10
whdindia,10
beanie,10
describe,10
dcjob,10
lockscreen,10
suspect,10
processor,10
preferred,10
defcon,10
bayrob,10
prison,10
guilty,10
movie,10
political,10
citizen,10
carbanak,10
betrugsmasche,10
annuel,10
strike,10
malveillant,10
logiciel,10
tough,10
meltdown,10
actionable,10
advancedemail,10
weapon,10
enforcement,10
rappo,10
regulator,10
iiroc,10
unternehmen,10
digitalriskdefense,10
ass,10
fingerprint,10
travel,10
vulns,10
hipaa,10
optimization,10
discount,10
discovers,10
risen,10
mandate,10
break,10
price,10
phishers,10
military,10
agree,10
implementation,10
leap,10
expand,10
guess,10
kind,10
industrial,10
match,10
intel,10
camera,10
west,10
decryption,10
cause,10
manage,10
javascript,10
larger,10
improve,10
allow,10
hire,10
china,10
takeover,10
physical,10
visionary,10
marketplace,10
recognition,10
fileless,10
xsecure,10
error,10
necurs,10
responsive,10
reliable,10
manufacturer,10
house,10
administrator,10
advance,10
submit,10
seek,10
wide,10
stage,10
smallbizweek,9
builder,9
subscribe,9
techie,9
loyalty,9
phrase,9
disk,9
revenue,9
wcry,9
bachosens,9
western,9
blackfriday,9
mobilesecurity,9
apply,9
job,9
broker,9
adgholas,9
session,9
foune,9
blindspots,9
swiss,9
tendances,9
xable,9
xasultats,9
plong,9
banken,9
coupon,9
decision,9
direction,9
effos,9
plane,9
footprint,9
borne,9
precaution,9
uber,9
term,9
serum,9
xaaise,9
entreprise,9
xbut,9
unauthorized,9
sixth,9
xattaques,9
knowledge,9
war,9
roundup,9
dead,9
peak,9
confusion,9
direct,9
implement,9
expensive,9
pose,9
retailer,9
heableed,9
asap,9
xcthe,9
front,9
bot,9
menace,9
comfoable,9
highest,9
fraudsters,9
sponsor,9
modern,9
active,9
significant,9
task,9
ceification,9
comprehensive,9
digibh,9
generate,9
utah,9
specialist,9
intern,9
south,9
environment,9
warning,9
final,9
layer,9
former,9
capable,9
timpson,9
status,9
amazon,9
guy,9
notification,9
chat,9
lot,9
inta,8
repeater,8
proposal,8
save,8
grab,8
techweekla,8
nsubject,8
promote,8
selling,8
competition,8
encourage,8
ukrainian,8
dragonfly,8
branding,8
jail,8
permission,8
youtube,8
dodgy,8
darkweb,8
desktop,8
cryptocurrencies,8
turla,8
suit,8
trade,8
phony,8
blindsided,8
eine,8
millennials,8
wild,8
person,8
xaellement,8
stopper,8
xvolution,8
emailfraud,8
magic,8
bedrohungstrends,8
nachholbedarf,8
firmen,8
selon,8
fuher,8
several,8
form,8
lifecycle,8
journey,8
shopper,8
tonight,8
monthly,8
long,8
fifth,8
reward,8
depth,8
unpatched,8
copy,8
region,8
consequence,8
maker,8
fastest,8
effo,8
extensive,8
commission,8
wary,8
guideline,8
shadow,8
roadmap,8
scawards,8
solve,8
reseller,8
powered,8
fantastic,8
datasecurity,8
dozen,8
prevalent,8
older,8
execution,8
teen,8
cio,8
posture,8
signal,8
complexity,8
hide,8
supply,8
dataloss,8
pharma,8
messaging,8
depament,8
solid,8
rock,8
view,8
stronger,8
detect,8
switch,8
linkedin,8
weakest,8
cybergang,8
mine,8
favorite,8
darin,8
icon,8
introduces,8
skill,8
smaer,8
azure,8
character,8
guest,8
admins,8
amount,8
endpoint,8
monday,8
grand,8
counsel,8
smaphones,8
assessment,8
behavior,8
lack,8
patience,8
vega,8
invite,8
john,8
diagnostics,8
vincent,8
pkis,8
enter,8
distrust,8
powersmallbiz,7
pmet,7
vantage,7
landrush,7
dnib,7
tiptuesday,7
timeless,7
domainname,7
ncindia,7
con,7
performing,7
promotion,7
driving,7
indian,7
query,7
jailbreak,7
cross,7
polish,7
nintendo,7
facial,7
generic,7
light,7
ditch,7
reuse,7
exploitkits,7
employer,7
dell,7
reading,7
tinder,7
oracle,7
fails,7
malveising,7
ovidiy,7
stealer,7
competitive,7
oppounity,7
breakout,7
difficult,7
hijacking,7
meeting,7
throne,7
FALSE,7
pour,7
criterion,7
fedramp,7
achieves,7
hidden,7
xbcgbarkeit,7
verf,7
undgarantiee,7
erweite,7
austrian,7
faille,7
cybercriminels,7
merlin,7
cornerstone,7
fraude,7
validates,7
enhances,7
organi,7
hybrid,7
osterman,7
conse,7
regulatory,7
sender,7
samsung,7
baby,7
field,7
hollywood,7
teslacrypt,7
whole,7
course,7
exposure,7
weak,7
laptop,7
late,7
printer,7
impoance,7
recap,7
dream,7
sound,7
asset,7
image,7
provision,7
stolen,7
blockchain,7
aware,7
valuable,7
responsible,7
double,7
novel,7
login,7
provisioning,7
legitimate,7
panership,7
shi,7
dropper,7
driver,7
mixed,7
worse,7
samba,7
probe,7
wait,7
disable,7
college,7
gadget,7
insurance,7
excited,7
restriction,7
difference,7
integrated,7
sysadminday,7
smbs,7
caught,7
ship,7
proactive,7
budget,7
firmware,7
get,7
trustwohy,7
cyberattackers,7
invoice,7
option,7
subject,7
night,7
kid,7
orlando,7
push,7
lucky,7
operating,7
offering,7
close,7
understand,7
enable,7
master,7
backup,7
maintain,7
edge,7
scott,7
admin,7
verification,7
cybercriminal,7
equal,7
hard,7
welcome,7
newest,7
perspective,7
renewal,7
yesterday,7
installation,7
assistance,7
measurement,6
madrid,6
smallbusinessweek,6
useful,6
domainingeurope,6
include,6
modifier,6
blueprint,6
personalbrand,6
demonstrate,6
nattachment,6
primary,6
ticket,6
dump,6
isi,6
loan,6
manipulation,6
bugbounty,6
steam,6
passcode,6
venture,6
pleads,6
worldbookday,6
pokemon,6
redirecting,6
theory,6
decrypt,6
joomla,6
confirm,6
ramnit,6
airpo,6
plugin,6
memory,6
bitcoincash,6
amazonecho,6
headline,6
spoof,6
display,6
stranger,6
incredible,6
zerodays,6
law,6
angler,6
outcome,6
cyberattaques,6
classic,6
webcast,6
toughest,6
bateleur,6
bottom,6
invisible,6
cybercrimals,6
reset,6
electronic,6
casino,6
advisor,6
alexa,6
xcompliant,6
refreshes,6
trojaner,6
abgesehen,6
schweizer,6
govsec,6
wenn,6
researc,6
nach,6
envir,6
neuen,6
immer,6
globeimposter,6
woh,6
xcvital,6
xacurit,6
personnelles,6
xbsung,6
spoofed,6
vecteur,6
ransomwares,6
relative,6
clock,6
visual,6
pinning,6
java,6
retail,6
toy,6
score,6
topic,6
chief,6
scanner,6
profit,6
havoc,6
icloud,6
depaments,6
proper,6
canada,6
damage,6
noon,6
hardware,6
unexpected,6
institution,6
gbps,6
external,6
appreciation,6
america,6
triple,6
stock,6
begin,6
offline,6
complimentary,6
institute,6
model,6
fuel,6
collection,6
threaten,6
perimeter,6
affected,6
smaphone,6
peer,6
limited,6
asia,6
hook,6
liveworx,6
delivery,6
urge,6
parliament,6
cerber,6
autonomous,6
strain,6
hackable,6
mitm,6
interested,6
prepared,6
nist,6
fouh,6
lethan,6
rest,6
databreaches,6
better,6
issuance,6
speak,6
additional,6
load,6
ceain,6
cisos,6
checker,6
examines,6
replacement,6
facilitate,6
timeline,6
statement,6
usability,6
shoer,6
dane,5
domainview,5
namesuggestion,5
craftsman,5
enthusiast,5
capital,5
economical,5
authoritative,5
undetected,5
intriguing,5
consume,5
loyal,5
goandgrow,5
alexandra,5
staupgrind,5
tlds,5
unwanted,5
sync,5
webcam,5
passcodes,5
taig,5
clinton,5
philippine,5
gatakattacks,5
saferinternetday,5
longhorn,5
cyberwargames,5
reflection,5
slideshare,5
judge,5
gaming,5
passenger,5
lottery,5
sell,5
exploitkit,5
street,5
smahome,5
airline,5
unknown,5
festive,5
gamers,5
prince,5
misfire,5
blackmail,5
film,5
afraid,5
infect,5
unlock,5
astrum,5
girl,5
eric,5
coeur,5
text,5
apa,5
wannabe,5
mass,5
pyramid,5
speaking,5
continue,5
cook,5
socialcompliance,5
nouvelles,5
sont,5
sociaux,5
xaseaux,5
traveler,5
mittelpunkt,5
litecoin,5
cyberangriffen,5
schnell,5
itsa,5
chronique,5
worried,5
amazing,5
supreme,5
bericht,5
fund,5
frontline,5
carestream,5
motivation,5
confirms,5
angriffe,5
sicherheitsl,5
bankingtrojans,5
unable,5
visier,5
premier,5
bitten,5
geben,5
auftrag,5
umfrage,5
benchmark,5
tritt,5
kraft,5
cyberkriminelle,5
saga,5
wargames,5
meilleure,5
xarer,5
nous,5
pouvons,5
directeur,5
urgent,5
topfive,5
natural,5
economic,5
toujours,5
prote,5
trimestre,5
responsibility,5
coolest,5
wombat,5
outgunned,5
attendee,5
mailing,5
understanding,5
special,5
figure,5
command,5
intermediate,5
emergency,5
battle,5
explains,5
graphic,5
anonymous,5
feel,5
win,5
stick,5
embrace,5
range,5
kit,5
rampant,5
hale,5
firewall,5
proxy,5
example,5
kaspersky,5
renew,5
cipher,5
greater,5
nation,5
complex,5
let,5
unsecure,5
path,5
entity,5
resolution,5
spend,5
crash,5
piece,5
swag,5
hope,5
gold,5
ciso,5
podcast,5
flag,5
safer,5
paypal,5
road,5
consider,5
goal,5
sensor,5
worry,5
skype,5
mole,5
krebs,5
explorer,5
ban,5
iotw,5
exploitable,5
family,5
brexit,5
bigdata,5
globe,5
balance,5
wise,5
count,5
risky,5
delete,5
commercial,5
siliconslopes,5
payload,5
fast,5
contain,5
showcase,5
making,5
infusion,5
library,5
scare,5
combine,5
brian,5
unit,5
crucial,5
helpful,5
spear,5
exec,5
heas,5
macro,5
xcdigice,5
currency,5
room,5
motto,5
resolve,5
robe,5
agent,5
spending,5
apache,5
strengthen,5
happen,5
indicator,5
greatest,5
feedback,5
label,5
gdpa,5
curve,5
lifetime,5
schedule,5
idefense,4
dreamsmallbiz,4
thecomyouknow,4
keyroll,4
spon,4
thankful,4
realtor,4
uncommonlytimeless,4
proven,4
quiet,4
optimize,4
digitalguide,4
snappa,4
dalal,4
manish,4
rdap,4
xconline,4
passion,4
receipt,4
iran,4
taxpayer,4
suckflyapt,4
united,4
equationgroup,4
vbulletin,4
torrent,4
payday,4
trident,4
kong,4
buckeye,4
brings,4
athlete,4
chien,4
plant,4
dyre,4
presidential,4
hillaryclinton,4
forgiveness,4
discord,4
hillary,4
iphones,4
body,4
independent,4
tesla,4
cctv,4
politics,4
arabia,4
saudi,4
metadata,4
extradition,4
aist,4
ation,4
playstation,4
tentative,4
internationalwomensday,4
doubt,4
shadowbrokers,4
recruiter,4
crack,4
experiment,4
music,4
killswitch,4
decade,4
prevalence,4
deletion,4
appeal,4
bogus,4
petty,4
contractor,4
graffiti,4
impression,4
inspire,4
french,4
tiny,4
european,4
escalation,4
privilege,4
ukraine,4
vast,4
porn,4
toolkit,4
pilot,4
school,4
onscreen,4
sowbug,4
involvement,4
alleged,4
enhancement,4
checkout,4
samsam,4
masquerade,4
stats,4
valentinesday,4
xcdon,4
scream,4
paicular,4
method,4
circle,4
inner,4
scawardseurope,4
subscription,4
decline,4
london,4
revenge,4
cover,4
persuasive,4
fintech,4
versager,4
erpressung,4
cyper,4
personnalit,4
faible,4
maillon,4
oauth,4
silver,4
jscript,4
counterfeit,4
eventful,4
factfriday,4
sight,4
pricing,4
impersonating,4
barbara,4
veicals,4
encore,4
focused,4
tide,4
supercharges,4
westinghouse,4
auch,4
attaque,4
conseils,4
charles,4
destroy,4
defence,4
ganersym,4
itwire,4
evaluation,4
cold,4
healthtech,4
bedrohungen,4
reign,4
itch,4
entrepreneurial,4
warnen,4
throw,4
bearing,4
panda,4
lazarusgroup,4
instance,4
totaling,4
sind,4
xaglementation,4
cinq,4
xune,4
cent,4
triton,4
emerg,4
nordkorea,4
leaf,4
broad,4
dimension,4
xahrden,4
plattformen,4
xbnnte,4
verwundbares,4
einnahmequellen,4
suche,4
tony,4
giant,4
avec,4
trek,4
valley,4
inboxes,4
fedtech,4
rival,4
betrugsabwehr,4
xame,4
agenda,4
organizational,4
normal,4
familiar,4
capture,4
smawatches,4
install,4
prompt,4
creation,4
stuff,4
fewer,4
funding,4
prep,4
earnings,4
starwars,4
parent,4
discussion,4
openssh,4
voter,4
token,4
relation,4
drown,4
mgmt,4
imessages,4
broken,4
surveillance,4
insecurity,4
distribution,4
xasum,4
specific,4
cloudsecurity,4
eoyslc,4
higher,4
skimmer,4
uncovers,4
adopt,4
fatigue,4
planning,4
practical,4
fresh,4
congress,4
junior,4
mac,4
shodan,4
require,4
phish,4
francisco,4
excellence,4
interact,4
collision,4
deprecation,4
moment,4
healthcaresecurity,4
assistant,4
wildcard,4
pin,4
viewer,4
hajime,4
collaborative,4
listen,4
audio,4
ballroom,4
cybersecure,4
extoion,4
board,4
potent,4
fundamental,4
ganersec,4
manual,4
bait,4
cwbestplaces,4
picture,4
holder,4
mess,4
verizon,4
repoed,4
failure,4
agility,4
weighs,4
fail,4
nice,4
package,4
enteainment,4
poll,4
smes,4
stress,4
proof,4
ursnif,4
spambot,4
texas,4
approval,4
recovery,4
productivity,4
scoop,4
celebrate,4
impossible,4
desk,4
digi,4
improper,4
nick,4
nelson,4
variety,4
talent,4
wilderness,4
confident,4
sslceificates,4
paul,4
nicholas,4
cool,4
outage,4
usual,4
configuration,4
greg,4
capability,4
note,4
initiate,4
shoage,4
workforce,4
saturday,4
shout,4
michael,4
longer,4
diag,4
hotel,4
merrill,4
syman,4
apology,4
xcnot,4
cycle,4
hassle,4
flute,3
oarc,3
thurs,3
guru,3
popsicle,3
mime,3
remains,3
tlsa,3
marketer,3
chosen,3
quiz,3
shopsmall,3
scope,3
restore,3
piday,3
poweredbyverisign,3
grapher,3
arena,3
teatro,3
refuel,3
cheer,3
expeise,3
chai,3
gtld,3
spinner,3
fidget,3
productive,3
straight,3
registrant,3
define,3
attractive,3
dcjobs,3
profession,3
acronym,3
treat,3
icann,3
smile,3
subscriber,3
serversecurity,3
premiere,3
brazil,3
found,3
iranian,3
amplification,3
lawmaker,3
enhanced,3
asks,3
flashplayer,3
ipad,3
magnitude,3
marshmallow,3
github,3
terror,3
terrorist,3
nougat,3
contest,3
manipulate,3
mile,3
remsec,3
strider,3
comms,3
scientist,3
dropbox,3
guccifer,3
hong,3
pokemongo,3
xthe,3
cryptographic,3
existent,3
autotech,3
liam,3
donaldtrump,3
unrepoed,3
donor,3
sidestep,3
voip,3
mysql,3
alarm,3
diy,3
bangladesh,3
resident,3
cam,3
syrian,3
crosshairs,3
california,3
sue,3
vital,3
aicles,3
cancel,3
jude,3
town,3
piracy,3
thousand,3
gate,3
valve,3
iocs,3
charger,3
sage,3
apis,3
lockdroid,3
british,3
greenbug,3
africa,3
adware,3
itunes,3
dominant,3
emulator,3
telco,3
waledac,3
circumvent,3
taxseason,3
motif,3
infosecurity,3
vigilante,3
womenincybersecurity,3
rent,3
harder,3
brain,3
spotlight,3
csrf,3
alternative,3
dubai,3
penalty,3
dutch,3
subversion,3
incl,3
mcafee,3
try,3
europol,3
rat,3
east,3
beat,3
contains,3
pass,3
vmware,3
tracker,3
clark,3
voting,3
myriad,3
living,3
latestintel,3
darknet,3
plugins,3
radio,3
severe,3
disguise,3
minecraft,3
deepweb,3
core,3
sentence,3
used,3
southeast,3
onlinesecurity,3
flight,3
ring,3
mailsploit,3
macos,3
unlikely,3
illegal,3
trading,3
border,3
heist,3
browsersecurity,3
senator,3
fitness,3
scratch,3
station,3
bugbounties,3
fakeapp,3
spyware,3
bos,3
cream,3
nitro,3
liquid,3
innovative,3
selfie,3
crimeware,3
introduce,3
scout,3
wan,3
einfallstor,3
backlog,3
infects,3
chairman,3
added,3
visent,3
quatre,3
macron,3
union,3
anniversary,3
brandfraud,3
hiring,3
cybehreat,3
unleashes,3
mutation,3
paysage,3
nicolas,3
wednesday,3
xcransomworms,3
debut,3
erweiterungen,3
steele,3
gary,3
profiler,3
continuity,3
lull,3
contre,3
canal,3
archive,3
decoy,3
destination,3
xathique,3
xacessaire,3
domotique,3
arsenal,3
odds,3
xbnnen,3
hotspot,3
rogue,3
geht,3
disruption,3
workflow,3
centralize,3
pumpkin,3
wird,3
quaal,3
malveillante,3
jointe,3
xace,3
sofacy,3
cyberspies,3
dealerschoice,3
blockieren,3
erkennen,3
xbsungen,3
integrieer,3
umfassende,3
bietet,3
gibt,3
menschen,3
doch,3
braucht,3
duane,3
nthe,3
pres,3
nominee,3
webinars,3
bankkunden,3
heimische,3
trojanerangriff,3
expeen,3
enhance,3
gegen,3
kitchen,3
zeus,3
sechs,3
midas,3
gsmag,3
computi,3
sou,3
journaliste,3
tidal,3
xbccke,3
fina,3
nfor,3
escalating,3
informatique,3
bitcoins,3
retard,3
pointer,3
convergent,3
varonis,3
xacemment,3
xatudes,3
plusieurs,3
seraient,3
xaaises,3
peine,3
trail,3
xangelo,3
millio,3
kriminelle,3
agreement,3
gehackt,3
werden,3
silicon,3
motivated,3
vigorous,3
magicquadrant,3
hausse,3
cibles,3
trimestriel,3
prot,3
krypto,3
erpresser,3
xbcber,3
milliarden,3
nicht,3
presque,3
fraudes,3
freshfinance,3
tour,3
abandon,3
overcome,3
recall,3
happens,3
alphanumeric,3
unencrypted,3
monitor,3
intruder,3
clothing,3
downloads,3
abuse,3
champion,3
stagefright,3
pic,3
outstanding,3
random,3
pull,3
thumb,3
minimize,3
quaers,3
luck,3
exact,3
shoot,3
liable,3
thanksgiving,3
enjoy,3
fitbit,3
creator,3
malwarebytes,3
donation,3
blocker,3
atm,3
designer,3
council,3
print,3
appliance,3
dept,3
income,3
strengthens,3
wreak,3
downloaders,3
publish,3
facility,3
barrier,3
widespread,3
doc,3
aggressive,3
jigsaw,3
iotworld,3
centralized,3
deter,3
efficacy,3
total,3
grade,3
csos,3
praise,3
ingredient,3
coverage,3
keyboard,3
console,3
central,3
jeep,3
thermostat,3
manufacturing,3
expire,3
bihday,3
category,3
injection,3
top,3
merger,3
earn,3
doctor,3
side,3
insulin,3
raise,3
zero,3
uptime,3
advamed,3
stream,3
violate,3
finger,3
headphone,3
implantable,3
predicts,3
inofsec,3
debate,3
thought,3
savvy,3
stem,3
attitude,3
proud,3
wheel,3
opensource,3
verify,3
kudos,3
gap,3
automotive,3
scan,3
positive,3
cyberust,3
accenture,3
engagement,3
plug,3
intermountain,3
interoperability,3
estimate,3
ruin,3
cybercrooks,3
thumbprint,3
mouse,3
young,3
heard,3
jason,3
genius,3
crawl,3
glimpse,3
rare,3
honeypot,3
concerned,3
clara,3
santa,3
karl,3
terrible,3
headache,3
blue,3
breed,3
condition,3
grid,3
supplier,3
equipment,3
writer,3
storm,3
telecom,3
stole,3
sabin,3
initial,3
bravo,3
thoma,3
feeling,3
water,3
cast,3
finish,3
sunday,3
fill,3
legacy,3
express,3
antivirus,3
fish,3
element,3
warn,3
york,3
learning,3
death,3
harvey,3
hurricane,3
mongodb,3
accounting,3
reference,3
grant,3
wipe,3
undocumented,3
ignore,3
necessary,3
hold,3
allows,3
colleague,3
transit,3
encrypt,3
tzrupek,3
talented,3
exclusive,3
ceificateauthority,3
vision,3
immediate,3
introduction,3
fame,3
ideal,3
conversion,3
rating,3
slow,3
geolocation,3
devsecops,3
woe,3
jeff,3
write,3
apologize,3
trusted,3
oscar,3
flexible,3
kick,3
chec,3
situation,3
couple,3
cutting,3
hall,3
presen,3
evaluate,2
hungry,2
wessels,2
downloader,2
popularity,2
deccio,2
casey,2
premise,2
taste,2
recursive,2
panama,2
czechia,2
rollout,2
jessica,2
megan,2
dnsviz,2
rockin,2
wpad,2
rehab,2
kidtrepreneur,2
rebel,2
xread,2
endurance,2
conve,2
misconception,2
dnsforum,2
mcpherson,2
graph,2
worldhostingday,2
combination,2
collaborate,2
cheese,2
itjob,2
underused,2
navigation,2
halloween,2
graduate,2
onlinebusiness,2
domainhappyhour,2
teammate,2
motivator,2
tireless,2
flashbackfriday,2
tree,2
analyzer,2
sketchbook,2
xshoer,2
uniregistry,2
performer,2
relax,2
caffiene,2
kane,2
attact,2
bold,2
killer,2
saavy,2
landingpage,2
scuba,2
dabbawala,2
punam,2
xceasy,2
bakery,2
neerja,2
paradise,2
teabox,2
srvp,2
reconnect,2
abbrete,2
spos,2
renewable,2
steady,2
bostonmarathon,2
nola,2
boo,2
domainnames,2
beanieboos,2
starwarsday,2
hyperdrive,2
dharavi,2
dot,2
digitalindia,2
employed,2
creativity,2
flexibility,2
smaest,2
keepdreamingup,2
toothy,2
anaheim,2
seat,2
scoreawards,2
techcrunchdisrupt,2
snag,2
overlook,2
represent,2
whois,2
smallbizsuccess,2
kashmiri,2
fireside,2
hadoop,2
branded,2
worcester,2
bidzos,2
bell,2
forwarding,2
networking,2
kiosk,2
becomeanything,2
pawn,2
youmi,2
southkorea,2
duuzer,2
chikdos,2
hackingteam,2
mabouia,2
add,2
smatv,2
nsender,2
adobeflash,2
colombia,2
plate,2
license,2
middleeast,2
businessemailcompromise,2
overnight,2
networksecurity,2
xboxlive,2
spywaller,2
accessible,2
connectivity,2
killdisk,2
disakil,2
socialmediascam,2
turkey,2
bankosy,2
marijuana,2
pumpanddump,2
refund,2
pouguese,2
dyreza,2
heahstone,2
zikavirus,2
linode,2
reconnaissance,2
keranger,2
burrp,2
carhacking,2
newyork,2
reception,2
complaint,2
allocation,2
mitre,2
insidehreat,2
bankingmalware,2
imessage,2
financialfraud,2
taiwan,2
dripion,2
shut,2
resilience,2
taxscams,2
dish,2
lookout,2
running,2
transaction,2
decide,2
suckfly,2
techsupposcams,2
ubiquiti,2
chocolate,2
seller,2
netflix,2
tattoo,2
anglerek,2
reserve,2
viber,2
counter,2
beaver,2
suspend,2
drupal,2
patchwork,2
draft,2
darpa,2
homeland,2
census,2
copyright,2
mount,2
shark,2
underway,2
flood,2
ranking,2
kickass,2
thailand,2
ipads,2
opera,2
nexus,2
recruit,2
israel,2
fire,2
loud,2
israeli,2
childhood,2
tape,2
removal,2
secures,2
edit,2
fighter,2
villain,2
army,2
pseudorandom,2
uselection,2
creepware,2
iaea,2
nasty,2
dynddos,2
neural,2
icarus,2
blood,2
mobilemonday,2
zerodaysfilm,2
infected,2
ddosattack,2
liberia,2
webview,2
plaintext,2
scienceweek,2
xathem,2
poisontap,2
constant,2
natwest,2
rootkit,2
limit,2
sailor,2
generator,2
invented,2
translation,2
deliveroo,2
afford,2
rail,2
refugee,2
overwrote,2
sony,2
congressional,2
teenage,2
romanian,2
pursuit,2
willing,2
uncover,2
emerge,2
politician,2
preparation,2
guard,2
unlocks,2
sample,2
renzi,2
draghi,2
italy,2
investigates,2
misuse,2
xaagain,2
prime,2
postscript,2
assist,2
clever,2
watson,2
routine,2
mimic,2
pandex,2
performs,2
murder,2
refuse,2
timberworm,2
slack,2
strut,2
interface,2
decrypted,2
interpol,2
netted,2
oops,2
lastpass,2
committee,2
puas,2
authorization,2
prank,2
empty,2
idevices,2
inevitable,2
notorious,2
kelihos,2
androido,2
prisoner,2
photoshop,2
undercover,2
box,2
cookie,2
commit,2
senate,2
stresser,2
frontier,2
documentary,2
dissolution,2
recount,2
winter,2
undergroundeconomy,2
telemetry,2
disney,2
acecdecdc,2
lower,2
possibility,2
wake,2
adylkuzz,2
chas,2
compelling,2
iris,2
galaxy,2
vista,2
cheat,2
exam,2
conduct,2
taunt,2
wolf,2
lone,2
ambitious,2
ambition,2
lofty,2
feed,2
appropriate,2
sundayreads,2
pizza,2
summersolstice,2
seed,2
carrier,2
overwritten,2
motive,2
commissioner,2
medoc,2
clamp,2
optimistic,2
object,2
duty,2
netherlands,2
watchos,2
citadel,2
ethereum,2
stuck,2
cloudcomputing,2
trap,2
wash,2
shellshock,2
hero,2
patchnow,2
siemens,2
vdos,2
perform,2
offender,2
summerreads,2
numerous,2
aim,2
item,2
zerodium,2
nude,2
activist,2
pattern,2
xater,2
kracks,2
shot,2
skin,2
hash,2
replicate,2
satellite,2
html,2
poed,2
nope,2
sqli,2
faceid,2
iphonex,2
threatlandscape,2
dealer,2
gallery,2
mondaymotivaton,2
sowbugapt,2
accessibility,2
ancient,2
mistaken,2
keystroke,2
smaspeaker,2
mask,2
spoke,2
repository,2
obfuscation,2
craze,2
womeninsecurity,2
googleassistant,2
overflow,2
speech,2
nigerian,2
louisiana,2
harvest,2
careeradvice,2
suspicion,2
florida,2
telegram,2
taiwanese,2
sierra,2
bluemonday,2
scada,2
bluetooth,2
lenovo,2
cabinet,2
laugh,2
supercomputer,2
adviser,2
cobalt,2
victory,2
forecast,2
weather,2
xccampaigns,2
gender,2
hmrc,2
yesteryear,2
techco,2
invit,2
xaraudsudreau,2
xarard,2
xagi,2
privil,2
systemen,2
vernetzung,2
sicherheitsaspekte,2
unternehmens,2
faktoren,2
drei,2
tirer,2
tentent,2
bancaire,2
xand,2
durch,2
schaden,2
autumn,2
blitzer,2
jetzt,2
infizie,2
malveisers,2
centre,2
conflict,2
shallow,2
nouvelle,2
educational,2
tardis,2
commentary,2
threatinsight,2
erfolgreich,2
wieder,2
bekannte,2
bedrohungsbericht,2
paukenschlag,2
einem,2
endet,2
ruhiges,2
explain,2
cheap,2
techrepublic,2
purpose,2
preis,2
regional,2
ladepeche,2
xamunir,2
auvil,2
gene,2
prioritize,2
spree,2
basement,2
bargain,2
economy,2
reddits,2
malwar,2
sandbox,2
hackern,2
nutzen,2
publisher,2
tunnel,2
infiltrie,2
gameofthrones,2
letter,2
irma,2
unceainties,2
attaques,2
emailsecurity,2
wommawebinar,2
betreffen,2
besonders,2
schwierig,2
prognosen,2
groko,2
klaro,2
leveraged,2
neue,2
xasentie,2
wissen,2
hackergruppe,2
musst,2
gefahr,2
xefaktor,2
xbffentlicht,2
faktors,2
ausnutzung,2
breachpreventionweek,2
theatre,2
ipexpo,2
infose,2
bevor,2
hair,2
utilisateurs,2
cible,2
xenvergure,2
cafe,2
savethedate,2
betroffen,2
betriebssysteme,2
alle,2
cyberangriff,2
xatect,2
adblock,2
fausse,2
cybercriminalit,2
belief,2
detects,2
bereits,2
shis,2
swing,2
soar,2
spearphishes,2
toll,2
globb,2
vengeance,2
overall,2
riskiq,2
threatconnect,2
xacouvee,2
renseignement,2
gestion,2
zukunft,2
enters,2
weblife,2
ihren,2
optimieren,2
kampf,2
sunnyvale,2
frequent,2
forever,2
gare,2
paial,2
nord,2
pyongyang,2
exposed,2
wish,2
timer,2
xadictions,2
socialmediafraud,2
protec,2
xadlinge,2
xachtiger,2
reel,2
greift,2
halt,2
xbglicht,2
sicherheit,2
xanieur,2
aplenty,2
rocket,2
fair,2
malveillantes,2
fluctuation,2
veulent,2
pirate,2
monaten,2
english,2
figur,2
schlechteste,2
machen,2
vergleichsstudie,2
patc,2
deception,2
zealand,2
attaqu,2
cryptomonnaie,2
ceo,2
sich,2
wenden,2
simulation,2
configure,2
rake,2
xacialiste,2
xager,2
betr,2
anstieg,2
weathe,2
extreme,2
bremst,2
lucrative,2
technik,2
legislation,2
wider,2
coat,2
tues,2
conf,2
noms,2
usurpation,2
olympiques,2
jeux,2
diskriminierend,2
betrug,2
respondent,2
privacyaware,2
resear,2
chrysler,2
following,2
influence,2
freedom,2
endless,2
campus,2
appearance,2
pentagon,2
grea,2
folk,2
regular,2
encourages,2
typo,2
waste,2
medicare,2
secu,2
inbound,2
flat,2
beverage,2
managment,2
xbox,2
talked,2
forbes,2
hype,2
cloudmark,2
electronics,2
susceptible,2
suffer,2
stake,2
shoutout,2
entrust,2
button,2
tightens,2
casc,2
outsider,2
aftermath,2
ripe,2
magazine,2
questionable,2
decrease,2
consolidates,2
phishme,2
quality,2
taxbreach,2
cyberscams,2
taxsecurity,2
deploy,2
mousejack,2
rage,2
remember,2
nightmare,2
persistent,2
dumb,2
compromised,2
dramatic,2
chink,2
alphalocker,2
ponemon,2
ease,2
defeat,2
kill,2
prove,2
fuss,2
confidential,2
ineffective,2
consecutive,2
subpar,2
personnel,2
goodbye,2
keyloggers,2
ransomeware,2
clear,2
conficker,2
electric,2
conquer,2
electricity,2
dormant,2
smell,2
beef,2
oath,2
olympics,2
boot,2
itsecurity,2
workplace,2
cardsecurity,2
communicate,2
countermeasure,2
recipient,2
joint,2
utahjobs,2
paicipate,2
resiliency,2
none,2
nregister,2
tune,2
resue,2
paicipation,2
netcraft,2
phase,2
ocsp,2
absolute,2
reddit,2
wonder,2
canary,2
logo,2
storage,2
countdown,2
painless,2
harm,2
visa,2
recover,2
plague,2
explosive,2
finding,2
mastercard,2
edition,2
mechanism,2
improved,2
cardless,2
connecteddevice,2
implant,2
hea,2
medicaldevicesecurity,2
seal,2
progress,2
repeal,2
migrate,2
connectedcar,2
foundation,2
comeback,2
unchecked,2
expands,2
scenario,2
spin,2
county,2
bose,2
badge,2
packham,2
submission,2
radar,2
pandemic,2
serv,2
implication,2
twist,2
controller,2
valid,2
diff,2
diabetic,2
accountant,2
blurring,2
tax,2
legit,2
adam,2
pressure,2
everybody,2
unicode,2
hunt,2
nhisacspring,2
isaca,2
keylogger,2
exercise,2
convention,2
arrive,2
boston,2
skynet,2
checkup,2
viualization,2
molina,2
uncovered,2
obstacle,2
glory,2
king,2
improvement,2
po,2
driven,2
imperative,2
anxiety,2
spora,2
medicaid,2
fan,2
upgrading,2
wikileaks,2
clinic,2
hu,2
notpetya,2
integrating,2
anthem,2
cleaning,2
truth,2
pleased,2
daily,2
whoop,2
bulk,2
agile,2
ctrl,2
internship,2
employment,2
mystery,2
bite,2
brute,2
banner,2
bilingual,2
clash,2
sneak,2
autonomousvehicles,2
diverse,2
initiative,2
charity,2
arise,2
eitest,2
tail,2
bitter,2
bacon,2
cbr,2
recognizes,2
patching,2
blame,2
class,2
exclusivity,2
mutual,2
hate,2
joining,2
msignite,2
frostawards,2
trigger,2
technician,2
padlock,2
architect,2
accountable,2
sustain,2
entice,2
socket,2
completes,2
websitesecurity,2
division,2
meme,2
expansion,2
lie,2
cei,2
grown,2
curious,2
hearing,2
gather,2
sharp,2
cust,2
willingness,2
protenus,2
ceif,2
nichols,2
xcwe,2
searchable,2
plea,2
joey,2
detai,2
andrew,2
neil,2
slower,2
mary,2
forg,2
understandable,2
nginx,2
origin,2
smaller,2
numbe,2
ahmadi,2
chris,2
attendance,2
impressed,2
serve,2
jaaron,2
substantial,2
bryan,2
infor,2
kyle,2
wonderful,2
wow,2
expectation,2
bloxham,2
brady,2
digisummit,2
simon,2
magnus,2
matte,2
ecrime,1
convince,1
xafebruary,1
intelgraph,1
deli,1
pinterest,1
consultancy,1
skyrocket,1
cdwsocial,1
badder,1
frequency,1
indiscriminate,1
cultivate,1
min,1
tokyo,1
itmedia,1
analogy,1
fo,1
prevents,1
identifies,1
vrsnstaff,1
casestudy,1
utilizes,1
dabba,1
net,1
avocado,1
delicious,1
domai,1
garage,1
chin,1
intuitive,1
structure,1
testimonial,1
afceacyber,1
pavilion,1
alla,1
supplement,1
chumbak,1
sparkingahamoments,1
takeyourkidtoworkday,1
photographer,1
loop,1
maythethbewithyou,1
dcevents,1
tedx,1
growyourbizdc,1
quote,1
unstoppable,1
recruiting,1
xamonth,1
couesy,1
wohwhile,1
urban,1
faceless,1
absorb,1
bandwidth,1
scorementors,1
makeup,1
differ,1
equivalent,1
biriyani,1
hemati,1
foorwear,1
nutrition,1
boundless,1
snack,1
shape,1
idns,1
experimental,1
defend,1
memorialday,1
photography,1
estate,1
disadvantage,1
develop,1
tailor,1
registrat,1
topped,1
successfull,1
trait,1
himalaya,1
nigeria,1
energize,1
domainsale,1
iyengar,1
vrsn,1
sujanpatel,1
ultimate,1
eguide,1
practo,1
watchismo,1
merchant,1
somewhere,1
faceoff,1
dotn,1
descriptive,1
xcan,1
incorporate,1
plastic,1
sanjaybhatia,1
pottery,1
cinema,1
redefines,1
utilizing,1
extention,1
louis,1
celebrates,1
howto,1
made,1
gear,1
personalbranding,1
bigbiz,1
adtech,1
grad,1
ctas,1
nhow,1
fingeips,1
xaregistration,1
slam,1
gamble,1
spent,1
danny,1
specsus,1
aaaaand,1
starupindia,1
reputable,1
throughput,1
itjobs,1
amet,1
suppoer,1
diet,1
span,1
epik,1
techjobs,1
sponsorship,1
title,1
validator,1
visited,1
redirected,1
relevance,1
gddy,1
godaddy,1
domfun,1
schwaz,1
rick,1
jargon,1
retargeting,1
exclusion,1
excuse,1
motivationmonday,1
reliability,1
smallbizindia,1
visible,1
powerupyoursmallbiz,1
nationalpumpkinday,1
magical,1
spirit,1
nationalchocolateday,1
yummy,1
brandable,1
xcif,1
freelance,1
teammat,1
style,1
complement,1
conventional,1
limitation,1
agrees,1
rupp,1
wardrobe,1
performance,1
optimisation,1
prefer,1
retweet,1
lunche,1
pharmaceutical,1
webdesign,1
enjoyed,1
utilized,1
fifty,1
verisignuk,1
resellers,1
stoner,1
happyholiday,1
jean,1
pair,1
neumann,1
peter,1
namecollision,1
smallbusine,1
resolver,1
shine,1
puppy,1
vinegar,1
aftermarket,1
prakhar,1
universal,1
hosting,1
select,1
web,1
sheet,1
redesign,1
champ,1
disruptiveworld,1
nacho,1
bowl,1
na,1
boom,1
throwback,1
competivie,1
bizindia,1
lovenet,1
securitysuperhero,1
booster,1
outreach,1
influencer,1
beginner,1
competive,1
creates,1
cake,1
tidbit,1
planet,1
closed,1
tipthursday,1
longlivechulk,1
xchuck,1
farsanka,1
berlin,1
platinium,1
iyengars,1
harness,1
advancement,1
herotalkies,1
wemakescholars,1
suppos,1
kashmironestop,1
cardekho,1
mrktg,1
mktg,1
tradition,1
cleck,1
mompopbusinessownersday,1
ae,1
eagle,1
gaatha,1
sum,1
evolutionary,1
beauty,1
embraced,1
halal,1
nwatch,1
fanza,1
freelancer,1
doorstep,1
wind,1
accomplishment,1
advocate,1
tshi,1
beneficial,1
organize,1
buzzin,1
staupinda,1
orleans,1
wrap,1
lorraine,1
alex,1
periscope,1
stau,1
hurry,1
funwithcoworkers,1
megha,1
collaborator,1
teague,1
ietf,1
jumbo,1
clan,1
guitar,1
solar,1
interactive,1
informative,1
overseas,1
barcelona,1
population,1
gopbn,1
exceptional,1
himachal,1
succe,1
webpush,1
findi,1
overwhelmed,1
stability,1
manrs,1
dreamer,1
getyourdotcom,1
appear,1
venturecapital,1
bail,1
vegan,1
angelbeat,1
preso,1
dtrace,1
addition,1
sponsored,1
amplify,1
hackdisrupt,1
specialneeds,1
sensory,1
melon,1
optimise,1
techcrunch,1
fence,1
gigabit,1
rundown,1
intent,1
analyze,1
grande,1
xansalo,1
xapi,1
crecer,1
para,1
potencial,1
tiene,1
negocio,1
peque,1
impoa,1
localize,1
teach,1
netdomain,1
keepdreaming,1
websummit,1
cloudbazaar,1
xcho,1
fierce,1
excitement,1
launching,1
techweek,1
afternoon,1
goood,1
nottingham,1
mention,1
desired,1
competitor,1
perc,1
seventy,1
professionalism,1
jumpsta,1
mythbuster,1
sufficient,1
domainnam,1
brighton,1
dines,1
rachel,1
mdnshelp,1
greatdomain,1
inexperie,1
namest,1
crystal,1
xcdomain,1
existence,1
personalize,1
socialmediatips,1
discou,1
gimmick,1
genuine,1
eatmywords,1
tent,1
watkins,1
selecting,1
brai,1
fou,1
reassurance,1
penalizing,1
suggest,1
episode,1
cyberwar,1
listens,1
kettle,1
chipandpin,1
stealthy,1
contactless,1
airbags,1
tamper,1
mechanic,1
xcthink,1
usarmy,1
socialengineering,1
boomer,1
parking,1
formidable,1
deactivate,1
infringement,1
exempt,1
cryptowall,1
lobby,1
droidjack,1
diebold,1
adblocking,1
pagefair,1
ordeal,1
xcode,1
serf,1
digitalrights,1
intrusiondetectionsystem,1
trackingprotection,1
protonmail,1
tutorial,1
unusable,1
applepay,1
touchid,1
void,1
chop,1
function,1
immune,1
livestreamers,1
twitch,1
paymentreceipt,1
donotreply,1
badbarcode,1
barcodes,1
policebodycamera,1
preloaded,1
beacon,1
imperceptible,1
baa,1
barnett,1
nfrom,1
livecycle,1
coldfusion,1
band,1
edmun,1
nsuppo,1
hacktivists,1
bahrain,1
hefty,1
punishable,1
offence,1
ghostpush,1
shedun,1
disclosure,1
msedge,1
anlaysis,1
virustotal,1
paris,1
nread,1
edellroot,1
talktalk,1
youth,1
fdic,1
brookstro,1
ijarman,1
ruling,1
forgotten,1
greek,1
ncomputers,1
romancescam,1
romance,1
whammy,1
jerry,1
marvel,1
modem,1
cellular,1
colombian,1
xtreme,1
delegate,1
parisclimatesummit,1
programing,1
smallprint,1
kidney,1
xcdefer,1
cadelle,1
notebook,1
toshiba,1
jailbroken,1
asking,1
sextoion,1
immobilizer,1
prosecute,1
trio,1
findmyiphone,1
cop,1
offensive,1
disappear,1
romania,1
hacktool,1
pupy,1
platforem,1
invitation,1
bootloader,1
grub,1
historic,1
settlement,1
msoffice,1
kerberos,1
phantomsquad,1
snailmail,1
ashleymadisonhack,1
screenos,1
juniper,1
entanglement,1
signify,1
cousin,1
raspberrypi,1
see,1
laundering,1
hacktivist,1
insulting,1
radamant,1
graphical,1
plymouth,1
train,1
inflict,1
streamer,1
ezcast,1
lift,1
layeredsecurity,1
receives,1
carding,1
nsystems,1
remark,1
injudicious,1
ddbc,1
cybercrminal,1
detetion,1
echr,1
squirrel,1
telegraph,1
xcthreat,1
fresno,1
lasspass,1
insurer,1
deduction,1
atlanta,1
finder,1
recon,1
automaker,1
outperforms,1
advancedthreatprotection,1
samsunggalaxy,1
sneaky,1
clickfraud,1
phonefraud,1
cce,1
rechnung,1
soehne,1
nilsson,1
tril,1
aa,1
dispatch,1
customercare,1
financing,1
clampdown,1
prepaid,1
disables,1
comodo,1
nrecovery,1
admits,1
massachusetts,1
tighter,1
rfid,1
scareware,1
cessation,1
nnovember,1
infostealers,1
dashcam,1
xcfree,1
rubin,1
andy,1
inventor,1
adobeexperiencemanager,1
adobeconnect,1
adobebridge,1
adobeflashplayer,1
thrive,1
futile,1
vday,1
lizardsquad,1
declare,1
wifatch,1
mobileapp,1
psychological,1
cable,1
florist,1
dispute,1
berlinale,1
carpet,1
ten,1
localized,1
bebloh,1
cidox,1
aide,1
briefly,1
linuxmint,1
ratopak,1
cruise,1
meter,1
blockbuster,1
punishment,1
bromwich,1
preceded,1
tellling,1
appletv,1
myanmar,1
thai,1
burmese,1
payroll,1
mule,1
schneider,1
wforms,1
wform,1
prolific,1
boat,1
cargo,1
weaker,1
turkish,1
hellman,1
diffie,1
pioneer,1
intrusion,1
renogtiate,1
fireos,1
optional,1
retrieve,1
hijacked,1
boast,1
inkjet,1
spelling,1
chess,1
interaction,1
concept,1
wrongful,1
codesigning,1
workstation,1
vrealize,1
clarkkent,1
pennsylvania,1
domino,1
vids,1
skilled,1
criticism,1
pdfs,1
badlock,1
xccrucial,1
carberp,1
brobot,1
bankheist,1
vehiclesecurity,1
cardcash,1
dorking,1
taidoor,1
cyberinsurance,1
terminal,1
denies,1
browserextensions,1
snuck,1
xsurreptitious,1
usgovernment,1
longstanding,1
encrypts,1
broadcast,1
viualreality,1
oculusrift,1
usbstick,1
captchas,1
greatfirewall,1
spec,1
californian,1
unnamed,1
uninstall,1
blackhole,1
mastermind,1
nears,1
stricter,1
berkeley,1
statistic,1
advisory,1
ecuador,1
electoral,1
spyeye,1
appmeasurement,1
mexico,1
registered,1
extos,1
pop,1
daserf,1
tick,1
toymaker,1
seize,1
propaganda,1
dubious,1
borrow,1
webmail,1
videoconferencing,1
telepresence,1
inse,1
xcdeep,1
worldpasswordday,1
quantumcomputer,1
criticalinfrastructure,1
eretail,1
imagemagick,1
chase,1
jpmorgan,1
tumblr,1
smadoorbell,1
nationalintelligence,1
xcpasswords,1
onedrive,1
dronebusters,1
gon,1
pesky,1
glean,1
approx,1
nadult,1
disguised,1
logger,1
exgtradition,1
lazar,1
lehel,1
marcel,1
aerospace,1
riddled,1
bloatware,1
slice,1
stressful,1
xcsuper,1
vulture,1
collapse,1
mtgox,1
assassin,1
replaced,1
subve,1
utorrent,1
repoing,1
badtunnel,1
undergrad,1
secuiy,1
cooky,1
pidgin,1
afidocs,1
swagger,1
burglar,1
carbonite,1
oversees,1
bidder,1
discrimination,1
algorithmic,1
aclu,1
iribe,1
oculus,1
muslim,1
specialty,1
pandora,1
qualcomm,1
dedicated,1
approves,1
trailer,1
busiest,1
referendum,1
theater,1
kingdom,1
traditional,1
stable,1
miui,1
xiaomi,1
paperclip,1
fiat,1
anonymity,1
delilah,1
dating,1
flamethrower,1
warframe,1
replica,1
defines,1
obama,1
appadvisor,1
mischa,1
emirate,1
arab,1
brake,1
acceleration,1
valasek,1
charlie,1
remvio,1
autopilot,1
activation,1
arizona,1
belgium,1
sweden,1
revealed,1
sauron,1
lotr,1
shelf,1
dota,1
inject,1
exfiltration,1
democratic,1
tear,1
proceeds,1
controversy,1
vietnam,1
divorce,1
democrat,1
inoperable,1
circuit,1
louisanaflood,1
tricked,1
obtrusive,1
punish,1
nvulnerabilities,1
transmission,1
bittorrent,1
installer,1
rental,1
entrance,1
lankan,1
teenager,1
patent,1
aificial,1
rambler,1
brazzers,1
punch,1
mighty,1
pack,1
denial,1
noise,1
mooncakes,1
alibaba,1
volkswagen,1
aspergers,1
missile,1
producer,1
downton,1
duncan,1
jackie,1
lowest,1
stampado,1
operative,1
googleallo,1
remove,1
soft,1
alicia,1
capcom,1
nsite,1
jailbreaking,1
mobilem,1
voldemo,1
potter,1
homage,1
nagini,1
conservative,1
fearful,1
unlocking,1
haley,1
ceofraud,1
dual,1
noticed,1
overdose,1
crown,1
leaking,1
murchu,1
checked,1
spy,1
meteorology,1
bureau,1
foothold,1
sshowdown,1
chastinemenrige,1
nforgiveness,1
ascesso,1
explosion,1
xpork,1
hurricanematthew,1
divulges,1
eah,1
xanow,1
raid,1
sensationalist,1
distribute,1
njrat,1
cure,1
disease,1
racket,1
fever,1
unfettered,1
donald,1
obfuscators,1
observed,1
aificialintelligence,1
accident,1
cyberheist,1
equation,1
adwords,1
chen,1
facbook,1
memcached,1
grind,1
knock,1
swindle,1
philip,1
overconfident,1
piggybacked,1
pound,1
britain,1
compromising,1
disrupt,1
mobilemonda,1
fraught,1
arrives,1
ntransfer,1
one,1
markzuckerberg,1
recovers,1
phonecalls,1
freeze,1
finland,1
finnish,1
appstore,1
blacknurse,1
looked,1
fifa,1
whitelists,1
whitelist,1
background,1
battery,1
interfering,1
ransacks,1
kiwicon,1
quest,1
electrocute,1
eavesdrop,1
navy,1
xckeygens,1
cleanup,1
ride,1
xaif,1
cripple,1
similar,1
cyberweek,1
disruptive,1
stdecember,1
honest,1
expiry,1
ringleader,1
footage,1
pornopoker,1
evolving,1
goldeneye,1
traverse,1
tank,1
negligence,1
spends,1
whistleblower,1
cybersec,1
attny,1
indictment,1
backlash,1
backtrack,1
evernote,1
justice,1
ubuntu,1
fakenews,1
methbot,1
scarf,1
glitch,1
journalist,1
newyearsresolution,1
multimillion,1
presenter,1
xcommand,1
newyear,1
autofill,1
booking,1
matteo,1
mario,1
sibling,1
italian,1
facing,1
anchor,1
qwey,1
amendment,1
excessive,1
meitu,1
offense,1
spain,1
neverquest,1
traveltuesday,1
widget,1
old,1
alphabay,1
passpos,1
locked,1
cyberunderground,1
arson,1
barcode,1
steyn,1
invasion,1
vizio,1
crew,1
positioned,1
brokenheaed,1
ramp,1
cofounds,1
xclast,1
defendthecl,1
moscone,1
rasputin,1
jacking,1
juice,1
discloses,1
zcoin,1
font,1
input,1
hiddenfigures,1
inspired,1
cloudflare,1
trash,1
telekom,1
deluge,1
zombie,1
broader,1
recorded,1
teddy,1
nextgen,1
polymer,1
destruct,1
hardest,1
apparel,1
dedicate,1
compan,1
womenonwalls,1
emea,1
xaapa,1
hsbc,1
gchq,1
delayed,1
soundwaves,1
accelerometer,1
doxes,1
interception,1
newer,1
decryptor,1
spock,1
kirk,1
flagged,1
integer,1
equity,1
prone,1
landmark,1
motion,1
appeared,1
dishwasher,1
absence,1
isps,1
taxreturns,1
cache,1
extract,1
exto,1
laser,1
tend,1
unofficial,1
kodi,1
drill,1
extent,1
thesas,1
moneyadvice,1
autism,1
dallas,1
siren,1
tilt,1
annoy,1
blow,1
spare,1
hijacker,1
airbnb,1
easterweekend,1
sanction,1
repoers,1
easter,1
nasa,1
jobseekers,1
signature,1
taxday,1
blackhats,1
reship,1
patsy,1
weekendreads,1
ambient,1
skeleton,1
synthetic,1
ministry,1
danish,1
magento,1
madison,1
ashley,1
banswift,1
staffer,1
xtitanium,1
chunk,1
admit,1
cardiff,1
league,1
regard,1
saboteur,1
paicipants,1
church,1
prosecutor,1
dataset,1
programmer,1
maythefouhbewithyou,1
conces,1
googledocs,1
historyof,1
malwarehunter,1
impressive,1
encoder,1
reverse,1
handbrake,1
unreleased,1
popstar,1
explicit,1
guardian,1
capturetheflag,1
xafor,1
oliver,1
execute,1
modified,1
havent,1
ratio,1
wannacryattack,1
dynamic,1
undelete,1
removable,1
timezone,1
sprea,1
heatmap,1
wnry,1
infe,1
likelihood,1
indicate,1
xccyber,1
thrown,1
aaecebcafdbbceae,1
heat,1
attempted,1
propagate,1
tired,1
commenters,1
neutrality,1
lifespan,1
shoen,1
corrupt,1
commonality,1
evening,1
creep,1
earlier,1
eternalpot,1
onwards,1
publicizing,1
crysis,1
material,1
meager,1
comparison,1
motorcycle,1
ulbricht,1
ross,1
silk,1
onelogin,1
nationwide,1
cut,1
ethiopia,1
malwarefails,1
cryptodefense,1
misstep,1
eastern,1
redirections,1
darkleech,1
pseudo,1
bitcoiners,1
schoolboy,1
britney,1
shofall,1
raspberry,1
config,1
virgin,1
tuesdaymotivation,1
cigarette,1
xcsecurity,1
hiddencobra,1
windowsxp,1
unsuppoed,1
captivate,1
giggle,1
intercept,1
uptick,1
shuts,1
wall,1
loophole,1
emotion,1
doll,1
settle,1
fausto,1
provide,1
definition,1
viklesh,1
paddy,1
perfc,1
filename,1
underlined,1
hmsqueenelizabeth,1
aircraft,1
blank,1
eternalromance,1
correction,1
fffb,1
skip,1
systemd,1
explanation,1
succinct,1
illinois,1
terrorism,1
nonpetya,1
caller,1
harddisk,1
xcprivate,1
lunchtime,1
chipset,1
broadcom,1
summervacation,1
diversity,1
stopchildabuse,1
increased,1
installs,1
apts,1
plain,1
transcript,1
devs,1
sends,1
transmit,1
infrared,1
tizen,1
lloyd,1
swim,1
anxious,1
aspensecurity,1
greene,1
shutdown,1
scooter,1
sourcevalve,1
tvos,1
enteain,1
swedish,1
magnet,1
microchip,1
wisconsin,1
vacation,1
occupied,1
indoors,1
thawre,1
vijay,1
hiding,1
dnchacks,1
maze,1
moonlight,1
ghosttelephonist,1
xanonymous,1
womenininfosec,1
queue,1
nervous,1
unrelated,1
fantasti,1
kronos,1
takeaway,1
burr,1
sticker,1
strand,1
encode,1
distance,1
postgresql,1
sonicspy,1
stingray,1
enemy,1
maersk,1
undergo,1
foxit,1
ridiculous,1
enclave,1
reply,1
blackhat,1
grange,1
waylon,1
destruction,1
frequenter,1
righttoprivacy,1
jenkins,1
supremacy,1
fruit,1
lacked,1
hurricaneharvey,1
forcing,1
upwards,1
latin,1
taringa,1
extoionists,1
estonian,1
minister,1
xabut,1
commonplace,1
virginia,1
crackas,1
transpo,1
blueborne,1
warrantless,1
lawsuit,1
independence,1
iotfails,1
python,1
optionsbleed,1
equifaxhack,1
kept,1
ldap,1
zniu,1
probing,1
tube,1
barrage,1
natl,1
taboola,1
championship,1
mustache,1
beard,1
hairy,1
drug,1
csrr,1
trickbots,1
dram,1
rowhammer,1
hint,1
xcno,1
stalker,1
buyer,1
robber,1
indistinguishable,1
asleep,1
mini,1
eavesdropping,1
opintel,1
marital,1
african,1
drama,1
production,1
nypd,1
xccollege,1
compare,1
originate,1
sarahah,1
slipup,1
coinhive,1
duhk,1
outbrea,1
heathrow,1
malaysian,1
dodge,1
beaten,1
auditory,1
recaptcha,1
fingerprinting,1
canvas,1
slidedeck,1
truly,1
groovy,1
diplomatic,1
multisig,1
parity,1
onlinesafety,1
shoages,1
staffing,1
xcvulnerability,1
eavesdropper,1
mimikatz,1
boeing,1
inappropriate,1
obfuscate,1
onlin,1
impersonator,1
abysmal,1
destabilize,1
container,1
symantecblog,1
movement,1
replay,1
googlehome,1
synopsis,1
chromebook,1
acknowledges,1
imgur,1
bolster,1
twin,1
evil,1
socia,1
upload,1
pornographic,1
webex,1
cybersecuiy,1
pen,1
carry,1
xphoto,1
amass,1
science,1
nicehash,1
evade,1
dwell,1
cuails,1
handgun,1
plead,1
malfunctio,1
diego,1
homeless,1
nohkorea,1
attribute,1
remain,1
networkextension,1
usage,1
captcha,1
allegation,1
coinbase,1
connected,1
homekit,1
bitcoinmining,1
chuckle,1
receive,1
joyous,1
dispense,1
fir,1
propoion,1
filter,1
bsod,1
trackmageddon,1
bigges,1
reasonable,1
unveils,1
snafu,1
adveisers,1
shady,1
bandwagon,1
crackdown,1
chatbot,1
snail,1
enforcer,1
lighten,1
manslaughter,1
involuntary,1
barriss,1
xcswautistic,1
tyler,1
swatter,1
serial,1
instability,1
trope,1
sparc,1
norwegian,1
oneplus,1
defraud,1
harn,1
useless,1
panic,1
stance,1
criticizes,1
introducti,1
workinglife,1
metasploit,1
autosploit,1
dependency,1
gnss,1
bringing,1
itrc,1
manageengine,1
micros,1
coincheck,1
automatic,1
celebs,1
sewage,1
keen,1
belonging,1
datingscams,1
belgian,1
seized,1
cryakl,1
salon,1
loopx,1
creden,1
symbol,1
lawyer,1
immigration,1
integrates,1
fiduciary,1
securityautomation,1
wotc,1
foley,1
starker,1
commodity,1
philadelphia,1
nato,1
corporation,1
xcbest,1
scawardeurope,1
ireland,1
nohern,1
personnalis,1
canadian,1
xbcrozeit,1
besten,1
xaufiger,1
angreifer,1
strukturen,1
technische,1
instanz,1
erster,1
ihre,1
xallen,1
meisten,1
infosecuritymag,1
succumb,1
sorb,1
warrior,1
nbafinals,1
brokerage,1
xcplus,1
ignite,1
bourbon,1
hospitality,1
reste,1
xaatre,1
tricky,1
shoo,1
csmny,1
speaks,1
plut,1
xhumain,1
plus,1
reposent,1
clicking,1
zusy,1
technologiques,1
uniquement,1
personnes,1
sinnvoll,1
smaphos,1
schutz,1
womenthatcode,1
moon,1
astrumek,1
xaholt,1
deutschland,1
gootkit,1
xahrlicher,1
offenbar,1
doublepulsar,1
entwendete,1
sait,1
majeure,1
mondiale,1
homefront,1
cyberwarfare,1
override,1
prey,1
gefahren,1
lauern,1
netzwerke,1
soziale,1
ongoing,1
sponsore,1
shoener,1
munich,1
lightweight,1
reducing,1
chatbots,1
schnapper,1
camp,1
holistic,1
hahn,1
tarkin,1
moff,1
rogueone,1
auszuspionieren,1
anwender,1
wurm,1
botfrei,1
schnappchen,1
threatresponse,1
shocuts,1
emmanuel,1
publishes,1
xcbateleur,1
cana,1
colorado,1
celebrated,1
mailfiance,1
doit,1
cloudfiance,1
apprec,1
brightest,1
archivierung,1
zack,1
zdnet,1
werbung,1
xbcnschte,1
unerw,1
verbreiten,1
kopiluwak,1
hamburg,1
nehmen,1
booby,1
aquarium,1
ransomwa,1
magazin,1
xegame,1
propager,1
xabgame,1
spoiler,1
utilisent,1
virenfalle,1
locken,1
nachricht,1
vorsicht,1
xafense,1
syst,1
lookalike,1
proofpointprotect,1
nflkickoff,1
football,1
fantasy,1
irmahurricane,1
aid,1
usurp,1
domaines,1
xavention,1
socialmediacompliance,1
klingenden,1
xahnlich,1
proaktiv,1
summary,1
template,1
adopts,1
modernize,1
coder,1
female,1
toaster,1
haben,1
bundestagswahlen,1
breakfast,1
soci,1
vorher,1
aufkommen,1
sagt,1
xbthe,1
correlate,1
chatstc,1
kickoff,1
lernt,1
woche,1
raubt,1
schlaf,1
sicherheitsexpeen,1
cyberenergy,1
classification,1
xahrlich,1
xbcgerische,1
stoppt,1
seminar,1
iezzoni,1
christopher,1
soapbox,1
paint,1
envizyon,1
nutzt,1
carm,1
unmanaged,1
finraadreg,1
highjack,1
atteignent,1
xelles,1
avant,1
bloquez,1
xatectez,1
darkness,1
vorbei,1
kommen,1
sicheristsicher,1
apparent,1
purveyor,1
schief,1
etwas,1
reagieren,1
erreichen,1
stoppen,1
besuchen,1
jahr,1
diesis,1
reputational,1
adressie,1
downloading,1
torpedo,1
undetectable,1
exploiter,1
empresse,1
supervise,1
sent,1
tie,1
aktuelle,1
angriffen,1
rabbit,1
ausgenutzt,1
xbcngste,1
lineup,1
innovategovt,1
xcemail,1
await,1
onward,1
dritten,1
attacken,1
zunahme,1
austria,1
angriff,1
neuer,1
xsterreich,1
xoffre,1
securityisateamgame,1
hershey,1
siliconrepublic,1
xcsteal,1
kuroda,1
erkennung,1
socialmediascams,1
socialgov,1
acquisiti,1
xacle,1
majeur,1
xafi,1
marque,1
xaputation,1
govcon,1
angelo,1
pfpt,1
incontournable,1
commodit,1
bient,1
xacuris,1
passerelle,1
compete,1
presenting,1
denis,1
compre,1
shoppe,1
dprk,1
arnaques,1
xabl,1
cadeaux,1
infras,1
lifecycles,1
tradecraft,1
fundraising,1
quelles,1
bancaires,1
xarober,1
prosperous,1
happyholidays,1
xbcffeln,1
schn,1
konzerne,1
tremen,1
xclike,1
cybersecuritypredictions,1
swarm,1
schauer,1
herv,1
xalectroniques,1
composants,1
graf,1
xintel,1
frappent,1
sicherheitslecks,1
kritische,1
schlie,1
venir,1
pire,1
gdprcountdown,1
newsweek,1
vacances,1
prennent,1
seasonal,1
dernier,1
fedsec,1
abstand,1
schon,1
gehen,1
selbst,1
instable,1
trop,1
prix,1
interesse,1
zahlungsmittel,1
grundverordnung,1
spen,1
phenomenon,1
dispropoio,1
xtax,1
xxero,1
brandnames,1
xalivre,1
chaque,1
comme,1
dataprivacyday,1
aificielle,1
surfer,1
veut,1
threa,1
honour,1
dictionary,1
oxford,1
xautres,1
xaons,1
volent,1
quand,1
cybehieves,1
diveed,1
crims,1
fellow,1
massivement,1
press,1
abzubauen,1
stil,1
xfen,1
xahrungen,1
digitale,1
versuchen,1
channelnews,1
rach,1
kryptomining,1
missbraucht,1
riesiges,1
propage,1
mineur,1
maliciel,1
setting,1
gros,1
consolidation,1
sits,1
cramer,1
beseiti,1
betrugs,1
einer,1
auswirkungen,1
verheerenden,1
sensibilisation,1
proofpo,1
langu,1
bloquer,1
xatecter,1
permettent,1
xagr,1
xate,1
compl,1
gamme,1
fournit,1
xaviter,1
naturelles,1
lors,1
don,1
collecte,1
imitat,1
xbcgereien,1
weiterer,1
intrusio,1
xahmt,1
heise,1
inundate,1
consecutiv,1
imitating,1
seltener,1
forderungen,1
olympic,1
pyeongchang,1
willen,1
xbbr,1
launched,1
forscher,1
dienten,1
wurden,1
gesendet,1
xandern,1
mehr,1
cdwsummits,1
procrastinator,1
domaine,1
cryptomonnaies,1
noire,1
environnement,1
armes,1
trafic,1
exploi,1
rochester,1
involvin,1
heal,1
unfold,1
exhibition,1
unfou,1
thou,1
ferrara,1
alto,1
palo,1
cssuk,1
flawedammyy,1
announcement,1
reconfigure,1
lifelock,1
wassenaar,1
voted,1
tshis,1
helicopter,1
maxcdn,1
node,1
exit,1
reboot,1
snowball,1
snap,1
giftcard,1
browsing,1
cute,1
grader,1
fridge,1
hinder,1
kpmg,1
payer,1
outdated,1
xcsite,1
demise,1
xcapplication,1
bugzilla,1
blueshield,1
bluecross,1
excellus,1
prop,1
weird,1
notc,1
purchasing,1
marc,1
twice,1
unintended,1
opal,1
suspicious,1
educate,1
dependent,1
cybersecuri,1
ator,1
utility,1
battlefront,1
eject,1
triangle,1
yellow,1
neutral,1
minor,1
indication,1
compliment,1
xayes,1
manner,1
proofing,1
bearish,1
slip,1
notch,1
nascio,1
insufficient,1
neglected,1
fixed,1
experian,1
expense,1
protected,1
haha,1
bsimm,1
swsec,1
medieval,1
likens,1
demoed,1
format,1
siri,1
aftehought,1
nabin,1
stupid,1
vtech,1
careful,1
warrant,1
obvious,1
slowed,1
cutoff,1
ford,1
xtis,1
strip,1
clearblade,1
scramble,1
meaningful,1
lag,1
persist,1
mandatory,1
emailed,1
atypical,1
yikes,1
creepy,1
yous,1
stellar,1
green,1
flavio,1
jabber,1
cautious,1
enables,1
sake,1
stubborn,1
lapse,1
lurks,1
nthanks,1
anticipates,1
adblockers,1
sophos,1
incidence,1
circleid,1
logins,1
selecthealthit,1
baked,1
laserjet,1
arbor,1
deserialization,1
naive,1
adblocker,1
closer,1
turnaround,1
furious,1
careless,1
deceptive,1
advocated,1
underscore,1
trane,1
heath,1
withdrawal,1
unlimited,1
ssns,1
horizon,1
blotter,1
striptls,1
healthitsecurity,1
violation,1
outward,1
grasp,1
threatmetrix,1
collateral,1
illustrate,1
withhold,1
preparers,1
woeful,1
industrialization,1
impervious,1
slacker,1
novice,1
hesitant,1
innovationsandbox,1
imagine,1
hitse,1
burwell,1
sil,1
continual,1
boardroom,1
gentle,1
xcgo,1
yank,1
convenience,1
mission,1
simulate,1
mindset,1
eset,1
untrusted,1
prominent,1
liability,1
muddle,1
absue,1
cycbercriminals,1
devalue,1
manufacture,1
cell,1
skycure,1
cyberrisk,1
blind,1
cryptoworm,1
deserve,1
sslce,1
gosnym,1
horse,1
thanatos,1
multigrain,1
cyberscam,1
macworld,1
anger,1
pursue,1
caucus,1
delf,1
blogspot,1
bestpractices,1
junk,1
passwordday,1
affordable,1
dongle,1
closet,1
negate,1
keygen,1
ceenroll,1
sophistication,1
unprepared,1
improves,1
clint,1
abacus,1
complementary,1
notable,1
paste,1
updaters,1
multipurpose,1
crisis,1
theatrical,1
comprise,1
cyberincident,1
priceless,1
properly,1
depaing,1
hostage,1
silent,1
acer,1
harbor,1
reactive,1
streamlines,1
untold,1
plex,1
regret,1
noticing,1
tchnavio,1
ruthless,1
ignition,1
identifiable,1
prescription,1
pentest,1
procedure,1
jackware,1
unpredictable,1
powerware,1
recoverable,1
craigslist,1
ebay,1
overshadows,1
diagnosing,1
kernel,1
fatal,1
aiming,1
saver,1
carnival,1
connectedcars,1
ounce,1
spoofers,1
remind,1
intersect,1
experienced,1
unidentified,1
acute,1
yeah,1
territory,1
phishy,1
worsens,1
widens,1
xbuggiest,1
cambridge,1
medtechsecurity,1
nccoe,1
privatekey,1
village,1
applies,1
keyscaler,1
assault,1
iheahit,1
inherent,1
attend,1
physician,1
unsettling,1
nmark,1
johnson,1
reluctant,1
easiest,1
defender,1
nose,1
expei,1
veracode,1
spotify,1
digishi,1
expiration,1
secot,1
suffers,1
struggle,1
gottalovethem,1
openness,1
brownfield,1
akamai,1
mics,1
holidayscams,1
withstand,1
iteration,1
talos,1
nthese,1
cannon,1
fodder,1
stegano,1
posibble,1
threefold,1
icmi,1
pleasant,1
competent,1
smacar,1
ransomworm,1
mhealth,1
purchaser,1
healthdata,1
bet,1
listing,1
lazy,1
keytransparency,1
lookup,1
nfinalist,1
upstream,1
recommend,1
ceificatetransparency,1
heabeat,1
biometricsecurity,1
hitsecurity,1
layered,1
websecurity,1
donatello,1
vinci,1
announced,1
appointment,1
instruction,1
selected,1
ispg,1
hm,1
foinet,1
quietcomfor,1
hitsm,1
quie,1
organ,1
xawith,1
phenomenal,1
xaenough,1
xait,1
rasc,1
excelle,1
aruba,1
discourage,1
securing,1
writes,1
survive,1
concrete,1
someday,1
everytime,1
crush,1
icit,1
logging,1
flatline,1
wedi,1
nokia,1
isoc,1
assure,1
alan,1
expound,1
upwork,1
screenshot,1
barometer,1
lane,1
reqs,1
baseline,1
pain,1
installed,1
xspyke,1
society,1
nominate,1
innovator,1
whyte,1
william,1
mosca,1
michele,1
complacent,1
usbs,1
advises,1
brickerbot,1
devic,1
hunter,1
progeny,1
thycotic,1
povey,1
tenet,1
quadcopter,1
bromium,1
spanish,1
yield,1
openvpn,1
mdi,1
adaptive,1
timestam,1
investigate,1
stacom,1
tower,1
blogger,1
hades,1
marriage,1
xinverse,1
fold,1
wormable,1
cardiac,1
chipotle,1
usher,1
synopsys,1
fireball,1
skimp,1
dojo,1
gizmo,1
pace,1
jaff,1
pitfall,1
qakbot,1
xcritical,1
album,1
curiosity,1
taskforce,1
happycustomer,1
brilliant,1
generous,1
platinum,1
robo,1
elasticity,1
powerpoint,1
injury,1
usernames,1
xcrash,1
treatment,1
linus,1
stack,1
escarusa,1
upnp,1
gray,1
hood,1
defending,1
incentive,1
wiper,1
expetr,1
navigate,1
governance,1
associate,1
cleveland,1
blackenergy,1
indiana,1
leaky,1
copycat,1
bupa,1
oveime,1
lockpos,1
leakerlocker,1
mayo,1
gandi,1
highrise,1
arlington,1
nemucodaes,1
davis,1
robak,1
laila,1
favor,1
integrate,1
separate,1
trickbot,1
myspace,1
psychology,1
nuance,1
locator,1
surescripts,1
actual,1
appoint,1
table,1
customization,1
docker,1
sank,1
blunder,1
dakota,1
spew,1
copyfish,1
limiting,1
jared,1
busine,1
disparate,1
brandon,1
accidental,1
xzero,1
hinders,1
superhero,1
carmaker,1
corner,1
weaponize,1
cylance,1
daters,1
unbelievable,1
ball,1
angeles,1
trzupek,1
deepens,1
scottish,1
ward,1
vaccine,1
deloitte,1
pwnie,1
beginning,1
debian,1
synccrypt,1
xepidemic,1
surgery,1
cryptomix,1
array,1
unpatchable,1
low,1
nothing,1
logons,1
accepted,1
oncology,1
delaware,1
malspam,1
pill,1
swallow,1
doxagram,1
halifax,1
suppor,1
iniatives,1
vevo,1
ourmine,1
vince,1
knowledgeable,1
ccleaner,1
sharing,1
revamp,1
motel,1
phoenix,1
earns,1
veteran,1
negligent,1
unnoticed,1
overlord,1
duress,1
thedarkoverlord,1
therapy,1
jose,1
pktechdays,1
medtechconference,1
donut,1
tournament,1
golf,1
joke,1
gauge,1
scree,1
computerworld,1
fabian,1
customerservice,1
commend,1
rmccsc,1
automate,1
scalable,1
maritime,1
hindrance,1
commute,1
comply,1
changer,1
immersive,1
keyvault,1
setup,1
superb,1
wildcards,1
reissue,1
merge,1
appservice,1
azurestack,1
iotdevices,1
shaun,1
aboard,1
headcount,1
quintuple,1
finalizes,1
trustservices,1
foh,1
milestone,1
closing,1
poison,1
ehnac,1
shazad,1
ceificatemanagement,1
xpki,1
contract,1
openly,1
mult,1
corey,1
sccm,1
gala,1
facto,1
virusto,1
transition,1
smooth,1
interv,1
expect,1
recipe,1
replicates,1
filecoder,1
scarab,1
nhisac,1
openemr,1
alister,1
custome,1
damion,1
sean,1
nadim,1
ivan,1
unti,1
nico,1
james,1
leon,1
drew,1
brett,1
orde,1
arpad,1
zougar,1
chad,1
trent,1
alain,1
thin,1
contac,1
matthew,1
norm,1
greig,1
kristoff,1
tomas,1
dennis,1
numb,1
suman,1
meantime,1
pete,1
informat,1
anna,1
medicine,1
rody,1
webm,1
prefix,1
zogby,1
surve,1
digic,1
soren,1
painful,1
inform,1
betray,1
currentl,1
oren,1
todd,1
compression,1
brotli,1
golden,1
thomas,1
lake,1
salt,1
robin,1
handy,1
laurent,1
kristov,1
devid,1
inconvenience,1
dtech,1
migration,1
petter,1
han,1
contrast,1
soed,1
qualification,1
scaling,1
maximum,1
matt,1
companion,1
workout,1
negative,1
revocation,1
jeremiah,1
diagnostic,1
replac,1
ceifica,1
dave,1
diagn,1
myers,1
mitnick,1
techhumor,1
fuuuuuuny,1
digicesecuritysummit,1
nrock,1
keynoting,1
evereet,1
aaron,1
mainez,1
herardo,1
fit,1
ambarish,1
emphasize,1
michal,1
giles,1
christophe,1
crazy,1
expirati,1
aeromacs,1
