security,2915
cybersecurity,2629
infosec,1817
chatstc,1506
email,1418
threat,1385
online,1378
symantec,1359
learn,1357
data,1257
help,1187
ransomware,1174
business,1161
attack,1154
cyber,1151
cyberaware,1115
malware,1056
domain,1009
device,958
today,933
identity,910
name,861
thanks,802
tip,798
website,782
service,766
mobile,743
join,742
privacy,705
smallbiz,685
vulnerability,685
year,684
update,679
secure,655
internet,645
time,634
repo,626
check,591
ale,589
password,586
great,582
breach,569
risk,567
lifelock,564
digital,555
nstic,549
hacker,546
read,535
information,521
call,496
info,493
blog,492
customer,486
user,480
work,480
social,480
tech,474
protect,464
best,459
latest,459
protection,454
sorry,448
free,440
account,439
team,435
fraud,429
please,427
android,422
need,417
month,415
authentication,414
company,412
register,411
webinar,410
thing,408
system,405
safe,405
week,401
healthcare,400
network,396
look,395
scam,394
card,390
solution,390
office,383
happy,381
share,380
suppo,379
personal,373
payment,371
patch,370
google,370
proofpoint,367
gemalto,363
world,363
good,362
people,361
number,353
post,349
watch,349
phone,337
cloud,333
microsoft,328
thank,327
future,327
medium,326
step,322
organization,321
target,321
click,320
technology,318
talk,314
member,312
sure,311
consumer,310
tool,309
critical,307
access,306
release,305
public,305
discus,305
visit,303
bank,302
attacker,300
next,300
theft,297
industry,296
employee,290
rsac,289
potential,284
software,281
claim,277
victim,277
site,274
detail,274
research,274
hack,274
researcher,270
group,269
malicious,268
tomorrow,268
digice,264
address,263
event,263
available,262
campaign,262
resource,261
last,259
video,257
winner,256
issue,256
ddos,254
wannacry,253
prize,249
apps,248
stop,248
want,248
way,247
open,247
code,243
apple,232
connect,230
computer,229
trojan,224
registration,223
small,223
brand,222
safety,221
multiple,220
defense,220
sma,220
trend,218
compliance,217
credit,217
government,217
state,217
hear,216
pilot,215
show,215
many,215
question,213
experience,211
njccic,209
link,209
sta,209
miss,207
challenge,207
easy,206
program,205
message,202
nist,201
santagothackedsweeps,200
impoant,200
home,199
life,199
strong,197
holiday,197
verisign,196
trust,196
bulletin,194
conference,193
window,191
contact,190
twitter,189
financial,187
product,185
strategy,185
career,184
news,184
leader,184
everyone,183
file,182
ready,182
flaw,182
profile,180
recent,180
chrome,179
banking,179
national,179
idesg,177
exploit,177
problem,177
mantech,176
cybercrime,176
high,175
kid,174
reach,174
list,171
stay,171
spam,170
find,170
facebook,167
criminal,166
concern,166
intelligence,166
socialmedia,165
pa,165
live,165
control,164
private,164
infographic,163
award,163
global,163
order,162
change,162
infrastructure,161
enterprise,161
management,161
incident,161
cltc,161
encryption,160
sector,158
full,154
noon,154
innovation,154
credential,153
market,152
plan,150
reason,149
awareness,147
director,147
gdpr,146
create,146
vulnerable,146
offer,145
marketing,144
version,144
increase,143
paners,143
right,143
ncsam,142
framework,141
story,141
money,141
botnet,139
workshop,138
first,138
ceificate,137
variant,136
dmarc,136
idea,136
health,135
professional,135
visibility,134
meet,134
impact,133
guide,133
adobe,132
know,132
page,131
factor,131
study,131
download,130
paner,130
follow,130
practice,130
steal,129
someone,129
platform,128
panel,128
cyberattacks,128
record,127
season,127
woman,127
parent,126
fake,126
chance,126
medical,126
flash,125
major,125
center,125
mean,125
compromise,124
ecosystem,124
family,124
proud,124
policy,124
keywords,123
privacyaware,123
level,123
frustration,121
child,121
history,121
phishing,120
send,120
date,120
prevent,120
firm,119
traffic,119
biggest,119
booth,119
presence,119
student,119
launch,119
content,118
wifi,117
cost,117
tweet,117
welcome,117
endpoint,116
search,116
comment,116
sign,116
petya,115
able,115
matter,115
contactless,114
ceificates,114
avoid,114
analysis,114
place,113
simple,113
review,113
store,112
activity,111
confidence,110
hour,110
election,110
rise,109
humanfactor,108
volume,108
identitytheft,108
community,108
real,108
bitcoin,108
common,108
biometrics,107
project,107
wednesdaywisdom,106
browser,106
interview,106
come,106
benefit,106
game,106
second,105
operation,105
glad,104
friend,104
gain,103
stand,102
local,102
demo,102
human,102
congrats,102
njcyber,101
discover,101
assistance,101
success,101
scammer,101
apologize,100
apology,100
remote,100
ce,100
expes,100
day,100
fuher,99
power,99
pay,99
car,99
cisco,98
server,98
delay,98
plenary,98
build,98
play,98
feature,98
response,98
bhusa,97
education,97
federal,97
repos,96
average,95
school,95
cybercriminals,95
nice,94
approach,94
survey,94
nccoe,93
sale,93
router,93
demand,93
request,93
current,93
machine,93
extension,92
point,92
healthit,91
wearable,90
spread,90
much,90
cryptocurrency,89
travel,89
standard,89
american,89
congratulation,88
aware,88
training,88
shopping,88
transformation,87
understand,87
role,87
thief,86
depament,86
actor,86
webcast,85
sensitive,85
possible,85
country,85
advanced,85
gateway,84
provider,84
minute,84
engineering,84
application,84
istr,83
thesmatalk,83
trick,83
june,83
president,83
essential,83
landscape,83
answer,82
focus,82
think,82
agency,81
keep,81
advice,81
player,80
source,80
october,80
crime,80
quick,80
popular,80
building,80
execution,79
wallet,79
greg,79
fraudulent,79
energy,79
ransom,79
word,79
assist,78
rule,78
session,78
viual,78
vendor,78
test,78
clark,77
chief,77
mike,77
safer,77
others,77
bug,77
basic,77
rate,77
beware,76
action,76
effective,76
generation,76
perfect,76
force,76
biometric,76
case,76
digitalrisk,75
notification,75
presentation,75
block,75
drive,75
photo,75
cyberattack,75
summit,75
morning,74
board,74
value,74
iphone,74
oppounities,74
prediction,74
linux,73
contract,73
oppounity,73
draft,73
deployment,73
lead,73
discussion,73
care,73
everything,73
series,73
shop,72
channel,72
annual,72
fact,72
city,72
corporate,72
present,72
integration,71
infection,71
mark,71
face,71
aicle,71
tactic,70
acquisition,70
summer,70
smaphone,70
TRUE,70
inconvenience,70
interested,70
analyst,69
development,69
priority,69
interest,69
weekly,69
expe,69
engine,68
january,68
connectivity,68
tune,68
document,68
individual,68
worst,68
brief,67
key,67
secretary,67
meeting,67
conversation,67
different,67
lazarus,66
ganer,66
mozilla,66
deal,66
speaker,66
process,66
agent,66
vote,66
workforce,66
technique,66
securitythreatrepo,65
multi,65
attempt,65
half,65
membership,65
databreach,65
communication,65
mirai,64
patient,64
owner,64
type,64
give,64
speak,64
recommendation,64
advisory,64
lock,63
hard,63
senior,63
habit,63
make,63
something,63
garcia,62
track,62
early,62
view,62
inbox,62
sho,61
hospital,61
july,61
transaction,61
announces,61
onlinesafety,61
india,61
official,61
gift,61
international,61
funding,61
staupindia,60
wordpress,60
firefox,60
throwbackthursday,60
announce,60
loss,60
impoance,59
insight,59
love,59
noh,59
fix,59
competition,59
govcon,58
promo,58
chip,58
bring,58
enough,58
nread,57
location,57
dark,57
march,57
grow,57
virus,57
job,57
white,57
police,57
russian,57
korea,57
responsibility,57
executive,57
area,57
staupuk,56
percent,56
developer,56
advantage,56
detection,56
panership,56
direct,56
leadership,56
catch,56
asap,56
prevention,56
anyone,56
instagram,55
mail,55
chat,55
connection,55
officer,55
technical,55
fall,55
backdoor,54
handle,54
little,54
forum,54
hold,54
attachment,54
dollar,54
core,54
paper,54
submit,54
special,54
highlight,54
manager,54
sponsor,53
guideline,53
collaboration,53
host,53
enable,53
keynote,53
likely,53
quaer,52
dangerous,52
hacking,52
february,52
house,52
verification,52
science,52
womenintech,52
largest,52
result,52
additional,52
impostor,51
cyberlog,51
root,51
easier,51
stopthinkconnect,51
tell,51
enter,51
scale,51
michael,51
assessment,51
lesson,51
defendthecloud,50
europe,50
driver,50
leak,50
fine,50
third,50
guidance,50
receive,50
option,50
girl,50
staed,50
seminar,50
retweet,49
transpo,49
citizen,49
entire,49
operator,49
thursday,49
unique,49
le,49
final,49
long,49
head,49
text,48
warns,48
drone,48
hall,48
line,48
become,48
turn,48
reality,48
hope,48
affect,48
cybhersquad,47
internal,47
kevin,47
screen,47
stas,47
botnets,47
weekend,47
mission,47
investigation,47
topic,47
iotmaker,46
person,46
break,46
april,46
spring,46
spot,46
excited,46
celebrate,46
better,46
measure,46
nation,46
dotcom,45
privacyeng,45
christmas,45
wait,45
massive,45
ecommerce,45
pro,45
convenience,45
tuesday,45
voice,45
university,45
difference,45
apply,45
cyberframework,44
compliant,44
africa,44
cash,44
locky,44
feedback,44
resolve,44
credibility,44
tonight,44
move,44
intel,44
hand,44
growth,44
huge,44
space,44
choice,44
cyberwargames,43
checklist,43
cybeips,43
hotel,43
form,43
fingerprint,43
scheme,43
environment,43
design,43
door,43
korean,43
position,43
kind,43
initiative,43
datenschutz,42
measurement,42
reveals,42
engineer,42
worm,42
relationship,42
valuable,42
component,42
promise,42
bounty,42
staup,42
espionage,42
effos,42
successful,42
complete,42
room,42
model,42
cybehreats,42
attention,42
excellent,42
capability,42
fight,42
military,42
mostdangeroustown,41
girlsgocybersta,41
drop,41
suite,41
adoption,41
requirement,41
china,41
serious,41
default,41
clean,41
veteran,41
charge,41
purchase,41
mind,41
evolution,41
grant,41
self,41
culture,41
assistant,41
magicquadrant,40
oracle,40
crypto,40
eternalblue,40
devops,40
appreciate,40
himss,40
concept,40
secret,40
respond,40
quantum,40
enforcement,40
skill,40
deadline,40
behavior,40
inspiration,40
modern,40
awesome,40
staff,40
namescon,39
mistake,39
dridex,39
zone,39
jeremy,39
byod,39
pick,39
guest,39
wireless,39
finance,39
extra,39
bill,39
yahoo,39
manage,39
teach,39
vbsdcon,38
rank,38
revolution,38
large,38
safeguard,38
original,38
situation,38
layer,38
unsecured,38
deliver,38
podcast,38
regulation,38
task,38
perspective,38
edge,38
field,38
mitigate,38
vehicle,37
delivers,37
protects,37
internetofthings,37
myth,37
combat,37
orgs,37
prepare,37
adult,37
idtheft,37
physical,37
nature,37
lab,37
yesterday,37
attend,37
tipoftheday,36
mining,36
author,36
fintech,36
upgrade,36
vuln,36
gmail,36
monitoring,36
worker,36
hello,36
least,36
main,36
authority,36
url,36
anything,36
stage,36
saferinternetday,36
book,36
choose,36
general,36
toolkit,36
delete,36
return,36
suggestion,36
exchange,36
advance,36
statement,36
grantee,36
single,36
weber,36
finra,35
raiseourvoices,35
dragonfly,35
idtheftchat,35
australia,35
lounge,35
ebook,35
hole,35
vector,35
finalist,35
flag,35
bypass,35
black,35
pas,35
factouesday,35
suspicious,35
forget,35
america,35
analytics,35
reader,35
kick,35
calendar,35
scene,35
goal,35
trump,35
effect,35
cyberspace,35
detect,35
round,35
keyword,34
mondaymotivation,34
chinese,34
tackle,34
industrial,34
december,34
touch,34
speed,34
take,34
size,34
ciso,34
close,34
announcement,34
honor,34
coffee,34
electronic,34
applicant,34
institution,34
specific,34
advisor,34
degree,34
piece,34
spoofing,33
dnssec,33
ass,33
openssl,33
august,33
lehi,33
recognition,33
amazon,33
linkedin,33
anti,33
magazine,33
updated,33
expo,33
teen,33
jeff,33
agree,33
favorite,33
equifax,33
west,33
cool,33
september,33
race,33
provide,33
proposal,33
friday,33
fireglass,32
november,32
star,32
skycure,32
period,32
visitor,32
apache,32
south,32
unknown,32
login,32
backup,32
unauthorized,32
strength,32
audience,32
reputation,32
rsvp,32
committee,32
method,32
term,32
shamoon,31
vmware,31
boost,31
smaphones,31
friendly,31
london,31
antivirus,31
urge,31
employer,31
weak,31
staups,31
night,31
economy,31
ability,31
patchtuesday,30
isolation,30
redirect,30
macos,30
pofolio,30
bureau,30
fiction,30
european,30
license,30
samsung,30
trouble,30
giveaway,30
hide,30
sysadmin,30
insider,30
database,30
lot,30
australian,30
grid,30
cybermonday,30
character,30
encourage,30
higher,30
poal,30
stem,30
monitor,30
vault,30
limit,30
russia,30
vice,30
symposium,30
blockchain,30
scenario,30
destructive,29
script,29
xand,29
venture,29
esim,29
alliance,29
blue,29
chain,29
food,29
roll,29
smaer,29
memory,29
reminder,29
mobilesecurity,29
hidden,29
reveal,29
careful,29
promote,29
mitigation,29
fear,29
monday,29
talent,29
normal,29
evidence,29
paul,29
comprehensive,29
past,29
college,29
course,29
score,29
xaand,28
lifelockforgood,28
saas,28
champion,28
thought,28
japan,28
buying,28
occur,28
insurance,28
profit,28
cause,28
complex,28
deputy,28
emergency,28
whcybercomm,28
deep,28
paicipate,28
light,28
example,28
govt,28
asset,28
begin,28
investment,28
sound,28
defcon,27
measureiam,27
availability,27
shift,27
middle,27
sense,27
hijack,27
japanese,27
highest,27
active,27
client,27
exclusive,27
fileless,27
hotspot,27
wrong,27
relevant,27
retailer,27
related,27
auto,27
explains,27
unable,27
homeland,27
john,27
folk,27
progress,27
creative,27
specialist,27
implement,27
exec,27
amount,27
diversity,27
dubai,27
omnichannel,26
chose,26
philippe,26
revenue,26
knowledge,26
vpns,26
worldwide,26
get,26
disaster,26
patience,26
insecure,26
http,26
refund,26
copy,26
attendee,26
firewall,26
transparency,26
expose,26
trip,26
robot,26
chris,26
commission,26
representative,26
towards,26
excellence,26
david,26
stronger,26
society,26
young,26
helpful,26
foreign,26
vrsnblog,25
epstein,25
put,25
germany,25
iotsecuritynist,25
reston,25
shareawesome,25
registry,25
transfer,25
ticket,25
commerce,25
millennials,25
safenet,25
discovery,25
bigger,25
proxy,25
sophisticated,25
explorer,25
ganersec,25
outbreak,25
element,25
switch,25
safari,25
marketplace,25
authenticate,25
road,25
consider,25
resolution,25
france,25
stuxnet,25
cryptography,25
master,25
former,25
consequence,25
majority,25
xcthe,25
greene,24
humain,24
xbcr,24
technj,24
drastic,24
ultimate,24
efficiency,24
trial,24
vall,24
middleeast,24
danger,24
listen,24
brian,24
surge,24
status,24
ryan,24
valentine,24
vega,24
rowley,24
allow,24
range,24
airpo,24
land,24
cybeip,24
restaurant,24
traveler,24
volunteer,24
consideration,24
native,24
cyberespionage,24
convention,24
wary,24
press,24
cross,24
internship,24
cover,24
workplace,24
mgmt,24
nuclear,24
legal,24
spectre,24
agenda,24
workload,23
monero,23
gang,23
grassi,23
FALSE,23
frustrating,23
swift,23
several,23
journey,23
embrace,23
cecentral,23
firmware,23
pleasure,23
seek,23
tax,23
legitimate,23
imposter,23
permission,23
town,23
install,23
peril,23
johnson,23
disable,23
treat,23
complaint,23
globe,23
pose,23
dedication,23
late,23
greater,23
border,23
colleague,23
sept,23
rest,23
integrity,23
wild,23
administration,23
crucial,23
invest,23
powerful,23
super,23
overview,23
responsible,23
error,23
meltdown,23
subscribe,23
asia,23
domainscope,22
superior,22
cumulative,22
njohsp,22
newjersey,22
buildief,22
vacation,22
backtoschool,22
army,22
accurate,22
authn,22
hackathon,22
capture,22
stagefright,22
severity,22
signing,22
end,22
previous,22
guy,22
opening,22
educational,22
significant,22
passwordday,22
quiz,22
front,22
tablet,22
wish,22
letter,22
water,22
strengthen,22
shout,22
patrick,22
combo,22
woh,22
episode,22
difficult,22
debate,22
bear,22
publication,22
connectedcars,22
joint,22
convenient,22
scholar,22
cltcgrantee,22
interesting,22
aspensecurity,21
infiltrate,21
organisation,21
tcdisrupt,21
wcry,21
exploitkit,21
smominru,21
youtube,21
didyouknow,21
colloquium,21
suspect,21
celebrity,21
female,21
cou,21
save,21
wristband,21
luck,21
implementation,21
shadow,21
protocol,21
fraudsters,21
santa,21
decryption,21
repoed,21
wave,21
custom,21
fool,21
leverage,21
securitysummit,21
commercial,21
shopper,21
continue,21
posture,21
appropriate,21
identify,21
maintain,21
lockdownurlogin,21
laptop,21
congress,21
cybers,21
graphic,21
founder,21
camera,21
useful,21
leaf,21
shape,21
spos,21
note,21
registrar,20
personality,20
facteur,20
coat,20
dkim,20
darkweb,20
jersey,20
sofa,20
hottest,20
desktop,20
instant,20
decade,20
competitive,20
busy,20
resident,20
rapid,20
readiness,20
surface,20
whatsapp,20
confusion,20
let,20
visa,20
edition,20
dozen,20
worry,20
jason,20
stole,20
attract,20
crook,20
automation,20
rich,20
assurance,20
enjoy,20
scan,20
language,20
wide,20
guess,20
stranger,20
recover,20
foundation,20
path,20
tour,20
lure,20
offline,20
maker,20
raise,20
resilient,20
confirm,20
commitment,20
unlock,20
united,20
button,20
cybersecmonth,20
fantastic,20
daily,20
push,20
feel,20
gender,20
class,20
olympics,20
anatomy,19
studie,19
arbitrary,19
takedown,19
joomla,19
miner,19
cybercareerweek,19
arrest,19
credithealth,19
shopsecure,19
coincide,19
effectiveness,19
german,19
loyalty,19
baby,19
retail,19
toy,19
roadmap,19
worse,19
extoion,19
samba,19
gadget,19
integrated,19
survival,19
charity,19
prepared,19
introduces,19
badrabbit,19
efficient,19
correct,19
wire,19
damage,19
harder,19
footprint,19
effo,19
dataprivacyday,19
enhance,19
battle,19
nlearn,19
bihday,19
airline,19
washington,19
eric,19
uber,19
ground,19
showcase,19
decision,19
surprise,19
doubt,19
political,19
picture,19
implication,19
region,19
valley,19
xaes,18
bentley,18
lifeatpfpt,18
handbook,18
plot,18
guilty,18
prison,18
globeimposter,18
cyberawarenj,18
lefkovitz,18
downtime,18
fran,18
dust,18
mobilepayments,18
branch,18
driverless,18
facial,18
behavioral,18
command,18
vulns,18
java,18
distribution,18
printer,18
price,18
double,18
probe,18
telecom,18
kovter,18
weakness,18
fast,18
nhitweek,18
unit,18
grand,18
gather,18
exposure,18
spending,18
grows,18
educate,18
stepsahead,18
determine,18
comfoable,18
clear,18
monthly,18
trade,18
sheet,18
disruption,18
function,18
improve,18
pleased,18
innovative,18
lunch,18
balance,18
gold,18
speech,18
academic,18
namestudio,17
inexpensive,17
faktor,17
kalember,17
playbook,17
famous,17
infect,17
deception,17
metric,17
attribute,17
bird,17
broker,17
repeat,17
receipt,17
memorable,17
xcvb,17
cancel,17
quadrant,17
film,17
plane,17
base,17
taxpayer,17
east,17
enrollment,17
epasspo,17
gemaltome,17
whitepaper,17
earnings,17
jump,17
voter,17
canada,17
spammer,17
storage,17
iotsecurity,17
azure,17
necurs,17
schedule,17
movie,17
nonprofit,17
operating,17
recap,17
brings,17
smbs,17
spike,17
voluntary,17
side,17
positive,17
engage,17
fair,17
sensor,17
theme,17
poor,17
discount,17
offering,17
moment,17
collect,17
fastest,17
newest,17
candidate,17
hire,17
fancy,17
governance,17
variety,17
symgovsym,16
weekday,16
dans,16
wheeler,16
sidus,16
iphones,16
fedid,16
smallbusiness,16
nintendo,16
naomi,16
peek,16
selfie,16
seat,16
ceremony,16
fido,16
mobility,16
street,16
saudi,16
passenger,16
living,16
subscription,16
paris,16
monetization,16
preview,16
reward,16
discovers,16
percentage,16
entrepreneur,16
sabotage,16
predicts,16
collection,16
datasecurity,16
plug,16
cio,16
complexity,16
supply,16
fan,16
sneak,16
krack,16
spear,16
validation,16
label,16
explain,16
stick,16
context,16
image,16
vital,16
delivery,16
strategic,16
table,16
doc,16
directive,16
disconnect,16
quality,16
panerships,16
processor,16
budget,16
resilience,16
crack,16
wednesday,16
lack,16
direction,16
signal,16
dialogue,16
moderate,16
surveillance,16
bot,16
cltcseminar,16
sony,16
vision,16
accessible,16
law,16
everyday,16
hardware,16
heard,16
dotnet,15
finsec,15
dsgvo,15
wayward,15
targeting,15
powershell,15
clinton,15
adversary,15
retefe,15
moscone,15
nicek,15
ribbon,15
nistidentity,15
niceatnist,15
contractor,15
cadet,15
tale,15
amazing,15
affiliate,15
dell,15
crowd,15
pokemon,15
smacities,15
module,15
seamless,15
nthanks,15
peak,15
sweet,15
category,15
expensive,15
prevalent,15
match,15
po,15
ceification,15
targeted,15
phoenix,15
mine,15
reliable,15
gtlds,15
passcode,15
adopt,15
older,15
regular,15
strike,15
guard,15
maryland,15
checker,15
pacemaker,15
cautious,15
manufacturer,15
speaks,15
cell,15
junior,15
investor,15
making,15
savvy,15
admin,15
perception,15
speaking,15
spyware,15
suppos,15
comms,15
fund,15
nothing,15
harm,15
stream,15
weapon,15
incl,15
external,15
databreaches,15
chair,15
whole,15
war,15
silicon,15
odinaff,14
trending,14
slgs,14
cyberdefense,14
kovcoreg,14
achilles,14
standalone,14
coinminers,14
definitive,14
whdglobal,14
emulator,14
messenger,14
exploitkits,14
mysterious,14
display,14
plugin,14
samsam,14
geraghty,14
strut,14
responder,14
phony,14
editor,14
breakout,14
atlanta,14
taxseason,14
reuse,14
reset,14
promotion,14
puzzle,14
plant,14
magic,14
pokemongo,14
ipexpo,14
select,14
preferred,14
transform,14
sxsw,14
index,14
inspire,14
smacity,14
african,14
barcelona,14
swiss,14
auth,14
utility,14
lifecycle,14
dead,14
cloudsecurity,14
unpatched,14
skimmer,14
leap,14
mac,14
hea,14
heableed,14
hajime,14
directory,14
caught,14
javascript,14
proactive,14
intern,14
premium,14
weakest,14
warning,14
fouh,14
division,14
outage,14
onion,14
trusted,14
negative,14
greatest,14
heavy,14
feed,14
proper,14
verify,14
invite,14
toolkits,14
agreement,14
wonderful,14
utilize,14
indicator,14
ship,14
station,14
ceain,14
similar,14
florida,14
legislation,14
recommend,14
california,14
follower,14
coverage,14
institute,14
remark,14
campus,14
primary,14
bottom,14
aim,14
guarantee,14
actionable,14
curious,14
manipulation,14
economic,14
require,14
capable,14
weighs,14
daniel,14
stuff,14
techjob,13
gatak,13
latestintelligence,13
disk,13
casb,13
mensch,13
borne,13
domainspoofing,13
coin,13
western,13
avalanche,13
infects,13
polish,13
mobilemonday,13
lockscreen,13
malveising,13
fanj,13
ukraine,13
privilege,13
cyberale,13
gardenstatecybehreathighlights,13
github,13
disruptor,13
tough,13
mant,13
jailbreak,13
regulator,13
anytime,13
msft,13
contest,13
ordinary,13
cinterion,13
ha,13
estonia,13
lenovo,13
passpo,13
madrid,13
mnos,13
happens,13
jigsaw,13
electric,13
central,13
phishers,13
dream,13
francisco,13
automotive,13
rock,13
cerber,13
proof,13
takeover,13
pump,13
administrator,13
installation,13
expand,13
wipe,13
remove,13
connected,13
networking,13
anniversary,13
camp,13
architecture,13
educator,13
hunt,13
presidential,13
recovery,13
resiliency,13
freeze,13
freedom,13
dropbox,13
intrusion,13
centric,13
messaging,13
macro,13
roundup,13
grab,13
thurs,13
terrorism,13
upcoming,13
entity,13
timeline,13
civil,13
james,13
sbdc,12
freebsd,12
fridayfact,12
cautionary,12
fury,12
hath,12
hell,12
factfriday,12
nutzerverhalten,12
conformit,12
rgpd,12
rappo,12
urgency,12
dump,12
heist,12
