security,6207
cybersecurity,4689
infosec,3006
attack,2159
threat,2077
learn,1882
data,1808
cloud,1727
ransomware,1464
malware,1406
network,1370
splunk,1234
team,1189
thanks,1098
week,1081
ddos,1008
mobile,982
blog,971
today,941
cyber,900
join,899
time,810
webinar,807
secure,806
business,805
read,771
device,739
repo,735
account,722
year,717
help,707
hacker,706
service,673
suppo,662
breach,662
check,656
incapsula,649
android,617
customer,613
risk,604
cybercrime,591
enterprise,586
vulnerability,584
great,581
alto,576
user,572
organization,561
latest,561
foinet,558
palo,558
cyberark,545
please,529
protect,527
news,503
email,499
protection,498
share,496
tip,495
next,482
solution,480
point,478
online,476
system,475
contact,472
website,457
work,456
detail,451
need,444
company,435
best,432
bhusa,428
register,424
issue,423
talk,420
critical,420
video,405
rsac,393
watch,392
tech,390
prevention,383
tool,379
password,376
scam,374
application,367
cyberattacks,363
global,361
technology,361
internet,360
google,357
apps,356
assistance,355
step,354
digital,352
live,349
target,349
endpoint,348
tomorrow,348
session,347
good,346
free,346
