blog,398
thanks,380
security,302
scam,268
email,225
facebook,171
online,167
mention,154
tip,138
password,129
malware,112
privacy,108
business,106
spam,93
user,91
account,87
safe,84
microsoft,83
android,82
data,81
internet,80
hacker,78
mobile,72
twitter,70
beware,69
great,68
time,68
michael,66
advisor,64
attack,64
free,64
fake,63
mckinnon,58
update,58
guy,53
message,53
site,52
scammer,52
apple,52
secure,52
google,52
window,52
computer,51
good,51
cyber,51
website,49
check,48
protect,48
antivirus,47
device,47
today,47
help,45
aboard,44
video,42
lead,42
software,40
year,39
patch,39
ale,38
apps,38
child,37
target,37
post,36
australian,36
team,36
way,36
identity,36
infographic,35
phone,35
vulnerability,35
avoid,35
thing,35
need,35
change,35
sure,34
threat,34
watch,34
breach,34
much,33
tech,33
week,32
suppo,32
next,31
address,31
hack,30
tuneup,30
digital,30
flaw,29
office,29
link,29
social,28
critical,28
card,27
woman,27
java,26
risk,26
friend,26
advice,26
ransomware,26
virus,25
people,25
learn,25
spammer,25
hope,24
issue,24
hear,24
thank,24
trojan,24
smaphone,24
right,24
call,23
exploit,23
word,23
access,23
malicious,23
browser,23
repo,23
steal,23
small,23
authentication,23
happy,23
life,23
christmas,22
customer,22
detail,22
iphone,22
cybercrime,22
shopping,22
factor,22
service,22
weekend,21
info,21
network,21
discus,21
theft,21
survey,20
share,20
australia,20
world,20
fraud,20
look,20
number,20
paypal,19
deal,19
step,19
cloud,19
feature,19
mean,19
bank,18
work,18
welcome,18
clean,18
product,18
photo,18
adobe,18
stay,18
gift,18
reason,18
impoant,17
campaign,17
medium,17
tool,17
release,17
latest,17
safety,17
parent,17
licence,16
many,16
case,16
explorer,16
show,16
victim,16
credit,16
click,16
spot,16
personal,16
quick,16
page,15
love,15
hole,15
information,15
system,15
give,15
cryptolocker,15
vulnerable,15
family,15
technology,15
skype,15
battery,15
performance,15
nice,14
spring,14
file,14
private,14
aussie,14
worry,14
kid,14
simple,14
guide,14
home,14
pleasure,13
ipad,13
holiday,13
minute,13
default,13
stuff,13
able,13
location,13
code,13
history,13
banking,13
problem,13
game,13
increase,13
fix,13
think,12
price,12
awesome,12
read,12
webcam,12
morning,12
valentine,12
store,12
phishing,12
dropbox,12
friday,12
moment,12
senior,12
launch,12
company,12
global,12
control,12
trust,12
sign,12
text,12
sma,12
know,11
linkedin,11
real,11
dodgy,11
last,11
tuesday,11
little,11
cybercriminals,11
yahoo,11
month,11
join,11
stop,11
common,11
protection,11
easy,11
search,11
download,11
feel,11
program,11
open,11
study,11
future,11
tomorrow,11
bundle,10
lot,10
aicle,10
awareness,10
season,10
hoax,10
woolwohs,10
warns,10
tweet,10
consumer,10
outlook,10
dangerous,10
webinar,10
everyone,10
please,10
talk,10
useful,10
question,10
rise,10
money,10
lock,10
community,10
tablet,10
workplace,10
profile,10
national,9
available,9
course,9
round,9
crime,9
sound,9
youtube,9
criminal,9
public,9
handy,9
affect,9
express,9
scary,9
upgrade,9
auto,9
rage,9
wordpress,9
telstra,9
drive,9
list,9
bitcoin,9
best,9
play,9
repos,9
laptop,9
ready,9
idea,9
fall,9
claim,9
send,9
router,9
school,9
unsubscribe,8
reputation,8
anyone,8
official,8
melbourne,8
trick,8
offer,8
server,8
funky,8
funny,8
remote,8
login,8
gadget,8
flash,8
prevent,8
researcher,8
ebay,8
news,8
cleaner,8
stick,8
hard,8
wrong,8
anti,8
warning,8
review,8
olympics,7
want,7
sorry,7
request,7
fraudweek,7
disable,7
bihday,7
spread,7
feedback,7
delete,7
maintenance,7
story,7
better,7
yikes,7
privacyfix,7
gmail,7
turn,7
retailer,7
mail,7
bogus,7
print,7
special,7
nasty,7
side,7
anonymous,7
whatsapp,7
half,7
reply,7
pa,7
staysmaonline,7
direct,7
reminder,7
clear,7
trend,7
version,7
danger,7
biggest,7
grandparent,7
fuher,7
international,7
payment,7
mother,7
rule,7
chrome,7
screen,7
safer,7
head,7
baby,7
interesting,6
yesterday,6
come,6
true,6
worm,6
leonie,6
mistake,6
pinterest,6
enjoy,6
haha,6
glad,6
congrats,6
bug,6
something,6
proud,6
type,6
shopper,6
day,6
retail,6
balance,6
emergency,6
experience,6
refund,6
fabulous,6
live,6
technical,6
stranger,6
myth,6
hide,6
blackmail,6
leaf,6
point,6
recent,6
false,6
visit,6
contact,6
player,6
setting,6
twice,6
police,6
employee,6
register,6
ssow,6
kiwi,6
comment,6
spin,6
bill,6
heableed,6
monday,6
zealand,6
sony,6
announce,6
light,6
concern,6
smaphones,6
byod,6
celebrity,6
content,6
reset,6
white,6
human,6
encryption,6
spending,6
financial,6
image,6
teen,6
car,6
massive,6
dnschanger,5
fantastic,5
businesssecurity,5
groupon,5
excellent,5
follower,5
young,5
market,5
instagram,5
leak,5
bond,5
term,5
space,5
consider,5
name,5
agree,5
receipt,5
notification,5
compatible,5
double,5
habit,5
apology,5
hijack,5
excuse,5
firefox,5
noel,5
super,5
track,5
wifi,5
uninstaller,5
retweet,5
thief,5
steer,5
shop,5
difference,5
delivery,5
care,5
verification,5
full,5
engineering,5
reader,5
serious,5
phobic,5
realise,5
assist,5
botnet,5
make,5
zeus,5
activity,5
nothing,5
energy,5
repoed,5
london,5
amazon,5
hour,5
vendor,5
continue,5
place,5
enter,5
downloads,5
storage,5
biometric,5
first,5
cybersecurity,5
bell,5
road,5
challenge,5
hand,5
roll,5
example,5
drone,5
older,5
developer,5
crack,5
government,5
smbs,4
guest,4
piece,4
bos,4
death,4
usual,4
sholy,4
sneaky,4
cool,4
interview,4
night,4
pas,4
follow,4
domain,4
zombie,4
plug,4
order,4
edition,4
afternoon,4
insight,4
shot,4
incorrect,4
power,4
someone,4
legitimate,4
sta,4
thousand,4
graph,4
wireless,4
least,4
receive,4
rife,4
likely,4
ceificate,4
suspect,4
disaster,4
advantage,4
encrypt,4
present,4
golden,4
cooky,4
view,4
centre,4
parcel,4
scareware,4
couple,4
popular,4
suspicious,4
corporate,4
deliver,4
wish,4
stung,4
browsing,4
viual,4
itunes,4
block,4
careful,4
subject,4
delivers,4
incident,4
grand,4
folk,4
stalker,4
checklist,4
hooked,4
pay,4
attachment,4
acma,4
aware,4
everything,4
frozen,4
explain,4
inbox,4
ransom,4
cost,4
expose,4
guilty,4
attacker,4
strange,4
third,4
worst,4
reading,4
adware,4
credential,4
lesson,4
high,4
gang,4
switch,4
pitch,4
install,4
black,4
push,4
fingerprint,4
boomer,4
strong,4
cause,4
positive,4
face,4
active,4
grab,4
major,4
fan,4
health,4
wearable,4
traditional,4
recognition,4
line,4
conversation,4
flight,4
fine,4
gamers,4
center,4
ultimate,4
panership,4
july,4
girl,4
fire,4
summer,4
tinder,4
generation,4
picture,4
solution,4
boost,4
policy,4
approach,4
monitor,4
daily,3
vicbizfest,3
widespread,3
couesy,3
form,3
touch,3
suite,3
presentation,3
discount,3
attempt,3
infamous,3
write,3
interested,3
topic,3
interest,3
neat,3
nowhiring,3
recommend,3
character,3
followfriday,3
clickfrenzy,3
ploy,3
cybermonday,3
identitytheft,3
shout,3
worker,3
client,3
busy,3
sheet,3
nigeria,3
paicular,3
delay,3
note,3
bypass,3
well,3
rosie,3
pizza,3
dead,3
coldfusion,3
tactic,3
forum,3
interactive,3
westpac,3
enable,3
wild,3
fraudsters,3
makeover,3
kind,3
reseller,3
seller,3
commbank,3
copy,3
remove,3
overpayment,3
rat,3
james,3
dad,3
member,3
hackable,3
voucher,3
bigpond,3
valuable,3
blunder,3
tonight,3
chance,3
overnight,3
forward,3
speed,3
doubt,3
application,3
lure,3
le,3
shredder,3
scan,3
dollar,3
query,3
whammy,3
worse,3
december,3
loss,3
complex,3
clever,3
filter,3
olympic,3
romance,3
lookout,3
plugins,3
late,3
promise,3
backdoor,3
invitation,3
fail,3
commonwealth,3
goodbye,3
prostitution,3
enterprise,3
samsung,3
easter,3
sour,3
april,3
wrap,3
limit,3
infosec,3
oauth,3
miss,3
fight,3
feed,3
webmail,3
spoofing,3
unpatched,3
bigger,3
behavior,3
combat,3
nigerian,3
traffic,3
evernote,3
fact,3
potter,3
harry,3
whirl,3
vault,3
father,3
tweak,3
stas,3
retirement,3
matter,3
outage,3
rest,3
notice,3
sho,3
test,3
clutter,3
variant,3
board,3
summit,3
cloudcare,3
hacking,3
fear,3
voice,3
celebrate,3
terror,3
lack,3
essential,3
wall,3
building,3
choice,3
reach,3
congress,3
sxsw,3
speak,3
answer,3
initiative,3
worldwide,3
glass,3
gary,3
revolution,3
result,3
get,3
insider,3
effos,3
facial,3
extension,3
truth,3
guess,3
american,3
introduces,3
blame,3
door,3
excellence,3
battle,3
adult,3
sense,3
depament,3
machine,3
diary,3
provider,3
timeline,3
badge,2
premium,2
army,2
complimentary,2
professional,2
eastern,2
tagline,2
english,2
resellers,2
multimi,2
whoop,2
aapt,2
blackhole,2
scandal,2
happens,2
attend,2
botnets,2
speaking,2
design,2
cybercime,2
aest,2
pattern,2
cheer,2
sugar,2
method,2
probs,2
summary,2
godaddy,2
caller,2
tell,2
analysis,2
excited,2
naughty,2
phishers,2
successful,2
correct,2
bird,2
angry,2
flower,2
confirm,2
whiskey,2
marketplace,2
specialist,2
wait,2
cap,2
lose,2
pocket,2
unique,2
create,2
seee,2
longer,2
record,2
celebration,2
crook,2
position,2
fill,2
begin,2
symantec,2
zero,2
sender,2
anything,2
installs,2
gold,2
pic,2
staff,2
bring,2
collection,2
ccureit,2
hohoho,2
society,2
defeat,2
stole,2
networking,2
gosh,2
helpful,2
itinerary,2
perfect,2
snap,2
keyboard,2
assistance,2
wonderful,2
festive,2
encounter,2
vodafone,2
prediction,2
bushfire,2
similar,2
jetstar,2
prime,2
practical,2
unsolicited,2
discovers,2
hea,2
backwards,2
self,2
blackberry,2
explains,2
oracle,2
uninstall,2
random,2
everyday,2
asia,2
prix,2
casino,2
suit,2
group,2
apocalypse,2
error,2
marathon,2
boston,2
frenzy,2
forget,2
statistic,2
hearing,2
medical,2
recover,2
shift,2
secret,2
cnet,2
stock,2
eofy,2
appreciate,2
takeover,2
scare,2
length,2
trip,2
mini,2
lucky,2
appeal,2
cross,2
instruction,2
asic,2
tragedy,2
genuine,2
oppounity,2
find,2
scamwatch,2
smile,2
single,2
buyer,2
camera,2
surveillance,2
date,2
nose,2
hunting,2
execution,2
farmer,2
chinese,2
area,2
officer,2
confirms,2
royal,2
groovy,2
govt,2
gumtree,2
decision,2
minimise,2
patchtuesday,2
netsafe,2
focus,2
pain,2
produce,2
plain,2
limited,2
luck,2
main,2
smes,2
august,2
nightmare,2
vehicle,2
melb,2
sydney,2
pin,2
vigilant,2
loyalty,2
exchange,2
spark,2
june,2
disk,2
rootkit,2
possible,2
psst,2
document,2
hiya,2
crowdcontrol,2
crowd,2
mac,2
homepage,2
toolbar,2
nation,2
sneak,2
charity,2
immune,2
await,2
september,2
sunday,2
inboxes,2
byte,2
bit,2
coverage,2
event,2
warm,2
troubleshooter,2
confirmation,2
strike,2
circulating,2
mozilla,2
photoshop,2
higher,2
memory,2
automatic,2
horrible,2
repair,2
hit,2
poor,2
horror,2
kit,2
multimillion,2
impersonate,2
anzac,2
specific,2
region,2
unveils,2
yahooxtra,2
toolbars,2
jump,2
currency,2
invisible,2
backing,2
ballet,2
protecting,2
detects,2
research,2
reserve,2
combo,2
ceificates,2
dozen,2
difficult,2
easier,2
value,2
merry,2
worried,2
santa,2
ruin,2
cybercrims,2
perform,2
move,2
optimise,2
cleaning,2
heck,2
tackle,2
skill,2
illegal,2
xtra,2
bitcoins,2
previous,2
insurance,2
firm,2
harm,2
spike,2
beat,2
rate,2
country,2
courier,2
finger,2
ditch,2
catch,2
february,2
drop,2
plan,2
pleased,2
movement,2
ddos,2
ooohhhh,2
kick,2
privilege,2
loop,2
reveal,2
management,2
purpoing,2
backup,2
woh,2
march,2
deadline,2
bot,2
reactivate,2
end,2
final,2
unread,2
queensland,2
accc,2
wednesday,2
desktop,2
scanner,2
galaxy,2
mine,2
sleep,2
urge,2
watering,2
weakest,2
alarm,2
fraudulent,2
front,2
wave,2
decline,2
spear,2
blackshades,2
crackdown,2
pressure,2
idevices,2
large,2
ignore,2
organisation,2
smaer,2
plugin,2
pack,2
heist,2
midday,2
min,2
webinars,2
newsletter,2
gameover,2
earlier,2
eject,2
unable,2
detect,2
injection,2
magda,2
charge,2
manage,2
conference,2
dy,2
hidden,2
independent,2
room,2
menu,2
agreement,2
republic,2
sale,2
brace,2
innovation,2
relationship,2
potential,2
basic,2
physical,2
arrival,2
controversy,2
cover,2
tony,2
mission,2
barcelona,2
reveals,2
employer,2
happen,2
enough,2
guideline,2
bitterli,2
judith,2
diversity,2
keynote,2
kovacs,2
hotel,2
house,2
weak,2
europe,2
announces,2
press,2
optimization,2
strength,2
channel,2
leader,2
reality,2
mode,2
entrepreneur,2
plane,2
privax,2
greater,2
starbucks,2
coffee,2
lunch,2
ottawa,2
state,2
second,2
lastpass,2
level,2
attention,2
award,2
robust,2
fouh,2
introduce,2
roadshow,2
role,2
take,2
checkup,2
distraction,2
science,1
majority,1
divide,1
concerned,1
cloudsecurity,1
approaching,1
fast,1
environment,1
xthis,1
queenstown,1
familiar,1
surface,1
glance,1
build,1
symbol,1
minimum,1
gain,1
desperate,1
behaviour,1
replaces,1
girlfriend,1
nude,1
notch,1
crafty,1
footstep,1
republishing,1
halt,1
infecting,1
strain,1
tuts,1
occurrence,1
weekly,1
taxtime,1
rotorua,1
custom,1
joining,1
windowslive,1
goodonthem,1
brand,1
rumour,1
usable,1
stalking,1
swat,1
securityonthemove,1
heat,1
training,1
retweets,1
xcreferral,1
repel,1
visualisation,1
damn,1
novice,1
related,1
inspired,1
clad,1
tuxedo,1
affected,1
heaven,1
match,1
shutdown,1
ausce,1
license,1
edible,1
taco,1
shuts,1
generator,1
asap,1
hatewhenthathappens,1
allow,1
unimaginable,1
homework,1
chat,1
overhaul,1
mobilation,1
station,1
whilst,1
proof,1
overview,1
inoperable,1
ouch,1
xcomg,1
playground,1
beta,1
integrator,1
exist,1
apca,1
quiz,1
moneysma,1
hero,1
guitar,1
melissa,1
demand,1
hundred,1
recruitment,1
mule,1
process,1
gamig,1
largest,1
apwg,1
safeguard,1
conveers,1
lady,1
appear,1
eye,1
christine,1
promo,1
zscaler,1
visitor,1
rescue,1
gem,1
absolute,1
peak,1
fund,1
purpose,1
duplicate,1
gymnastics,1
huge,1
thursday,1
harder,1
zeroday,1
style,1
whiteboard,1
creativity,1
medal,1
hurdle,1
bashing,1
pretty,1
warfare,1
century,1
stuxnet,1
journo,1
ta,1
detective,1
action,1
ultra,1
cloudcomputing,1
ground,1
notalwayssecure,1
magazine,1
contributed,1
oldiebutagoodie,1
changing,1
advise,1
modest,1
geez,1
coin,1
endorse,1
inspire,1
cousin,1
former,1
didnt,1
rampant,1
owner,1
syndrome,1
spoofed,1
aists,1
jacqui,1
accepts,1
stack,1
epic,1
superb,1
shoer,1
trump,1
simpler,1
carbsforacause,1
bigcakebake,1
overload,1
xdon,1
xtweets,1
leftover,1
plenty,1
upgraded,1
noscript,1
privacyfail,1
sloppy,1
hazzah,1
reckon,1
secur,1
spyware,1
notsocool,1
broadband,1
uncovered,1
calculator,1
curriculum,1
applebreach,1
stream,1
tune,1
yuval,1
torrent,1
verdict,1
undergoes,1
freeantivirus,1
shhhh,1
nigel,1
option,1
harbour,1
pearl,1
slacker,1
provide,1
registrar,1
invasive,1
mood,1
flippant,1
freeman,1
morgan,1
shock,1
deta,1
remember,1
heed,1
hype,1
consideration,1
targeted,1
flock,1
tweens,1
xrepo,1
xathey,1
troll,1
book,1
current,1
ball,1
monitoring,1
stealer,1
didyouknow,1
ipod,1
digit,1
safest,1
remover,1
watchthisspace,1
stalk,1
hall,1
caffeine,1
favourite,1
suppoers,1
sandbox,1
xccomplete,1
moar,1
brick,1
hint,1
slideshare,1
added,1
verify,1
urgent,1
aced,1
wise,1
borrow,1
lovely,1
harmful,1
unsafe,1
latter,1
visible,1
usernames,1
hardrubbish,1
disposing,1
edit,1
slight,1
huzzah,1
gizmodo,1
strict,1
comms,1
obligation,1
shipping,1
outsma,1
xcmicrosoft,1
whereiwork,1
wheel,1
ripe,1
logo,1
creator,1
piggy,1
creditcardfraud,1
unexpected,1
taught,1
andy,1
dontbeacowboyorgirl,1
stats,1
kyle,1
tfns,1
nidfaw,1
count,1
fairfax,1
ruse,1
drinking,1
wood,1
analyse,1
securityforall,1
shamelessplug,1
connect,1
linkscanner,1
confusion,1
initial,1
marketing,1
neighbor,1
encourage,1
shoesoptional,1
peakseason,1
installed,1
thomas,1
adventure,1
imposter,1
shouty,1
lower,1
normality,1
xthe,1
howto,1
peril,1
skin,1
tick,1
famous,1
worstpasswords,1
heard,1
typo,1
intended,1
typosquatters,1
esther,1
scale,1
arrange,1
excluding,1
suggest,1
celebrating,1
zdnet,1
spookiest,1
halloween,1
justforhalloween,1
xcfacebook,1
findingloveishardenough,1
xamessages,1
solve,1
removal,1
writes,1
spree,1
enjoyed,1
brother,1
jonas,1
hedgeyourbets,1
melbournecup,1
punt,1
zdnetlive,1
gabriel,1
thinkbeforeyouclick,1
hilarious,1
mcdonalds,1
ability,1
wildfire,1
tend,1
karma,1
height,1
xcblackhole,1
warn,1
americanexpress,1
tayler,1
mcafee,1
comparison,1
dear,1
xabe,1
coupon,1
animal,1
cute,1
racist,1
hittingthebigtime,1
forwarding,1
kill,1
somuchspam,1
whoa,1
brett,1
hat,1
fancy,1
thinkingcaps,1
doc,1
stroke,1
heap,1
brilliant,1
slide,1
convincing,1
peter,1
feeling,1
toogoodtobetrue,1
mustread,1
breakdown,1
believable,1
hook,1
knock,1
savvy,1
earn,1
relevant,1
scammy,1
norman,1
harvey,1
cole,1
betting,1
prize,1
xcfirst,1
mate,1
fellow,1
traveler,1
soed,1
lessismore,1
success,1
fraudale,1
recognise,1
tangent,1
analogy,1
myer,1
linda,1
hostage,1
hold,1
opinion,1
workforce,1
tumblr,1
contain,1
destroy,1
demonstrate,1
spoof,1
advesafe,1
landing,1
macca,1
handle,1
trap,1
toolkit,1
aggressive,1
infester,1
cyberbullying,1
table,1
david,1
cancellation,1
effective,1
shocuts,1
brad,1
cheat,1
xadon,1
vector,1
strategy,1
nwhy,1
suspected,1
corner,1
esteemed,1
idevi,1
kristy,1
breakfast,1
ridden,1
southeast,1
forecast,1
newspaper,1
noholidays,1
touted,1
twitterverse,1
exclusion,1
tasfires,1
bushfires,1
tasmanian,1
turkish,1
deter,1
prep,1
rock,1
blaze,1
firefighter,1
nasa,1
jean,1
prolonged,1
buzzword,1
faceboourk,1
standoff,1
drake,1
seeker,1
delve,1
cassie,1
meet,1
clickable,1
plant,1
cripple,1
generous,1
authentic,1
bacon,1
hardware,1
considers,1
compromise,1
messenger,1
shylock,1
bonus,1
airline,1
staysafe,1
victoria,1
bulb,1
arrow,1
minister,1
thinking,1
border,1
peinent,1
catfished,1
zeroaccess,1
sirefef,1
passphrase,1
setup,1
paper,1
panel,1
robby,1
respect,1
xconnect,1
student,1
stinker,1
persistent,1
standover,1
travel,1
radar,1
heas,1
lonely,1
liquidation,1
drink,1
dating,1
purchasing,1
staircase,1
admin,1
atetoomanyvalentineschocsyesterday,1
ooohh,1
minor,1
bar,1
sophisticated,1
chaos,1
caught,1
personalise,1
wife,1
selena,1
pink,1
buddy,1
overseas,1
burger,1
jack,1
hungry,1
tiff,1
eicar,1
donald,1
xcyou,1
trevor,1
punk,1
lateline,1
mystery,1
ebook,1
jail,1
class,1
prison,1
switchtoavg,1
valerie,1
reluctance,1
federal,1
schedule,1
teach,1
ferrari,1
sandringham,1
net,1
crown,1
movie,1
cisco,1
webmaster,1
slayer,1
pope,1
inconvenience,1
apologise,1
undergoing,1
flag,1
voyeur,1
add,1
wonder,1
translate,1
command,1
mining,1
apache,1
gorgeous,1
hate,1
survivor,1
task,1
cutwail,1
bacn,1
retired,1
callback,1
spamhaus,1
airplane,1
canon,1
cheltenham,1
score,1
amends,1
commitment,1
affirms,1
emotion,1
select,1
cruel,1
globe,1
organization,1
infect,1
magic,1
unprotected,1
gamearena,1
vein,1
viral,1
brillant,1
prevalent,1
badnews,1
flemington,1
exhibition,1
passeggaa,1
violation,1
germany,1
storm,1
crimeboss,1
anzacday,1
lest,1
contribution,1
reflect,1
gozi,1
technique,1
viber,1
livingsocial,1
bureau,1
bunker,1
bih,1
singstar,1
pester,1
let,1
pledge,1
admits,1
travelling,1
vital,1
asset,1
instant,1
megabyte,1
hello,1
awww,1
loser,1
auction,1
sham,1
booking,1
traveller,1
agency,1
enforcement,1
penetrate,1
meter,1
eddie,1
editor,1
enhance,1
captcha,1
blocking,1
blue,1
afraid,1
reference,1
operation,1
cyberfraud,1
clayton,1
university,1
monash,1
conroy,1
stephen,1
senator,1
suggestion,1
smith,1
ambassador,1
unicef,1
surfer,1
confront,1
investigator,1
hire,1
norm,1
key,1
ce,1
chuckle,1
levity,1
liftoh,1
winter,1
realm,1
warmer,1
loom,1
shrinker,1
close,1
quicktime,1
bliss,1
massage,1
rail,1
ruby,1
tough,1
pill,1
forgot,1
icloud,1
scene,1
wonka,1
lovestruck,1
charger,1
alan,1
model,1
others,1
profit,1
neighbourhood,1
ring,1
mimic,1
phony,1
tapproof,1
taskforce,1
australasian,1
yeah,1
testimonial,1
expand,1
defense,1
cyberwar,1
imessages,1
ramp,1
activation,1
lottery,1
foreign,1
upsetting,1
malveising,1
hotspot,1
staups,1
okay,1
nate,1
lord,1
praise,1
opera,1
fruity,1
sick,1
curiosity,1
unused,1
veggie,1
accessed,1
illicit,1
nintendo,1
cent,1
havoc,1
priyanka,1
contend,1
become,1
deactivate,1
knowledge,1
sharpen,1
assessment,1
eira,1
bayside,1
soldier,1
adjust,1
development,1
fruit,1
misunderstanding,1
sight,1
redirection,1
harbor,1
expedia,1
protest,1
brisbane,1
pick,1
directory,1
xyellow,1
voter,1
commission,1
electoral,1
exit,1
purpo,1
mile,1
flyer,1
frequent,1
additional,1
louise,1
several,1
contains,1
toilet,1
annual,1
unleash,1
renewal,1
fleece,1
syndicate,1
intercept,1
loses,1
lightbulb,1
boiler,1
clicked,1
meltdown,1
upcoming,1
hell,1
qantas,1
daniel,1
maximum,1
debacle,1
york,1
finishing,1
cookie,1
fantasy,1
untrackable,1
desk,1
keep,1
survival,1
shine,1
heabeat,1
different,1
bulletin,1
stronger,1
athlete,1
hootsuite,1
unsuppoed,1
compelling,1
actual,1
optimisation,1
n,1
fresh,1
supress,1
allege,1
orgs,1
respawn,1
freeze,1
fool,1
ifruit,1
waste,1
suck,1
pinch,1
laggard,1
ignorant,1
imessage,1
unofficial,1
minefield,1
scheme,1
californian,1
extra,1
coerce,1
graphic,1
october,1
infected,1
bust,1
surround,1
devious,1
faith,1
horse,1
wondered,1
seminar,1
percent,1
operating,1
hitting,1
undetected,1
unauthorized,1
rectify,1
hijacker,1
elena,1
sized,1
depend,1
onto,1
drat,1
downloaded,1
discoverable,1
wendy,1
firmware,1
unauthorised,1
bendigo,1
teenager,1
raise,1
confusing,1
jargon,1
gale,1
blowing,1
franchise,1
expiry,1
loose,1
overall,1
spammy,1
popularity,1
overwhelming,1
hotmail,1
leading,1
maverick,1
yeesh,1
acronym,1
messaging,1
heaed,1
token,1
buffer,1
recaptcha,1
source,1
infection,1
informative,1
texting,1
lightheaed,1
denture,1
lmdo,1
adopt,1
macrumors,1
anxiety,1
bedroom,1
comp,1
force,1
ransomeware,1
extoion,1
abuse,1
sexual,1
harvest,1
person,1
cupid,1
middle,1
granny,1
spirit,1
terrorist,1
local,1
superior,1
stopper,1
abundance,1
escalation,1
gladstone,1
trickster,1
response,1
organise,1
inaudible,1
gap,1
scientist,1
trading,1
staed,1
chase,1
workarounds,1
break,1
headline,1
signing,1
mouse,1
playing,1
pro,1
cue,1
visual,1
override,1
convenience,1
chap,1
wary,1
isight,1
activate,1
carry,1
configure,1
alive,1
flashback,1
snapchat,1
weight,1
dark,1
telecom,1
bang,1
vagrant,1
macbook,1
fundamental,1
sluggish,1
appliance,1
refrigerator,1
entry,1
prey,1
struggle,1
disconnect,1
newbie,1
responsible,1
heatwave,1
onedrive,1
lateness,1
january,1
beach,1
modem,1
factory,1
laden,1
underage,1
iphones,1
expes,1
offensive,1
hotline,1
valentinesday,1
colourful,1
wollongong,1
wallet,1
blitz,1
secures,1
oblivious,1
kickstaer,1
crowdfunder,1
unknown,1
taiwanese,1
toe,1
mailbox,1
transaction,1
russia,1
grill,1
mike,1
law,1
caphaw,1
cou,1
stage,1
bonkers,1
trial,1
whitelist,1
xpocalypse,1
quest,1
leopard,1
pull,1
logins,1
offal,1
fly,1
bandit,1
unbreakable,1
obscure,1
trusted,1
shauna,1
improvement,1
siri,1
carplay,1
brendon,1
lender,1
naked,1
rush,1
average,1
reputable,1
enhances,1
assistant,1
east,1
south,1
fifa,1
goal,1
reboot,1
endless,1
facilitate,1
flub,1
cold,1
robs,1
admit,1
sketch,1
subscriber,1
cable,1
optus,1
giddy,1
dumping,1
communication,1
amen,1
brings,1
unmasks,1
craft,1
ancient,1
writer,1
suncorp,1
cheeky,1
lazy,1
xctoo,1
defenseless,1
rice,1
condoleezza,1
ingredient,1
daughter,1
browse,1
citizen,1
opposition,1
sensitive,1
probe,1
equipment,1
hospital,1
detection,1
hellobridge,1
hill,1
adelaide,1
avgmanagedworkplace,1
cebitaus,1
infrastructure,1
openid,1
redirect,1
cove,1
locker,1
mum,1
precedent,1
illustrator,1
acrobat,1
abused,1
lynelle,1
mygov,1
diverse,1
peer,1
nabs,1
freak,1
bow,1
webkit,1
safari,1
multiple,1
receiving,1
unlocked,1
gullible,1
ticket,1
appleid,1
corker,1
afford,1
deficiency,1
brossard,1
jonathan,1
soccer,1
mass,1
european,1
band,1
obvious,1
promote,1
doctor,1
paranoid,1
adveisements,1
cryptowall,1
volume,1
denial,1
sending,1
lovin,1
openssl,1
webservers,1
pet,1
paw,1
leaking,1
body,1
thou,1
wherefore,1
czech,1
debt,1
xtitanfall,1
bullfrog,1
animishmash,1
hog,1
favorite,1
manipulation,1
xcmood,1
controversial,1
depth,1
brainstorm,1
foune,1
slowdown,1
shape,1
boom,1
selfies,1
act,1
brief,1
paners,1
russian,1
golf,1
xcsynolocker,1
synology,1
trouble,1
alliance,1
forge,1
boardroom,1
riot,1
blizzard,1
serf,1
california,1
xafor,1
reflection,1
labor,1
session,1
lab,1
intention,1
standard,1
neutrality,1
crystal,1
dare,1
shellshock,1
realpad,1
paner,1
tailor,1
spinner,1
onetouch,1
alcatel,1
avar,1
brunch,1
blogger,1
driver,1
saturday,1
america,1
latin,1
joanna,1
german,1
xperia,1
lifelong,1
lining,1
silver,1
resolution,1
serve,1
netflix,1
webview,1
legacy,1
cyberspace,1
street,1
bright,1
mark,1
hampering,1
newsweek,1
xmedical,1
moate,1
maddie,1
anscombe,1
xhow,1
cha,1
revenue,1
xdying,1
fiscal,1
permission,1
superfish,1
music,1
advocate,1
xagary,1
mojo,1
module,1
esxi,1
vmware,1
momentum,1
inalienable,1
pepcom,1
invisibility,1
nottingham,1
xcillusion,1
speech,1
kovac,1
journey,1
vine,1
repurpose,1
untrusted,1
reminds,1
inappropriate,1
dividend,1
techhire,1
twitch,1
vawtrak,1
pwnown,1
evolve,1
xcselfie,1
backlash,1
spos,1
transparency,1
scrapbook,1
equity,1
purchase,1
platform,1
xaavg,1
footprint,1
surf,1
crumble,1
inflight,1
controlled,1
smawatch,1
xcmobilegeddon,1
unpredictability,1
chief,1
vecchia,1
marco,1
commercial,1
xapc,1
measure,1
cebit,1
augmented,1
surfing,1
nyse,1
bottom,1
auftakt,1
beim,1
volles,1
driverless,1
pose,1
printing,1
memorial,1
weather,1
xcsecret,1
xfree,1
fewer,1
droid,1
truck,1
facility,1
china,1
healthcare,1
impact,1
garage,1
decade,1
bounty,1
heterogeneous,1
israel,1
establishes,1
manager,1
aviv,1
witcher,1
primary,1
hang,1
scoop,1
emoji,1
signal,1
qualcomm,1
career,1
pursue,1
vacation,1
killswitch,1
undo,1
trustwohy,1
xraise,1
xcswipe,1
xcchip,1
xflawless,1
describes,1
comparative,1
injector,1
abbretions,1
technovation,1
battleground,1
gaming,1
happier,1
literacy,1
library,1
jose,1
thought,1
rare,1
unicorn,1
display,1
warehouse,1
carphone,1
collaborative,1
tesla,1
