mobile,635
security,600
threat,480
point,365
malware,356
attack,311
check,297
android,284
cloud,265
ransomware,246
mobilesecurity,235
infosec,213
prevention,205
cybersecurity,193
webinar,190
device,180
learn,162
data,154
enterprise,140
video,136
sandblast,131
vsec,115
repo,109
secure,109
mobilesec,108
hacker,94
cyber,90
join,88
vmworld,83
hummingbad,82
solution,81
apps,81
business,80
protect,78
bhusa,75
best,75
vulnerability,74
cybercriminals,69
protection,68
miss,66
prevent,66
network,65
sddc,64
stop,63
work,62
blog,61
today,61
time,61
checkpointmobile,60
ciso,59
register,59
cerber,57
future,57
sta,56
full,56
technology,54
need,51
comprehensive,51
customer,51
management,50
month,50
great,50
practice,49
latest,49
organization,49
cybercrime,49
demo,49
risk,48
live,48
office,47
session,46
webcast,46
research,46
watch,44
stay,44
rate,43
industry,42
tomorrow,42
mitm,41
software,41
case,41
service,41
product,41
fact,40
user,40
head,40
team,40
talk,40
year,39
recent,38
breach,38
catch,37
exploit,37
cloudsecurity,37
download,37
test,37
middle,36
thank,36
visit,36
real,35
google,35
file,35
system,35
cyberattacks,35
question,35
standard,34
strong,34
step,34
june,33
analysis,33
vendor,33
ale,33
sure,33
cyberaware,32
rsac,32
detection,32
strategy,32
environment,32
campaign,32
next,32
detect,31
fight,31
traditional,31
malicious,31
infinity,31
week,31
periscope,30
quadrooter,30
mobility,30
traffic,29
firewall,29
antivirus,29
hybrid,29
whitepaper,29
block,29
critical,28
defense,28
control,28
ready,28
story,28
play,27
wannacry,27
landscape,27
major,27
sensitive,27
event,27
booth,26
tech,26
email,26
private,26
current,26
steal,26
response,26
advanced,26
family,26
hear,26
minute,26
reveals,25
thanks,25
account,25
spotlight,24
datasheet,24
paner,24
study,24
sign,24
agent,24
application,24
smaphones,23
unsecured,23
endpoint,23
safe,23
level,23
platform,23
incident,23
many,23
target,23
depth,23
employee,23
last,23
tool,22
subtitle,22
company,22
corporate,22
appliance,22
architecture,22
second,22
global,22
highest,22
active,21
mean,21
guide,21
researcher,21
europe,21
paners,21
securitymanagement,20
update,20
accurate,20
center,20
policy,20
insight,20
read,20
america,20
preventing,19
modern,19
life,19
curious,19
good,19
door,19
result,19
datacenter,18
ganer,18
infection,18
hour,18
unique,18
sale,18
list,18
visibility,18
compromise,17
want,17
googleplay,17
microsoft,17
presentation,17
gap,17
expes,17
happy,17
vulnerable,17
leader,17
trend,17
scada,16
pacific,16
launch,16
onestepahead,16
perimeter,16
browser,16
medium,16
july,16
aicle,16
help,16
discus,16
easy,16
tip,16
common,16
dorit,16
healthcare,16
dresscode,15
chooses,15
example,15
experience,15
free,15
august,15
drive,15
phone,15
variant,15
president,15
rise,15
barcelona,15
vega,15
challenge,15
kick,15
computer,15
feature,15
biggest,15
information,15
saas,15
testimonial,14
playlist,14
ease,14
website,14
stand,14
gateway,14
unknown,14
cybehreats,14
infrastructure,14
action,14
access,14
everyone,14
complete,14
lab,14
world,14
chance,14
samsung,14
defcon,13
itsecurity,13
ddos,13
complex,13
show,13
increase,13
workload,13
petya,13
anti,13
efficiency,13
fireball,13
spread,13
hack,13
dive,13
hybridcloud,13
cyberattack,13
meet,13
erez,12
cybersafe,12
rating,12
pay,12
automate,12
word,12
actor,12
vector,12
effective,12
bank,12
way,12
welcome,12
remediation,12
present,12
approach,12
smaphone,12
impact,12
summit,12
first,12
quick,12
speed,12
thing,12
gdpr,12
find,12
sponsor,12
available,12
pokemongo,11
factvshype,11
berkner,11
become,11
wordpress,11
transition,11
checkpoint,11
gooligan,11
size,11
third,11
judy,11
post,11
west,11
east,11
everything,11
info,11
keep,11
money,11
discussion,11
average,11
personal,11
avoid,11
community,11
morning,11
asset,11
prediction,11
move,11
takeover,11
strength,10
evaluate,10
forensic,10
wait,10
trident,10
introduces,10
beware,10
massive,10
technical,10
date,10
scoop,10
stas,10
phishing,10
single,10
compliance,10
azure,10
awareness,10
dynamic,10
intel,10
marketing,10
news,10
break,10
hand,10
public,10
effectiveness,10
confirm,9
pegasus,9
period,9
boston,9
glass,9
pane,9
insurance,9
cyberalliance,9
impoance,9
byod,9
conference,9
antiransomware,9
lateral,9
simple,9
release,9
room,9
michael,9
market,9
forensics,9
sophisticated,9
translation,9
chinese,9
ciberseguridad,9
para,9
version,9
look,9
lead,9
congratulation,9
repos,9
rembaum,9
greenberg,9
itai,9
attempt,9
award,9
reish,9
gabi,9
architect,9
open,9
lasvegas,9
financial,9
hall,9
interface,8
spyware,8
tock,8
tick,8
cybersec,8
limit,8
franchise,8
respond,8
delivers,8
distributor,8
university,8
competitor,8
simplicity,8
le,8
evasion,8
engine,8
milan,8
perform,8
much,8
deliver,8
store,8
infiltrate,8
manager,8
suppo,8
street,8
dark,8
log,8
analyst,8
able,8
wiley,8
largest,8
holiday,8
expose,8
criminal,8
technique,8
unified,8
sma,8
flaw,8
attacker,8
intelligence,8
detail,8
operation,8
compliant,8
innovation,8
attendee,8
reef,7
storm,7
granular,7
facebook,7
intsights,7
ranscam,7
follow,7
cure,7
detour,7
bypassing,7
travel,7
role,7
number,7
build,7
cybercrimetuesday,7
viual,7
ciscoaci,7
anyone,7
movement,7
epidemic,7
shaulov,7
internet,7
content,7
vmware,7
place,7
leadership,7
cool,7
revenue,7
investigation,7
scale,7
inconvenience,7
apologize,7
xboops,7
nice,7
victim,7
answer,7
deploy,7
track,7
joint,7
share,7
worldwide,7
patch,7
understand,6
conficker,6
administrator,6
annuity,6
oltsik,6
responsible,6
disclosure,6
behavioral,6
serious,6
others,6
vikinghorde,6
discover,6
manhattan,6
london,6
myth,6
tues,6
swift,6
code,6
prevalent,6
huge,6
loss,6
linder,6
brian,6
overall,6
social,6
measure,6
decryption,6
hello,6
vice,6
impoant,6
gold,6
movie,6
inner,6
group,6
chain,6
site,6
xada,6
vision,6
link,6
come,6
enjoy,6
sector,6
press,6
possible,6
bypass,6
deployment,6
address,6
banking,6
september,6
amnon,6
affect,6
cybehreat,6
privatecloud,6
right,6
trail,6
survey,6
view,6
speaker,6
different,6
invite,6
nuclear,6
model,6
director,6
moment,6
stage,6
manage,6
expo,6
threatprevention,6
secret,6
generation,6
moti,6
expe,6
contact,6
threatcloud,5
thurs,5
unravel,5
cerberring,5
sunday,5
seminar,5
detected,5
mandalay,5
demonstration,5
livetweet,5
horde,5
brand,5
paypal,5
ncsam,5
emulation,5
request,5
ganersym,5
factor,5
qualcomm,5
advancedsecurity,5
resistance,5
budget,5
zero,5
hurry,5
raise,5
adapt,5
trust,5
bot,5
misconception,5
triada,5
oppounity,5
googlenext,5
organisation,5
gadi,5
worker,5
folk,5
reason,5
networksecurity,5
appvion,5
require,5
dead,5
cost,5
understanding,5
sandbox,5
space,5
evolution,5
vanunu,5
ransom,5
kill,5
discovers,5
give,5
yesterday,5
auto,5
power,5
regulation,5
knowledge,5
record,5
player,5
staed,5
checkme,5
school,5
congrats,5
meeting,5
review,5
performance,5
call,5
take,5
panership,5
min,5
intune,5
better,5
orchestration,5
prof,5
meyer,5
password,5
wednesday,5
digital,5
gain,5
cybealks,5
provider,5
botnet,5
adware,5
entire,5
chip,5
benefit,5
enable,5
success,5
unpatched,5
founder,5
keynote,5
industrial,5
automation,5
rule,5
january,5
immediate,5
prepared,5
sagey,5
cloudguardsaas,5
ganersec,4
tale,4
pokemon,4
jigsaw,4
aviv,4
option,4
flow,4
concord,4
killchain,4
practical,4
fruit,4
breaker,4
shay,4
governor,4
abernathy,4
welch,4
dameon,4
convention,4
defines,4
lack,4
volume,4
overwhelmed,4
panacea,4
paper,4
consultation,4
tellme,4
quarantine,4
decrypt,4
securosis,4
uncover,4
deep,4
corner,4
army,4
contain,4
mobilethreatprevention,4
fake,4
high,4
urgent,4
refresher,4
chkp,4
tactic,4
receive,4
agility,4
messaging,4
trojan,4
engineering,4
nuage,4
overview,4
proud,4
sycomp,4
magic,4
pixel,4
potential,4
front,4
colleague,4
friend,4
know,4
face,4
fraudulent,4
plan,4
peek,4
half,4
beer,4
independent,4
think,4
china,4
dangerous,4
sorry,4
closer,4
area,4
combat,4
roundtable,4
advice,4
ngfw,4
happens,4
firm,4
large,4
copycat,4
contribute,4
beautiful,4
discovery,4
issue,4
script,4
brings,4
light,4
migrate,4
defeat,4
side,4
sobre,4
channel,4
mostwantedmalware,4
member,4
consolidated,4
copycatmalware,4
bring,4
reality,4
popular,4
regional,4
locky,4
wifi,4
integration,4
method,4
encryption,4
international,4
state,4
publiccloud,4
offering,4
general,4
forecast,4
glimpse,4
rapid,4
peter,4
force,4
building,4
game,4
securi,4
program,4
topic,4
strategic,4
mind,4
breakout,4
evening,4
premier,4
type,4
successful,4
bangkok,4
online,4
evauation,3
speaks,3
category,3
annual,3
eliminate,3
blue,3
enforcement,3
kight,3
scot,3
driver,3
feit,3
cruise,3
andy,3
missingtype,3
detects,3
india,3
monday,3
advance,3
lagoon,3
sept,3
respondent,3
purchase,3
unskilled,3
outline,3
consolidate,3
manageable,3
consideration,3
gate,3
ceifi,3
smbs,3
error,3
human,3
consecutive,3
late,3
embrace,3
popcorn,3
vmworldeurope,3
october,3
entry,3
fall,3
productivity,3
afrisecure,3
itxpo,3
symposium,3
preventative,3
improvement,3
pro,3
wildfire,3
worry,3
charger,3
checkpointsw,3
assault,3
wake,3
mitigate,3
tune,3
ngips,3
reach,3
posture,3
chkppay,3
night,3
significant,3
worm,3
photo,3
tacyt,3
client,3
coolest,3
offer,3
lucrative,3
unveils,3
wonderful,3
image,3
threaten,3
instant,3
assessment,3
suite,3
people,3
itsec,3
piece,3
intercept,3
choose,3
console,3
inefficiency,3
crucial,3
feed,3
continue,3
efficient,3
tufin,3
hacking,3
mission,3
speech,3
officer,3
chief,3
benkirane,3
plenary,3
protects,3
infamous,3
proactive,3
chile,3
breakfast,3
afternoon,3
make,3
operational,3
window,3
luncheon,3
cualquier,3
israel,3
lock,3
introduce,3
infected,3
enemy,3
numerous,3
jaff,3
extoion,3
nueva,3
checkup,3
seguridad,3
manchester,3
push,3
miercom,3
throw,3
hefty,3
ciberataque,3
zeroday,3
cyberweek,3
amenazas,3
infects,3
informaci,3
blade,3
capability,3
search,3
datos,3
ante,3
quadrant,3
osxdok,3
winner,3
clear,3
tour,3
crowd,3
leak,3
rulebase,3
upgrade,3
process,3
xbvil,3
note,3
nsee,3
page,3
pa,3
value,3
collaboration,3
scenario,3
day,3
prevents,3
wave,3
consolidation,3
breed,3
union,3
exponential,3
server,3
someone,3
end,3
requirement,3
leading,3
expensive,3
flexible,3
guard,3
replay,3
interview,3
necurs,3
least,3
season,3
cheer,3
remote,3
december,3
insightful,3
government,3
cryptocurrency,3
innovative,3
tonight,3
wish,3
rank,3
coinhive,3
mining,3
location,3
patient,3
vital,3
health,3
score,3
house,3
equal,3
receives,3
early,3
cloudguard,3
microphone,2
pesky,2
banker,2
stream,2
cryptxxx,2
heard,2
survivor,2
cyberworld,2
scammer,2
investigative,2
extraction,2
shuts,2
yingmob,2
shedun,2
tell,2
destination,2
zensar,2
configuration,2
rest,2
saturday,2
neutrino,2
aspect,2
faker,2
appcontrol,2
scarier,2
simpler,2
threatintel,2
quaer,2
acquisition,2
credential,2
xcunderstand,2
batra,2
polomi,2
comber,2
rich,2
adam,2
root,2
decryptor,2
israeli,2
persistent,2
forefront,2
cloudsecure,2
wesecurethefuture,2
truth,2
excellent,2
galaxy,2
hidden,2
spearhead,2
professional,2
change,2
coffee,2
exchange,2
informative,2
maintain,2
intellistore,2
begin,2
orchestrate,2
outside,2
careful,2
terma,2
encourage,2
champion,2
vault,2
indu,2
preparation,2
rick,2
competition,2
guideline,2
gathering,2
orlando,2
goodbye,2
upwards,2
bangladeshi,2
activity,2
hallcrawl,2
sandkuijl,2
scalability,2
mislead,2
jeroen,2
colombia,2
cause,2
upswing,2
solve,2
dialogue,2
something,2
local,2
worse,2
coolstuff,2
tweet,2
guy,2
naveh,2
bheu,2
bug,2
cpugi,2
dublin,2
index,2
muni,2
dollar,2
consumer,2
reputation,2
deal,2
climb,2
planning,2
breathe,2
pump,2
insulin,2
iaa,2
laptop,2
round,2
fill,2
competency,2
excited,2
resume,2
usability,2
nomoreransom,2
battery,2
youtube,2
achilles,2
cybeechtlv,2
xecheckpnt,2
attachment,2
joining,2
hummingwhale,2
executive,2
white,2
panel,2
display,2
prize,2
figure,2
development,2
jason,2
pose,2
kickoff,2
galactic,2
scan,2
flexibility,2
profit,2
sneak,2
googlecloud,2
skinner,2
internationalwomensday,2
water,2
clean,2
surge,2
conversation,2
profile,2
hottest,2
black,2
infosecworld,2
line,2
announce,2
telegram,2
whatsapp,2
insurer,2
opinion,2
profession,2
problem,2
daymark,2
miguel,2
educate,2
chrysaor,2
provide,2
hu,2
hotel,2
logrhythm,2
hostage,2
hold,2
kansa,2
pofolio,2
stuff,2
privacy,2
john,2
undetectable,2
fireside,2
form,2
responsibility,2
ingenier,2
equip,2
doubtful,2
internetexplorer,2
confidential,2
blackie,2
gordon,2
class,2
utilizes,2
effect,2
weekend,2
virus,2
fraction,2
south,2
platinum,2
killswitch,2
connection,2
orli,2
journey,2
signature,2
milano,2
newest,2
mgmt,2
valor,2
main,2
extend,2
kind,2
insecure,2
consistent,2
exana,2
geremy,2
junto,2
xabut,2
ride,2
revel,2
ceified,2
prominent,2
tackle,2
widespread,2
secu,2
connect,2
diamondfox,2
forget,2
dont,2
fan,2
object,2
count,2
meetup,2
hotfix,2
treat,2
generaci,2
complexity,2
plague,2
guest,2
revision,2
habla,2
francisco,2
futuro,2
conf,2
cybers,2
endpointsecurity,2
unleash,2
conocimientos,2
slide,2
techday,2
priority,2
cyberday,2
handle,2
strict,2
soluci,2
faster,2
prep,2
nsta,2
xafor,2
penalty,2
accede,2
tipo,2
controller,2
xbmo,2
clientes,2
mode,2
netsec,2
protege,2
ward,2
american,2
voting,2
xget,2
fragility,2
notpetya,2
analyze,2
packet,2
xadder,2
presente,2
upgrading,2
byte,2
lose,2
straightforward,2
malveising,2
xaand,2
checkmate,2
javascript,2
poor,2
shoage,2
verizonleak,2
xcadware,2
arrest,2
police,2
picture,2
create,2
proteger,2
host,2
barrier,2
hard,2
segment,2
layer,2
please,2
nfind,2
ecosystem,2
command,2
turkey,2
interesting,2
pleasure,2
proxy,2
configure,2
protecci,2
unen,2
workspace,2
capsule,2
past,2
small,2
busiest,2
multiple,2
todo,2
david,2
saber,2
linkedin,2
xfthe,2
denhamcapital,2
downloads,2
theater,2
monitoring,2
daily,2
concern,2
cybersecuritymonth,2
popularity,2
badrabbit,2
camera,2
bird,2
migration,2
capital,2
denham,2
minus,2
home,2
daniel,2
depament,2
uber,2
exam,2
special,2
educational,2
essential,2
nick,2
espionage,2
explain,2
european,2
techtalk,2
multi,2
growth,2
capture,2
design,2
cybercriminal,2
idea,2
medical,2
hardware,2
total,2
mexico,2
spot,2
secures,2
happen,2
guess,2
match,2
flash,2
book,2
production,2
proof,2
buzz,2
countdown,2
notorious,2
inventor,2
futurist,2
holman,2
pablos,2
lunch,2
hearing,2
touch,2
base,2
winterolympics,2
love,2
top,2
genv,2
congress,2
highlight,2
upcoming,2
march,2
pioneering,2
cell,1
external,1
surface,1
andrioid,1
vikinkhorde,1
iphone,1
manipulate,1
disguise,1
writer,1
investigate,1
infosecurity,1
runtime,1
vcenter,1
parameter,1
package,1
pool,1
cluster,1
installing,1
entity,1
dull,1
magicquadrant,1
zcrypt,1
sydney,1
newzealand,1
australia,1
message,1
hash,1
forrester,1
prone,1
heuristic,1
static,1
latency,1
activation,1
intergration,1
applaud,1
interaction,1
broadcast,1
tower,1
phila,1
recognized,1
difficult,1
distribuzione,1
trench,1
sandboxing,1
reso,1
river,1
pearl,1
cutwail,1
grow,1
document,1
heel,1
lentz,1
mobilesolutions,1
competitive,1
tinba,1
smagrid,1
municipal,1
kantor,1
alon,1
suppoed,1
disappear,1
angler,1
double,1
price,1
rental,1
poeous,1
centralize,1
likely,1
silicon,1
cnet,1
restriction,1
summer,1
generates,1
solid,1
yispecter,1
veigo,1
dotm,1
distribution,1
easier,1
monthly,1
majority,1
monitor,1
superior,1
indonesia,1
philippine,1
child,1
meant,1
breeze,1
classification,1
attribution,1
worldmap,1
xcnope,1
compare,1
switching,1
hummer,1
stronger,1
overeager,1
trick,1
official,1
unify,1
percent,1
integrates,1
smallbusinesses,1
shout,1
inspection,1
apts,1
leverage,1
mobiledevice,1
winrar,1
locker,1
implementation,1
investigates,1
cryptolocker,1
timeline,1
ransomwa,1
xcsecurity,1
antifraud,1
confirms,1
nadav,1
sansinstitute,1
setting,1
revolutionary,1
plugin,1
click,1
extension,1
jolie,1
recommended,1
evangelist,1
busa,1
snack,1
pizza,1
untitled,1
ballroom,1
paris,1
senior,1
donenfeld,1
chipset,1
terminaux,1
xacurit,1
faille,1
xachante,1
finding,1
defc,1
vulns,1
scanner,1
tablet,1
fear,1
keen,1
apple,1
thursdaythoughts,1
securityontap,1
datacenters,1
intelbuilders,1
reaps,1
cash,1
wannabe,1
dummy,1
decrypting,1
final,1
raas,1
datacentre,1
instagram,1
mscloudsummit,1
conociendo,1
nprominent,1
sfgiants,1
giant,1
publishes,1
testing,1
atpm,1
recover,1
mobilemalware,1
incr,1
speak,1
scam,1
iopener,1
star,1
domino,1
yoav,1
garland,1
knew,1
wallet,1
gamble,1
nobody,1
bhaskar,1
aquila,1
companion,1
furry,1
nationaldogday,1
animal,1
route,1
infra,1
jailbreak,1
edition,1
decision,1
chronology,1
pick,1
long,1
eres,1
pocket,1
jack,1
donald,1
jealous,1
vegasbaby,1
habitat,1
natural,1
whats,1
staegy,1
nail,1
little,1
handy,1
logic,1
vmworldswo,1
gesture,1
laborday,1
xinformatique,1
xecole,1
xatiment,1
pierre,1
premi,1
unexpected,1
cerberr,1
tgif,1
idcsec,1
voraus,1
schritt,1
einen,1
hackern,1
verr,1
xbcller,1
xfen,1
begr,1
cincinatti,1
centric,1
versailles,1
xateau,1
neat,1
canberra,1
dcorlando,1
sense,1
strike,1
palmas,1
seminario,1
gotten,1
presenter,1
skill,1
xcproblematic,1
anticipate,1
extra,1
sophistication,1
mistaken,1
chat,1
learning,1
hope,1
techendzone,1
equipment,1
transfer,1
garden,1
networking,1
whiskey,1
sanctuary,1
smallbusiness,1
manipulation,1
ethical,1
ethic,1
qradar,1
ehealth,1
rogers,1
pure,1
loudermilk,1
workforce,1
cisocharlotte,1
ciocharlotte,1
behavior,1
kept,1
checkpointpink,1
firstdayoffall,1
card,1
gift,1
starbucks,1
prompt,1
scary,1
richards,1
jamie,1
brilliant,1
detgledes,1
trondheim,1
ateacommunity,1
afraid,1
defend,1
enterpriseit,1
enter,1
fittest,1
survival,1
config,1
vunerable,1
lower,1
nnetwork,1
nationalcoffeeday,1
verschillen,1
zoek,1
meneer,1
selfies,1
lexington,1
cadre,1
stepahead,1
headline,1
ipexpo,1
ignore,1
doubt,1
infose,1
manufacturer,1
lockdown,1
care,1
wrong,1
preconception,1
charles,1
interesante,1
nikko,1
employer,1
separate,1
contractor,1
coworker,1
mistake,1
bite,1
homework,1
shape,1
copenhagen,1
architechture,1
xthis,1
nerror,1
demand,1
sacando,1
combination,1
iotsec,1
hinden,1
securityexpes,1
vemos,1
bytesritzex,1
horizon,1
lowest,1
compelling,1
behaves,1
earns,1
forum,1
neffective,1
cross,1
close,1
training,1
communication,1
sectorca,1
voiceof,1
voiceoftech,1
claritas,1
incidentresponse,1
threatintelligence,1
write,1
interested,1
garces,1
jaime,1
turnout,1
calm,1
kester,1
headset,1
bose,1
dcmemphis,1
xcthe,1
jerrod,1
bogo,1
cybersecurityday,1
amador,1
antonio,1
bogota,1
appropriate,1
determine,1
innotechatx,1
bronze,1
association,1
briefing,1
hole,1
endpointprotection,1
sleepless,1
rothman,1
basham,1
campbell,1
christopher,1
curve,1
necessity,1
luxury,1
source,1
screen,1
primary,1
generate,1
ring,1
crime,1
draw,1
xbox,1
ton,1
benelux,1
november,1
xban,1
predicciones,1
israeltech,1
brandon,1
uncovers,1
representative,1
utrecht,1
sitios,1
archivos,1
alojan,1
entre,1
mundial,1
xadasque,1
antimalware,1
adversary,1
existi,1
proactivity,1
anything,1
specific,1
accommodate,1
befo,1
verdict,1
excels,1
swag,1
exhibition,1
blackh,1
exploitable,1
funcionamiento,1
comprende,1
sofisticaci,1
eficiencia,1
cantidad,1
aumentan,1
ataques,1
checkpointvsec,1
vforumsg,1
finance,1
xbtes,1
ekspeene,1
simone,1
amazon,1
langua,1
sneeze,1
orientation,1
hire,1
crew,1
polite,1
comenta,1
directo,1
xbana,1
queda,1
xasolo,1
confianza,1
relaciones,1
creemos,1
telefonica,1
recuerdo,1
foto,1
wan,1
antibot,1
itsecurit,1
effo,1
nfree,1
cybersecu,1
wide,1
similar,1
unceainty,1
sufficient,1
ability,1
recognizes,1
evolve,1
scalable,1
feel,1
shocuts,1
openstack,1
imagegate,1
influence,1
bloomberg,1
grid,1
waste,1
caution,1
yahoo,1
unprotected,1
happyholidays,1
guarantee,1
battle,1
firepower,1
aftehought,1
agile,1
language,1
programming,1
mechanism,1
recruiter,1
goldeneye,1
macro,1
unsolicited,1
checkpoi,1
bang,1
cpsko,1
securitycon,1
carrier,1
maker,1
pressure,1
decryptors,1
ransomare,1
derialock,1
pink,1
outlook,1
transaction,1
tutorial,1
concerned,1
facility,1
diverse,1
submission,1
dallas,1
experienced,1
stark,1
troy,1
hopsitals,1
nurse,1
doctor,1
moble,1
various,1
harm,1
impacted,1
xcodeghost,1
maximum,1
prevalence,1
decrease,1
zap,1
threatens,1
vacation,1
christmas,1
demoby,1
cybeech,1
admit,1
evasive,1
confidence,1
fraud,1
advantage,1
premiata,1
ieri,1
grazie,1
rogue,1
spain,1
return,1
derecho,1
empezando,1
koch,1
catastrophic,1
damage,1
former,1
streaming,1
contest,1
fantastic,1
confident,1
mark,1
moderator,1
prote,1
burkey,1
darrell,1
viewing,1
gigamon,1
visitor,1
micki,1
send,1
allow,1
fogodechao,1
soundtrack,1
francisca,1
dona,1
nationwide,1
satellite,1
footage,1
scene,1
brazil,1
forumciberseguridad,1
garc,1
mario,1
mitos,1
problematic,1
consensus,1
republic,1
czech,1
comeback,1
slammer,1
decade,1
rogueone,1
passion,1
oveakes,1
exibition,1
ciberdelincuentes,1
xajuntos,1
paicipaci,1
vuestra,1
gracias,1
itsecuri,1
xaplatform,1
maximize,1
elaborate,1
woman,1
rear,1
infosecwebinar,1
bride,1
dutch,1
supply,1
neopharm,1
innovated,1
february,1
merry,1
clar,1
dominance,1
elevenpaths,1
programme,1
guidebook,1
deepweb,1
dimension,1
awsgamedaytlv,1
staff,1
mobilesecur,1
honor,1
guru,1
sapradio,1
leakage,1
paicular,1
shadowit,1
examine,1
attcyberconf,1
amplias,1
capacidades,1
ofrece,1
pleased,1
snapshot,1
payment,1
bitcoin,1
databreach,1
simplifies,1
back,1
dataprotection,1
conventional,1
function,1
swearingtrojan,1
ctos,1
cio,1
alianza,1
pae,1
somos,1
wheel,1
clou,1
xfsecurity,1
chose,1
sustain,1
history,1
xbpez,1
xandez,1
hern,1
threatmulation,1
dfir,1
surveillance,1
observe,1
descubieas,1
fueron,1
citadas,1
announces,1
complian,1
unlocking,1
key,1
geek,1
asegura,1
helvetia,1
segmentation,1
micro,1
successstory,1
aware,1
finest,1
heaven,1
russell,1
barry,1
smar,1
correct,1
temas,1
impoante,1
estamos,1
simu,1
edit,1
admins,1
exec,1
wrap,1
pic,1
surprise,1
agree,1
cpug,1
cpugchallenge,1
faskha,1
misleads,1
socios,1
anual,1
paicipa,1
mundo,1
cuentas,1
mill,1
vulner,1
descubieo,1
belinch,1
yolanda,1
useready,1
nteam,1
cibercriminal,1
posible,1
narch,1
charla,1
kinepolis,1
llenando,1
mundohackerday,1
empire,1
maijn,1
byodsec,1
silent,1
aossskc,1
aossecuritysummitkc,1
victory,1
inter,1
vnet,1
internal,1
inse,1
limitation,1
letting,1
appreciate,1
introduced,1
empleados,1
formaci,1
impoancia,1
remarca,1
expeo,1
sponsoring,1
reseller,1
concret,1
exemple,1
montre,1
nous,1
dcsanantonio,1
richard,1
sound,1
xadata,1
nrsvp,1
risksecny,1
evil,1
backdoor,1
tuesdaymotivation,1
expansion,1
technological,1
facilitate,1
movil,1
xbximo,1
preparado,1
xaright,1
perception,1
concerrn,1
xbamnon,1
xadstrate,1
xareg,1
nextsecure,1
patrocinador,1
presentaci,1
iniciar,1
punto,1
xbat,1
mobiledata,1
xfincident,1
netflix,1
contributor,1
blocking,1
shop,1
xaprovides,1
xbdevices,1
xalet,1
purpose,1
orgs,1
intellig,1
overcame,1
organizan,1
mayo,1
rica,1
costa,1
hackingchallenge,1
presenta,1
workshop,1
novated,1
instrumentation,1
debug,1
kit,1
valuable,1
telethon,1
fundazione,1
country,1
fast,1
onestepah,1
wanacryptr,1
wannacrypt,1
wannacryptor,1
crazy,1
wannac,1
hitting,1
thousand,1
cybera,1
wanacrypt,1
xfsolution,1
physical,1
smamanagement,1
achieve,1
sectc,1
arcade,1
gon,1
sinkhole,1
successor,1
virulent,1
mytube,1
xfwebinar,1
nachtt,1
marius,1
announcement,1
adaptive,1
united,1
spam,1
weakest,1
shuchami,1
nathan,1
investment,1
minor,1
bypasse,1
green,1
noam,1
modernize,1
audience,1
overdue,1
ransomwareattac,1
propuesta,1
nuestra,1
cuenta,1
satisfy,1
consequence,1
relevant,1
additional,1
keyword,1
connected,1
fouh,1
trained,1
danger,1
investigamos,1
bancario,1
infiltrarse,1
logra,1
xbfc,1
permission,1
extensive,1
grant,1
sandblastagent,1
boost,1
infographic,1
cdwsocial,1
education,1
realizzata,1
diffusione,1
della,1
mappa,1
town,1
continuity,1
preemptive,1
xcmay,1
nthank,1
challange,1
ware,1
vuln,1
infect,1
warns,1
dposummit,1
transformation,1
vaksdal,1
eagle,1
april,1
kodi,1
thinkoutthebox,1
connectedcars,1
automotive,1
fate,1
playstore,1
judymalware,1
newattackvector,1
punch,1
operates,1
linu,1
cardiacdevice,1
xfdive,1
mobil,1
xcjudy,1
believing,1
emergency,1
instance,1
unable,1
adclick,1
otros,1
addware,1
sido,1
dispositivos,1
confirma,1
freeware,1
overhead,1
cybe,1
xbfollow,1
twitter,1
corruption,1
database,1
panez,1
ricardo,1
greattechnology,1
greatpeople,1
lugar,1
momento,1
amenaza,1
contra,1
cybealk,1
drop,1
thursday,1
accumulator,1
jumbo,1
cream,1
xfwatch,1
xrecomendada,1
smaconsole,1
poable,1
explanation,1
wonder,1
agenda,1
disponible,1
xaya,1
ceificates,1
bulk,1
sholy,1
brief,1
cpwatchdog,1
utility,1
cplogtosyslog,1
securityseason,1
self,1
loltechconnect,1
randsomware,1
efectos,1
robayo,1
chainattacks,1
arquitectura,1
conocer,1
xacnica,1
sesi,1
maes,1
nour,1
ndrive,1
xdhappy,1
rssia,1
xarence,1
remercions,1
xaame,1
estudio,1
caso,1
xadescarga,1
entorno,1
smaview,1
telekomsecurity,1
disruptive,1
xfsee,1
ticsalud,1
salud,1
compae,1
xadaz,1
carlos,1
soluciones,1
guatemala,1
nuevos,1
poder,1
libera,1
roadshow,1
apis,1
gnosis,1
xfis,1
xbdulo,1
gusta,1
incremento,1
citizen,1
psiphon,1
xarate,1
brecha,1
prevenir,1
incremental,1
spanish,1
movilidad,1
corporativos,1
xadan,1
achievement,1
outstanding,1
win,1
demostraci,1
cpet,1
actualizada,1
visita,1
situaci,1
evaluar,1
pagues,1
introduction,1
nfollow,1
outbreak,1
xfmassive,1
xhere,1
standstill,1
petra,1
omniteliano,1
bloquea,1
ncheck,1
cover,1
xfcheck,1
petyaransomware,1
xademo,1
course,1
ncompliance,1
expression,1
regular,1
mira,1
protegidos,1
tecnolog,1
utilizan,1
threatmap,1
direction,1
society,1
gaia,1
sofisticados,1
nube,1
activos,1
documentation,1
blackhole,1
respont,1
incedent,1
ransomwareattack,1
devs,1
xsee,1
xafter,1
infocr,1
costarica,1
ccse,1
ccsa,1
xbximos,1
soriano,1
albeo,1
descubieos,1
moviles,1
ciberataques,1
operating,1
ntake,1
execution,1
exposed,1
xdata,1
nombra,1
innovaci,1
impulsa,1
visi,1
liderar,1
assoteam,1
incontro,1
poll,1
paicipate,1
mimic,1
macos,1
todos,1
fallos,1
xaidentifica,1
nagain,1
land,1
helpful,1
character,1
unicode,1
signal,1
installs,1
reoos,1
cha,1
integrate,1
dmbisson,1
svdctrrbds,1
favorite,1
throwbackthursday,1
phoneboy,1
remember,1
blast,1
ganermq,1
dictionary,1
naked,1
exposure,1
talent,1
sho,1
afterwards,1
nthe,1
tide,1
hint,1
empresarial,1
table,1
creation,1
radio,1
stealth,1
stopwatch,1
kqed,1
smaevent,1
njoin,1
disregard,1
preventable,1
throne,1
xgame,1
chapter,1
issa,1
clish,1
freewheeling,1
ismgsummits,1
paradigm,1
intesistdi,1
xfready,1
strange,1
subnets,1
vlans,1
standalone,1
rave,1
older,1
glad,1
principle,1
core,1
cliff,1
bomb,1
identity,1
reveal,1
ndive,1
prem,1
xamundo,1
ciberamenazas,1
xbaltimas,1
ndescubre,1
presentamos,1
allows,1
cache,1
disable,1
swing,1
ku,1
perpetrator,1
authority,1
vulnerabilidad,1
descubre,1
peligro,1
series,1
feminine,1
logo,1
column,1
messenger,1
xbest,1
ground,1
teamed,1
xfjoin,1
nmins,1
staing,1
bridge,1
tuesday,1
bashware,1
cyberexpes,1
consent,1
hackerdefender,1
globeimposter,1
yoursel,1
blueborne,1
redefines,1
blueto,1
waterproof,1
wireless,1
suppos,1
stack,1
surf,1
safety,1
internetofthings,1
energy,1
credit,1
city,1
constant,1
ranking,1
shoot,1
protocol,1
weakness,1
mpower,1
opendxl,1
registration,1
legitimate,1
miner,1
discount,1
busines,1
imperative,1
seamless,1
achieves,1
adapts,1
availa,1
hijack,1
limited,1
malwar,1
shopper,1
plane,1
commercial,1
avionics,1
homeland,1
avoidable,1
schedule,1
ceification,1
cybermonday,1
scheme,1
xccyber,1
mckerrall,1
component,1
electronic,1
devel,1
java,1
comply,1
maintenance,1
laurenty,1
preditions,1
higher,1
implement,1
frequent,1
watc,1
pattni,1
aatish,1
distribute,1
mass,1
false,1
true,1
inte,1
rare,1
predi,1
wild,1
router,1
huawei,1
alexander,1
invitation,1
exclusive,1
prot,1
audio,1
screenshot,1
thre,1
halt,1
task,1
carry,1
downloa,1
flashlight,1
cryptomining,1
weapon,1
shift,1
radical,1
rubyminer,1
lone,1
upcom,1
checkpointresearch,1
equation,1
microsoftoffice,1
matter,1
nerd,1
basement,1
coun,1
selling,1
grown,1
telecom,1
cisos,1
rigid,1
lear,1
adultswine,1
prospect,1
tamaulipas,1
autonoma,1
universidad,1
student,1
science,1
misstep,1
cxos,1
adoption,1
region,1
offensive,1
adobe,1
wolff,1
capitalize,1
remain,1
concept,1
presented,1
excellence,1
circle,1
cyberprotection,1
finishing,1
xclearn,1
lesson,1
mobileattacks,1
roadmap,1
orangecyberdefense,1
xcmicrosoft,1
winter,1
xcincident,1
cloudy,1
xcyes,1
feedback,1
pwns,1
xcgame,1
degree,1
xcai,1
recommendation,1
wire,1
xcadvanced,1
spit,1
machine,1
institution,1
olympicdestroyer,1
ceremony,1
celebrate,1
happyvalentinesday,1
warm,1
potent,1
jenkins,1
appointment,1
printing,1
secur,1
havoc,1
wreak,1
annabelle,1
creator,1
developer,1
motivation,1
xcnot,1
looki,1
burst,1
radar,1
intentional,1
traction,1
bill,1
georgia,1
himss,1
field,1
laureate,1
availability,1
