cybersecurity,76
cyber,55
cltc,22
policy,16
future,12
whcybercomm,8
commission,8
join,8
news,8
research,8
talk,7
host,6
weber,6
cyberattack,6
security,6
olympics,6
national,5
spos,5
master,5
cyberattacks,5
data,5
democracy,5
long-term,5
tomorrow,5
cyberfutures,4
project,4
house,4
white,4
administration,4
student,4
discus,4
rsvp,4
/,4
government,4
information,4
attack,4
issue,4
system,4
fellow,4
grantee,4
event,4
discuss,4
week,4
program,4
incubator,4
workforce,4
live,4
state,4
risk,4
june,3
enhance,3
withstand,3
scenario,3
today,3
force,3
press,3
last,3
diversity,3
public,3
good,3
shape,3
society,3
civil,3
academic,3
search,3
tech,3
threat,3
weapon,3
hack,3
industry,3
enable,3
cltcseminar,3
power,3
seminar,3
repo,3
digital,3
valley,3
silicon,3
center,3
read,3
operation,3
cyberspace,3
april,2
club,2
watch,2
pres,2
gilman,2
look,2
gobears,2
machine,2
cloud,2
fund,2
cltcrfp,2
'cltc,2
panel,2
podcast,2
cyberlaw,2
interview,2
idea,2
interested,2
advise,2
implication,2
pipeline,2
talent,2
month,2
summit,2
global,2
call,2
task,2
espionage,2
increase,2
initiative,2
topic,2
work,2
position,2
fill,2
individual,2
workshop,2
priority,2
great,2
degree,2
manager,2
group,2
trend,2
skill,2
jesse,2
berkeley,2
outline,2
trump,2
accomplishment,2
sanger,2
david,2
understand,2
cltcsanger,2
russia,2
hacker,2
peace,2
invest,2
cyberwar,2
researcher,2
ransomware,2
pa,2
professional,2
legal,2
rise,2
september,2
focus,2
problem,2
multidisciplinary,2
next,2
technologist,2
cooper,2
term,2
field,2
building,2
present,2
anyone,2
leader,2
worst-case,2
winterolympics/,2
cybercriminals,2
alarm,2
sound,2
release,1
luminary,1
miss,1
sta,1
conversation,1
follow,1
presentation,1
tweet,1
collapse,1
aftermath,1
depict,1
bubble,1
live-streaming,1
video,1
complete,1
wrap,1
masterplan,1
management,1
singapore,1
jonathan,1
impoant,1
agenda,1
ready,1
notice,1
register,1
federal,1
'want,1
speaker,1
hope,1
chance,1
launch,1
'ready,1
deliver,1
nation,1
something,1
approach,1
holistic,1
prafullchandra,1
plug,1
nobody,1
protection,1
core,1
standard,1
suggest,1
screen,1
lemon,1
market,1
ecosystem,1
staup,1
heim,1
patrick,1
commute,1
mobile,1
positive,1
stamos,1
cybers,1
broaden,1
attempt,1
intrusion,1
harm,1
human,1
actual,1
funders,1
engage,1
enforcement,1
intel,1
block,1
budget,1
computer,1
quantum,1
learn,1
louie,1
mclaughlin,1
mark,1
resilience,1
combo,1
hewlett,1
'women,1
philanthropy,1
code,1
crack,1
symposium,1
financial,1
enterprise,1
advises,1
sma,1
computing,1
hacking,1
ease,1
native,1
variety,1
address,1
annual,1
second,1
funding,1
grant,1
seed,1
disruption,1
theft,1
simple,1
graver,1
integrity,1
manipulating,1
tampering,1
thought,1
india,1
include,1
american,1
everything,1
voting,1
conference,1
spoke,1
hill,1
welcome,1
excite,1
moderate,1
discussion,1
'tomorrow,1
surveillance,1
nation-state,1
meeting,1
'proud,1
students\xcome,1
hiring,1
senior,1
info,1
enroll,1
semester,1
spring,1
surveillanc,1
unveils,1
february,1
privacylab,1
reasonable,1
pending,1
agency,1
advance,1
carpa,1
institution,1
propose,1
cyber-emotional,1
sensorium,1
ewicy,1
date,1
recs,1
education,1
react,1
criminal,1
cybercrime,1
convention,1
budapest,1
country,1
world,1
time,1
'thanks,1
year,1
event/,1
'final,1
recommendation,1
member,1
journalism,1
intersection,1
campus,1
sector,1
shoage,1
cyberworkforceincubator,1
epidemic,1
silent,1
geography,1
effos,1
obstacle,1
face,1
fed,1
'passionate,1
document,1
source,1
primary,1
must-read,1
+,1
vault,1
weekend,1
need,1
biotechnology,1
intelligence,1
aificial,1
role,1
spur,1
line,1
betsy,1
people,1
involved,1
technical,1
think,1
leadership,1
drive,1
success,1
underrepresented,1
help,1
planner,1
curriculum,1
severe,1
major,1
racial,1
gender,1
helpful,1
health,1
parallel,1
challenge,1
maintain,1
difficult,1
tech/awareness,1
direction,1
high,1
show,1
mics,1
lead,1
someone,1
deter,1
use,1
tool,1
deployment,1
spyware,1
warfare,1
current,1
cybersec,1
manager-coming,1
cyber-conflict,1
signal,1
recent,1
revolutionary,1
innovative,1
car,1
'self-driving,1
oppounities,1
publication,1
access,1
easy,1
statecraft,1
capability\xctools,1
view,1
advisor,1
former,1
obama,1
daniel,1
teach,1
politics,1
economy,1
theme,1
series,1
fall,1
goldhammer,1
career,1
cybersecur,1
gold,1
home,1
expes,1
espa\xbol,1
koenig,1
alexa,1
west,1
'wild,1
normal,1
insecurity,1
hear,1
underpinnings,1
affect,1
influence,1
harbor,1
pearl,1
purpose,1
subtle,1
much,1
scene,1
trust,1
faith,1
undermine,1
matter,1
cyber-secuity,1
cool,1
tennis,1
line-calling,1
hawkeye,1
gambler,1
detector,1
ball-boundary,1
diet,1
athlete,1
cybehreats,1
vulnerable,1
generation,1
mission,1
crucial,1
state-sponsored,1
chronicle,1
timeline,1
check,1
online,1
obsessed,1
hacktivism,1
cybeerrorism,1
enteainment,1
sony,1
prior,1
securit,1
potential,1
past,1
cite,1
andreades,1
nuclear,1
company,1
\xctechnology,1
district,1
transit,1
sacramento,1
consult,1
norm,1
\xcwhen,1
traditional,1
consequential,1
manipulation,1
dial,1
interdisciplinary,1
thinker,1
law,1
construct,1
target,1
cyberrisk,1
unceain,1
speak,1
asian,1
analyze,1
-wrote,1
sign,1
late,1
preschool,1
bennett,1
new,1
solution,1
lasting,1
such,1
broad,1
learning,1
implications/machine,1
area,1
measure,1
cyber-security,1
repercussion,1
doing-disseation,1
grateful,1
vote,1
election,1
midterm,1
impactful,1
envisions,1
cybersecurity.betsy,1
long,1
director,1
executive,1
safe,1
keep,1
critical,1
capable,1
lecture,1
scholar,1
visit,1
cyber-atta,1
winter,1
military,1
understands,1
nakasone,1
