security,748
cyberark,544
account,465
cybersecurity,368
attack,218
privileged,210
today,193
learn,190
threat,186
cloud,183
credential,147
infosec,146
secure,146
access,144
risk,144
privilege,138
blog,128
free,117
join,113
cyber,113
organization,107
webinar,104
ransomware,103
week,101
attacker,101
management,100
devops,100
rsac,98
time,91
key,88
solution,88
control,87
team,87
webcast,85
great,82
tomorrow,80
help,79
network,78
critical,77
environment,74
protect,74
enterprise,72
breach,70
password,66
register,65
impact,63
talk,63
data,63
year,62
best,61
visit,61
alliance,60
insider,57
system,56
mokady,55
program,54
customer,54
secret,53
company,53
endpoint,52
booth,51
infrastructure,51
lab,51
need,50
global,49
stop,49
next,49
analytics,48
step,46
miss,46
post,46
business,46
user,44
award,44
paner,44
practice,44
strategy,43
threatrepo,42
video,42
cyberattacks,42
vulnerability,42
check,42
repo,41
research,40
cyberattack,40
survey,39
integration,39
application,39
window,39
cybrimpact,38
pay,38
latest,38
vote,37
summit,37
thanks,37
tech,36
good,36
identity,35
challenge,35
cyberarkboston,33
world,33
case,33
download,33
vendor,33
event,33
thing,33
read,32
unix,32
protection,32
technology,31
compliance,31
gdpr,31
malware,31
session,30
news,30
approach,30
proud,30
detect,30
boston,29
interview,29
hacker,29
welcome,28
watch,28
last,28
target,28
admin,27
way,27
ganeriam,27
tool,27
domain,26
view,26
reason,26
congrats,26
conference,26
prediction,26
machine,26
dulkin,25
employee,25
paners,25
remote,25
leader,25
work,25
month,25
automation,25
real,24
industry,24
address,24
tip,24
explores,24
bhusa,23
andrey,23
right,23
redteam,23
detail,23
asset,23
demo,23
common,23
swift,23
ready,23
conjur,23
mitigate,23
many,23
pa,23
service,22
least,22
pro,22
insidehreat,22
keynote,22
channel,22
lesson,22
change,22
question,22
role,21
recent,21
pathway,21
know,21
compromise,21
manage,21
show,21
kerberos,21
power,21
high,20
safe,20
activity,20
federal,20
discus,20
product,20
detection,20
threatsurvey,20
industrial,19
bank,19
sprint,19
ganersec,19
finalist,19
respond,19
panel,19
night,19
information,19
open,19
agency,19
policy,19
incident,19
workload,19
pas,19
medium,18
speaks,18
effective,18
category,18
prevent,18
ciso,18
pain,18
exploit,18
insight,18
pipeline,18
study,18
potential,18
infographic,17
repos,17
landscape,17
sure,17
mitigation,17
ncsam,17
day,17
come,17
line,17
problem,17
full,17
hash,17
meet,17
cost,16
matter,16
public,16
adam,16
malicious,16
look,16
exploitation,16
trust,16
hear,16
theft,16
ceo,16
piece,16
minute,16
defense,16
impoant,16
process,16
social,15
accts,15
thank,15
chance,15
ebook,15
stand,15
info,15
place,15
cisos,15
biggest,15
emea,15
resource,15
track,15
interested,15
aicle,14
bangladesh,14
bosnian,14
america,14
brief,14
surface,14
david,14
happy,14
abuse,14
monitor,14
technique,14
guest,14
demand,14
trend,14
opensource,14
exposure,13
want,13
point,13
perimeter,13
cisoview,13
large,13
innovation,13
heist,13
audit,13
executive,13
server,13
local,13
member,13
acct,13
jenkinsworld,13
response,13
sponsor,13
capability,13
major,13
sta,13
hybrid,13
live,13
platform,13
present,13
firm,13
ukraine,12
grid,12
link,12
expo,12
hea,12
story,12
standard,12
wannacry,12
gain,12
list,12
oppounity,12
benefit,12
task,12
director,12
fact,12
different,12
face,12
behavioral,11
email,11
clear,11
cyberaware,11
advanced,11
productivity,11
value,11
difficult,11
progress,11
controller,11
victim,11
possible,11
comment,11
sensitive,11
hack,11
front,11
market,11
gap,11
higgins,11
john,11
mgmt,11
unique,11
winner,11
cycle,11
break,11
level,11
requirement,11
cybeech,11
focus,11
host,11
paper,11
cybr,10
worrall,10
door,10
healthcare,10
first,10
steal,10
third,10
asia,10
morning,10
proactive,10
device,10
discover,10
reminder,10
profile,10
share,10
awareness,10
personal,10
assessment,10
unsecured,10
attendee,10
record,10
sho,10
xcthe,10
joint,10
life,9
viewfinity,9
mode,9
cot,9
path,9
insidehreats,9
room,9
understand,9
sector,9
stage,9
largest,9
behavior,9
speaker,9
scan,9
peer,9
speak,9
bestworkplaces,9
house,9
reinvent,9
single,9
block,9
group,9
vector,9
guidance,9
building,9
private,9
suppo,9
manager,9
impoance,9
weighs,9
hidden,9
nasdaq,8
jump,8
nist,8
chain,8
vincent,8
issue,8
weak,8
preso,8
sudo,8
easy,8
cybercrime,8
vulnerable,8
much,8
rhsummit,8
chief,8
linux,8
complete,8
ghosthook,8
excellence,8
limit,8
priority,8
layer,8
lifecycle,8
ganer,8
rise,8
ansiblefest,8
agility,8
valuable,8
better,8
apps,8
feature,8
future,8
premise,8
ale,8
orgs,8
lead,8
source,8
code,8
success,8
sale,8
president,8
velocity,8
series,8
bypass,8
continuous,8
ticket,8
devsecops,8
daredevil,7
privilegeiseverywhere,7
ghebranious,7
whitepaper,7
barcelona,7
strategic,7
nerc,7
white,7
delivers,7
noh,7
center,7
japan,7
minimize,7
spot,7
disrupt,7
database,7
sample,7
saas,7
takeover,7
analysis,7
cyberattackers,7
past,7
goal,7
energy,7
collaboration,7
mtlcawards,7
excited,7
catch,7
everything,7
efficiency,7
create,7
average,7
type,7
onfirebos,7
automate,7
adar,7
discovery,7
israel,7
countdown,7
examines,7
authentication,7
concern,7
contain,7
file,7
kingdom,7
action,7
scale,7
journey,7
consider,7
cyberattacker,7
measure,7
mistake,7
tune,7
drive,7
anatomy,7
opmhack,6
leal,6
default,6
person,6
entire,6
provider,6
relationship,6
initiative,6
metric,6
former,6
agent,6
cowesweek,6
forum,6
active,6
escalation,6
sense,6
chris,6
sign,6
connection,6
intelligence,6
movement,6
lateral,6
gerrit,6
pattern,6
eliminate,6
unmanaged,6
mission,6
digital,6
hall,6
breakfast,6
mean,6
wsjcyber,6
bbjbestplaces,6
topic,6
apple,6
powerful,6
admins,6
shadow,6
mindset,6
listen,6
enforce,6
sydney,6
examine,6
highlight,6
agenda,6
home,6
susecon,6
fronting,6
everyone,6
viual,6
damage,6
integrate,6
tonight,6
answer,6
return,6
vega,6
fast,6
bring,6
deployment,6
city,6
internal,6
isolate,6
dangerous,6
compliant,6
iscemea,6
government,6
developer,6
administrator,6
fundamental,6
awesome,6
whitehouse,6
playbook,6
speed,6
organisation,6
enable,6
stas,6
robotic,6
trading,5
investigator,5
espionage,5
middleton,5
exec,5
teiss,5
slideshow,5
techmadnessbos,5
matt,5
route,5
privilegedstat,5
siem,5
weakest,5
stakeholder,5
spec,5
quote,5
corporate,5
overall,5
goodwin,5
happens,5
external,5
recommendation,5
enter,5
integrity,5
analyst,5
dark,5
warns,5
component,5
recap,5
rapid,5
choose,5
experience,5
guide,5
workstation,5
kick,5
human,5
dinner,5
test,5
something,5
comprehensive,5
fear,5
name,5
singapore,5
overview,5
special,5
career,5
gold,5
enough,5
patchguard,5
newcomer,5
expes,5
command,5
discussion,5
draw,5
lucky,5
significant,5
hope,5
combat,5
factor,5
keep,5
central,5
leadership,5
greater,5
delivery,5
cdns,5
software,5
stay,5
registration,5
defender,5
favorite,5
staup,5
tues,5
conversation,5
table,5
several,5
guard,5
massachusetts,5
position,5
reduction,5
people,5
forget,5
community,5
head,5
drop,5
misuse,5
le,5
topplacestowork,5
remediate,5
lot,5
advice,5
move,5
framework,5
practical,5
explore,5
hygiene,5
vice,5
stats,5
available,5
google,5
scott,5
march,5
operation,5
hour,5
lisbon,4
radio,4
privilegedaccounts,4
payton,4
stat,4
sonyhack,4
stock,4
forensics,4
marketscape,4
play,4
tipoftheday,4
whycyberark,4
carbanak,4
main,4
huge,4
foune,4
directory,4
london,4
bracket,4
brokerage,4
reach,4
balance,4
ausce,4
tweet,4
navigate,4
nick,4
staed,4
second,4
takeaway,4
aspect,4
debrief,4
equal,4
hard,4
min,4
related,4
nothing,4
supply,4
percent,4
habit,4
online,4
beware,4
yariv,4
resilience,4
guideline,4
store,4
photo,4
spotlight,4
monitoring,4
holiday,4
writes,4
small,4
cast,4
basic,4
save,4
presentation,4
nation,4
nice,4
analyze,4
yahoo,4
european,4
guilty,4
nacacs,4
used,4
state,4
take,4
make,4
plan,4
location,4
marketing,4
idea,4
containment,4
cloudy,4
cover,4
essential,4
evil,4
expe,4
feldman,4
strike,4
innovative,4
administrative,4
architecture,4
encryption,4
experienced,4
depth,4
actionable,4
hand,4
jenkins,4
card,4
amazon,4
scratch,4
error,4
devseccon,4
suspicious,4
prioritization,4
matrix,4
cloudsecurity,4
office,4
content,4
visibility,4
engineer,4
illusion,4
corbett,4
please,4
build,4
console,4
halloween,4
fellow,4
contact,4
preview,4
number,4
roadshow,4
israeli,4
pose,4
ecosystem,4
battleground,4
shut,4
star,4
force,4
knowledge,4
example,4
watchful,4
offer,4
notification,4
disconnect,4
consequence,4
board,4
safety,4
decision,4
sma,4
oppounities,4
attend,4
professional,4
thurs,4
regular,4
unprotected,4
researcher,4
review,4
teach,4
checkpoint,4
icscc,4
azure,4
reveal,4
regulation,4
fall,4
ignore,4
ansible,4
half,4
greatest,4
advance,4
thursday,4
bigdata,3
columbus,3
guten,3
radar,3
shellshock,3
symposium,3
skeleton,3
area,3
dinnar,3
sysadmin,3
sony,3
pure,3
sophisticated,3
bsidessf,3
wear,3
current,3
criterion,3
soundbite,3
repoed,3
megasession,3
persistent,3
germany,3
danger,3
inevitable,3
contributor,3
base,3
evaluation,3
classic,3
pacific,3
celebrate,3
become,3
option,3
charity,3
seminar,3
conf,3
vital,3
prime,3
xcsecurity,3
strong,3
retail,3
boost,3
serious,3
prize,3
globe,3
observation,3
regional,3
interesting,3
vuln,3
highest,3
heard,3
increase,3
normal,3
investment,3
upcoming,3
michael,3
cake,3
close,3
persist,3
false,3
recos,3
techgivesback,3
call,3
rsacharge,3
regain,3
perspective,3
australian,3
explains,3
institution,3
financial,3
word,3
others,3
evaluate,3
phishing,3
simple,3
xthe,3
shamoon,3
afford,3
apts,3
homeland,3
army,3
race,3
scanning,3
protected,3
log,3
briefing,3
moscone,3
remediation,3
dear,3
costly,3
latin,3
update,3
responsible,3
loss,3
foundation,3
magnitude,3
safeguard,3
silver,3
banking,3
prevention,3
fintech,3
sound,3
staff,3
ha,3
matan,3
risky,3
officer,3
acquisition,3
wonderful,3
weather,3
display,3
maggiore,3
fantastic,3
yesterday,3
italy,3
ability,3
national,3
contributes,3
computer,3
method,3
health,3
league,3
justice,3
archive,3
principle,3
reqs,3
unauthorized,3
undermine,3
deal,3
layered,3
training,3
strengthen,3
nycrr,3
announces,3
naim,3
notpetya,3
growth,3
canada,3
country,3
multi,3
traffic,3
rogue,3
congratulation,3
spread,3
blackhat,3
match,3
sunsail,3
posture,3
interest,3
workshop,3
overcome,3
launch,3
ranking,3
kevin,3
exist,3
prioritize,3
fedscoop,3
internet,3
accidental,3
project,3
intel,3
boundhook,3
mass,3
fight,3
xconcyber,3
lineup,3
debugger,3
snapshot,3
github,3
plugin,3
culture,3
workboston,3
student,3
simplifies,3
commitment,3
awsreinvent,3
deliver,3
cross,3
hiring,3
style,3
war,3
prepare,3
commercial,3
weakness,3
suite,3
core,3
conduct,3
golden,3
saml,3
child,3
leak,3
west,3
cscf,3
successful,3
brian,3
aviv,3
imperative,3
enhance,3
anyone,3
channelchief,3
effect,3
general,3
mainstream,3
meeting,3
reveals,3
organizational,3
damaging,3
find,3
accountability,3
triton,3
bear,2
energetic,2
emerges,2
snowden,2
catalyst,2
diego,2
convo,2
brilliant,2
skydive,2
prior,2
dreambig,2
dulavitz,2
chen,2
friend,2
xboil,2
direct,2
xevil,2
unfettered,2
permanent,2
image,2
follow,2
anytime,2
theresa,2
strongest,2
investigation,2
late,2
shift,2
headline,2
foot,2
cnbc,2
true,2
uncontrolled,2
fido,2
wake,2
twitter,2
russia,2
xinsider,2
motif,2
anunak,2
origin,2
techmadness,2
excerpt,2
revenue,2
gorilla,2
fran,2
turkey,2
wargames,2
understanding,2
deny,2
sholist,2
hero,2
microscope,2
washington,2
venom,2
heableed,2
vodafone,2
fiction,2
xcwho,2
adversary,2
folk,2
tighten,2
nessus,2
xasset,2
vienna,2
assurance,2
testimony,2
pic,2
juncture,2
speaking,2
hostingcon,2
xccybersecurity,2
holistic,2
mngmt,2
surprise,2
brent,2
presenter,2
insurance,2
voted,2
australia,2
tokyo,2
implementation,2
splunkconf,2
itsa,2
atos,2
priv,2
october,2
feyecybersummit,2
extends,2
handle,2
asian,2
louden,2
mike,2
crew,2
troublesome,2
shoutout,2
roundup,2
xccyberark,2
prevalence,2
uncovers,2
win,2
effectiveness,2
csos,2
educate,2
perform,2
patch,2
official,2
daily,2
icit,2
resist,2
criminal,2
campaign,2
airline,2
reception,2
floor,2
paicipate,2
automatic,2
vigilant,2
madness,2
mitigating,2
crnchannelchiefs,2
disaster,2
tell,2
uncommon,2
denominator,2
ceification,2
military,2
fair,2
informative,2
crime,2
enormous,2
sweepstakes,2
infosecmx,2
spending,2
corp,2
winter,2
ireland,2
technical,2
authorized,2
payment,2
super,2
raffle,2
briefed,2
easier,2
ingredient,2
skill,2
infosecurity,2
french,2
spnav,2
operator,2
june,2
column,2
austria,2
baglin,2
pressure,2
audience,2
overlook,2
presence,2
warn,2
challenging,2
infra,2
europe,2
soft,2
perfect,2
treat,2
begin,2
shoen,2
unknown,2
lock,2
directive,2
destroy,2
yossi,2
removal,2
secures,2
trade,2
cryptolocker,2
mumbai,2
nrespond,2
ndetect,2
milestone,2
webcasts,2
music,2
webinarsemea,2
privilegefirst,2
itsecurity,2
massive,2
atlanta,2
ultimate,2
crack,2
lechner,2
lenchner,2
ceifications,2
improvement,2
xclights,2
failure,2
elastic,2
starhub,2
expands,2
panership,2
maintain,2
deter,2
independent,2
spear,2
initial,2
hint,2
version,2
budget,2
statistic,2
size,2
russian,2
battle,2
privacy,2
expeise,2
contract,2
add,2
terror,2
unified,2
outline,2
weigh,2
xscybark,2
receive,2
xaes,2
affect,2
francisco,2
effos,2
schedule,2
wrap,2
wish,2
tough,2
mccord,2
law,2
necessary,2
legitimate,2
cocktail,2
custom,2
aificial,2
episode,2
misinformation,2
wikileaks,2
snow,2
healthit,2
resurface,2
cybehieves,2
economy,2
delegation,2
rank,2
flexible,2
page,2
brexit,2
rotate,2
thwa,2
scawards,2
familiar,2
blast,2
saviour,2
scramble,2
spo,2
investigate,2
avoid,2
lunch,2
padlock,2
allow,2
transformation,2
minh,2
lauren,2
aboard,2
susceptible,2
newyork,2
south,2
lake,2
venue,2
lane,2
express,2
storify,2
chefconf,2
zeocon,2
prepared,2
productive,2
leaf,2
implement,2
india,2
station,2
marianne,2
constant,2
nintendo,2
stealthy,2
everyday,2
barak,2
consumer,2
hunt,2
networking,2
thought,2
university,2
cloudidsummit,2
little,2
kuppingercole,2
trace,2
senior,2
kobi,2
creep,2
wire,2
flaw,2
finance,2
pandemic,2
cobalt,2
colleague,2
mcla,2
argentina,2
mexico,2
college,2
july,2
wave,2
fit,2
ransomworm,2
crypto,2
tackle,2
final,2
tuesday,2
configuration,2
identify,2
xcassume,2
adopt,2
bitcoin,2
lowdown,2
monday,2
fruit,2
clean,2
summon,2
orchestration,2
checked,2
announce,2
model,2
introduces,2
vanderhoof,2
jason,2
gift,2
typo,2
curse,2
york,2
poll,2
implication,2
wherefore,2
pick,2
trick,2
undetected,2
spend,2
smaer,2
govit,2
surge,2
weekly,2
employer,2
embrace,2
csam,2
modern,2
library,2
effo,2
hooking,2
kernel,2
dockercon,2
coffee,2
solve,2
ngav,2
xaepp,2
windbg,2
kdsnap,2
form,2
paranoid,2
nominee,2
accelerate,2
optiv,2
heat,2
discovers,2
reinforces,2
traffanstedt,2
brandon,2
puppet,2
grab,2
viewpoint,2
development,2
securid,2
prem,2
operational,2
transfer,2
border,2
overpass,2
early,2
reality,2
attempt,2
able,2
provide,2
dynamic,2
slow,2
defensive,2
respondent,2
auditor,2
hide,2
chaos,2
crosshairs,2
primer,2
enforcement,2
viewer,2
physical,2
pavilion,2
achieve,2
appoints,2
consideration,2
duty,2
separation,2
patching,2
iaa,2
cybehreat,2
perceive,2
winterolympics,2
glance,2
coverage,2
meaningful,2
wait,2
likely,2
wednesday,2
morgen,2
quick,2
ineia,2
integrates,2
cryptocurrency,2
facilitate,2
road,2
crnsecurity,2
hold,2
get,2
class,2
xand,2
floattheboat,1
floatthemoat,1
powerboat,1
behaviour,1
moss,1
yuval,1
evanta,1
minneapolis,1
databreach,1
stratfor,1
emerge,1
wmidm,1
pougal,1
vindas,1
boa,1
acquaintance,1
presenting,1
sholy,1
gem,1
protocol,1
racf,1
cause,1
donate,1
dragonfly,1
appreciation,1
reuse,1
confidence,1
cybehreats,1
yikes,1
revelation,1
sponsored,1
boat,1
victory,1
coordination,1
wind,1
grip,1
forbes,1
harm,1
printer,1
shi,1
anomaly,1
tempered,1
buzz,1
gang,1
continue,1
exchange,1
blame,1
sky,1
replay,1
exhilaration,1
imagine,1
licht,1
shiri,1
dust,1
write,1
crawl,1
backoff,1
wisdom,1
conventional,1
skydiving,1
luck,1
statoil,1
sen,1
virus,1
peter,1
self,1
depot,1
love,1
frankfu,1
behavioralanalytics,1
peres,1
honorable,1
spent,1
jaffa,1
season,1
facebook,1
govware,1
pit,1
moscow,1
confetti,1
xbcrnberg,1
opening,1
shellshocker,1
netsec,1
itxpo,1
headcount,1
bitan,1
cool,1
tackling,1
itg,1
forgotten,1
forgetting,1
revocation,1
carry,1
truly,1
barack,1
anderson,1
praise,1
xctop,1
ocean,1
mechanism,1
prestigious,1
fire,1
legit,1
credit,1
scarier,1
ituation,1
powerpoint,1
rotates,1
upgrade,1
techtrade,1
forever,1
worldwide,1
xaand,1
exact,1
apa,1
mcafee,1
traditional,1
hinge,1
xcthey,1
xcsignature,1
hallmark,1
infiltration,1
gaining,1
illicit,1
equate,1
involve,1
backdoor,1
pswds,1
specific,1
webinars,1
gotkine,1
elliot,1
williams,1
craig,1
attention,1
vantage,1
underestimated,1
citadel,1
equation,1
spiker,1
timothy,1
panelist,1
xcpredicts,1
website,1
resistance,1
craft,1
xaevery,1
scam,1
outer,1
vandalism,1
smell,1
ladder,1
wall,1
xcif,1
creative,1
ambitious,1
intent,1
visual,1
innovator,1
bos,1
vendetta,1
adobe,1
xaor,1
someone,1
worst,1
filter,1
bypassing,1
allete,1
xathen,1
xcelusive,1
closer,1
xcbest,1
xkeys,1
specification,1
wheel,1
jordan,1
thief,1
snowmageddon,1
nhave,1
serf,1
centcom,1
transparent,1
auto,1
remember,1
remedy,1
nsolutions,1
switzerland,1
baar,1
infoguard,1
xcskeleton,1
databas,1
spain,1
notice,1
multiple,1
embedded,1
istanbul,1
prep,1
strategietage,1
converge,1
cio,1
corroborates,1
magazine,1
megabreaches,1
texas,1
invite,1
snafu,1
apology,1
endo,1
gabriel,1
nuestras,1
inaugural,1
venture,1
compelling,1
congress,1
longer,1
prague,1
note,1
afcea,1
applicant,1
wink,1
confirm,1
shell,1
encourages,1
cacs,1
american,1
spookier,1
count,1
patrick,1
round,1
champion,1
engage,1
xbig,1
sweet,1
xfinity,1
hone,1
jvpam,1
gaditirosh,1
journalist,1
milan,1
isbe,1
theater,1
submission,1
isi,1
anthem,1
cust,1
diagnostic,1
phase,1
sole,1
weapon,1
xrapid,1
pentagon,1
poster,1
vulnerabilty,1
schwag,1
shelter,1
food,1
administration,1
sin,1
dijon,1
roam,1
phish,1
blogging,1
middletown,1
cybercriminals,1
xanywhere,1
xcpin,1
dormant,1
anywhere,1
dubai,1
gisec,1
rampant,1
scholarship,1
theme,1
wipe,1
kozlov,1
paul,1
rus,1
passwordday,1
thinkbrite,1
entity,1
breakdown,1
weekend,1
managing,1
datacenters,1
bigger,1
creates,1
reaction,1
slip,1
youtube,1
hang,1
plane,1
fireeyegovforum,1
controversy,1
hacking,1
airplane,1
france,1
tropez,1
riams,1
named,1
xcfrom,1
mandatory,1
ass,1
simplify,1
rackspace,1
xchow,1
kaspersky,1
marketin,1
finish,1
payback,1
worry,1
flight,1
airpo,1
headache,1
improve,1
lower,1
retention,1
song,1
eagle,1
cyberwar,1
feel,1
workforce,1
compromised,1
mtlcaward,1
shine,1
mature,1
americassummit,1
scary,1
author,1
pilot,1
fighter,1
female,1
navy,1
vision,1
absent,1
xcwhen,1
span,1
cyberarkstrong,1
exclusive,1
xckeys,1
generation,1
rely,1
united,1
message,1
drill,1
founder,1
visited,1
cybersheath,1
newswire,1
reliable,1
various,1
figure,1
print,1
insure,1
onstage,1
conran,1
commerce,1
communication,1
possibility,1
silo,1
nail,1
set,1
complexity,1
ncan,1
impoa,1
montreal,1
gosec,1
ferrari,1
flashpoint,1
iwatch,1
sato,1
didwewin,1
care,1
naccount,1
variant,1
xaprivilege,1
spider,1
robot,1
rifle,1
scaling,1
pointless,1
ditch,1
urge,1
gchq,1
whowillwin,1
requirments,1
dfloyalty,1
salesforce,1
detroit,1
underwriting,1
shone,1
assisessi,1
nread,1
xage,1
vor,1
pillar,1
atelier,1
heure,1
didyouknow,1
motivation,1
mercy,1
put,1
end,1
chatstc,1
xcreal,1
onfire,1
follower,1
william,1
gitex,1
bankitasia,1
xinsiders,1
fake,1
cynthia,1
xcdinner,1
bermuda,1
trip,1
shoot,1
conscious,1
pinpoint,1
redington,1
xcsshut,1
xplatinum,1
connectivity,1
hotel,1
willard,1
timing,1
preventive,1
notify,1
configurable,1
theatre,1
recommended,1
rangayan,1
sarathy,1
vijay,1
ganersym,1
exponential,1
amsterdam,1
securitycenter,1
signature,1
securitywatch,1
percentage,1
prone,1
china,1
forwardwith,1
udimokady,1
cooperation,1
mote,1
thankful,1
resonate,1
amount,1
horizon,1
storm,1
reliant,1
depaments,1
insecurity,1
xcit,1
xgotchas,1
patel,1
manish,1
delve,1
identifies,1
compass,1
tide,1
turning,1
manages,1
ongoing,1
gateway,1
nprivilege,1
tangible,1
deploys,1
xcone,1
xcgold,1
expire,1
interact,1
selection,1
recurrent,1
outcome,1
rework,1
brush,1
reflect,1
depends,1
aggressive,1
blur,1
terrorism,1
icssecurity,1
apac,1
hire,1
elephant,1
thread,1
vardi,1
script,1
featuring,1
iden,1
ramification,1
hello,1
microsoft,1
unusual,1
prey,1
pivotal,1
leading,1
order,1
ownership,1
bomb,1
xctime,1
leakage,1
foothold,1
influential,1
limited,1
theisraelconf,1
israelitech,1
techquotes,1
interaction,1
adaptive,1
king,1
empower,1
manageme,1
coolest,1
prioritizes,1
solid,1
customizable,1
wsjplus,1
maytheodds,1
characteristic,1
spelling,1
poor,1
engine,1
focused,1
dbmaestro,1
segment,1
tampa,1
left,1
shelf,1
depament,1
casestudy,1
fund,1
institutional,1
canadian,1
ndod,1
towards,1
usability,1
disa,1
caring,1
rotation,1
nobody,1
shainsky,1
yanni,1
lunchbreak,1
earn,1
trouble,1
alex,1
karen,1
mess,1
cybercrimeconference,1
checklist,1
edizione,1
questa,1
paecipazione,1
ringrazia,1
afceacyber,1
incoming,1
staminus,1
unexpected,1
quicktime,1
actual,1
soluciones,1
conoce,1
introduce,1
paran,1
arik,1
algorithm,1
depts,1
xclive,1
suffers,1
suggestion,1
allocation,1
coalition,1
act,1
jewel,1
crown,1
santos,1
neric,1
mktg,1
evangelist,1
vecci,1
voter,1
mexican,1
inquiry,1
unnecessary,1
cisco,1
qualys,1
black,1
commonality,1
toronto,1
gosh,1
kiddicare,1
concept,1
israelpavillion,1
brings,1
agree,1
struggle,1
xlights,1
german,1
whiteboard,1
identified,1
nsurface,1
deligation,1
clip,1
nteams,1
pool,1
well,1
tutorial,1
ta,1
appointment,1
giveaway,1
applewatch,1
roll,1
rock,1
mitxawards,1
xaalliance,1
tumblr,1
soundtouch,1
previous,1
ce,1
thnx,1
woh,1
wireless,1
crowd,1
idcinfosec,1
electronics,1
delete,1
owner,1
cyberweek,1
feat,1
singularity,1
panerships,1
jeudi,1
digest,1
liber,1
daniel,1
uptime,1
convergence,1
parliament,1
brain,1
bunch,1
historic,1
marvellous,1
blackout,1
hill,1
evening,1
sunshine,1
kind,1
mimikatz,1
arrival,1
score,1
think,1
scada,1
xproject,1
annual,1
enjoy,1
wide,1
engagement,1
demonstrate,1
caffeinate,1
shape,1
ace,1
stellar,1
footprint,1
pack,1
crunch,1
tarbell,1
tactic,1
faster,1
offering,1
grail,1
holy,1
uncover,1
trigger,1
execution,1
recognize,1
aim,1
cyberspace,1
pair,1
dante,1
offs,1
chef,1
corner,1
hooray,1
construction,1
skipper,1
buoyant,1
teamwork,1
accurate,1
syseng,1
xcenemy,1
counterproductive,1
frequent,1
tactical,1
himss,1
decade,1
caused,1
optional,1
greylisting,1
svcs,1
phased,1
typical,1
xcdon,1
idcsec,1
veeidgung,1
deren,1
kronjuwelen,1
xbcber,1
spricht,1
fromovitch,1
cybeechsg,1
netwohiness,1
ceificate,1
additional,1
push,1
movember,1
isccongress,1
patent,1
programme,1
defence,1
defeat,1
antivirus,1
disable,1
mokaday,1
reward,1
tumultuous,1
workplace,1
invitation,1
billingtonsummit,1
client,1
align,1
communicate,1
growing,1
xcgo,1
stole,1
fine,1
idcsecsummit,1
shop,1
confident,1
shutdown,1
limitation,1
xcno,1
teambuilding,1
volunteer,1
leverage,1
volunteering,1
itaward,1
hervor,1
sich,1
taten,1
xbcr,1
anbieter,1
trusted,1
patient,1
aiight,1
ledger,1
blockchain,1
intention,1
deserves,1
melbournecup,1
xrace,1
ismgsummits,1
nightmare,1
cyberattaques,1
xapondre,1
availability,1
confidentiality,1
oilandgas,1
authority,1
monetary,1
swsea,1
geek,1
outage,1
ddos,1
fuher,1
cyberarkchallenge,1
cookie,1
christmas,1
crazy,1
dach,1
honored,1
unmask,1
guess,1
ecensus,1
xcmission,1
repeat,1
history,1
taiwan,1
securelondon,1
saudi,1
resurfaces,1
robbery,1
xbank,1
cyberarks,1
xcheabeat,1
everybody,1
doc,1
unbound,1
barboi,1
dima,1
shore,1
larger,1
negative,1
securitypredictions,1
maisrael,1
delay,1
sophistication,1
occur,1
silent,1
structure,1
pricing,1
enemy,1
election,1
smallbusiness,1
upon,1
planning,1
immune,1
extoion,1
none,1
regardless,1
ites,1
viualization,1
correct,1
carahsoft,1
agile,1
competitive,1
arm,1
backdrop,1
sunday,1
superbowlsunday,1
inspector,1
date,1
smith,1
forward,1
innocent,1
expressway,1
fuif,1
xabanques,1
xcmeet,1
tenableio,1
academic,1
intensive,1
thinking,1
fakenews,1
bolt,1
nut,1
scaward,1
crnchannelchief,1
threatintelligence,1
jumpbox,1
fluid,1
pioneer,1
price,1
verizon,1
mindef,1
space,1
couesy,1
warrior,1
jeffrey,1
tradeoff,1
underestimate,1
architect,1
reputation,1
cooky,1
fallout,1
stack,1
bullet,1
machinelearning,1
powershell,1
alcyber,1
lapse,1
strategie,1
hacktivism,1
olympic,1
compete,1
nohern,1
vault,1
impt,1
hazy,1
responsibility,1
kommandos,1
zehn,1
diese,1
veical,1
manufacturing,1
kid,1
proven,1
helpdesk,1
utility,1
player,1
hecht,1
asaf,1
lazarovitz,1
lavi,1
dudeyourprivilegeissho,1
vishal,1
keith,1
arbitrary,1
execute,1
allows,1
skype,1
cope,1
hospital,1
recep,1
region,1
healthcareit,1
vietnam,1
xawebcasts,1
shower,1
isaca,1
bluetooth,1
docker,1
instance,1
everyo,1
school,1
threaten,1
bullish,1
quiz,1
entitlement,1
chatbots,1
stimpson,1
give,1
africa,1
warp,1
feeling,1
beautiful,1
cistomer,1
amazing,1
promise,1
timely,1
neat,1
wannacryptor,1
preventing,1
terrace,1
site,1
whisked,1
magnificent,1
lakemaggiore,1
keen,1
differentiates,1
fabulous,1
opera,1
risotto,1
wotc,1
nglobal,1
goodchild,1
gauge,1
austin,1
worm,1
nasty,1
dotwell,1
heabeat,1
myth,1
foul,1
compliancy,1
difference,1
accountable,1
positive,1
mail,1
click,1
subject,1
secrecy,1
backup,1
appropriate,1
expansion,1
visitor,1
privi,1
beer,1
techie,1
showcase,1
switch,1
grow,1
increased,1
avings,1
driver,1
adoption,1
kill,1
cold,1
underground,1
storage,1
insightvm,1
nexpose,1
result,1
asks,1
opinium,1
examination,1
unhappy,1
manageable,1
tale,1
cautionary,1
jody,1
mobile,1
idsa,1
opps,1
processor,1
attendance,1
english,1
immediate,1
openvpn,1
ransomwareattack,1
foil,1
digitaltransformation,1
celebrates,1
edge,1
integrator,1
brazil,1
arame,1
comunicaciones,1
aeria,1
deadline,1
january,1
mask,1
turn,1
underscore,1
domainfronting,1
stealth,1
whitelisting,1
wallet,1
ninja,1
pod,1
explain,1
jurong,1
surbana,1
nhead,1
khan,1
chee,1
ethical,1
operate,1
curious,1
feedback,1
amongst,1
popular,1
edition,1
assurity,1
hung,1
thong,1
sysadminday,1
bestplacestowork,1
cowes,1
inside,1
cyberdefense,1
define,1
permission,1
acls,1
light,1
lime,1
puppetconf,1
homegamers,1
craze,1
midday,1
gathering,1
jenkinsci,1
honoree,1
influencer,1
screboot,1
september,1
chatbot,1
flesh,1
fatigue,1
considers,1
ansib,1
workflow,1
conj,1
centralized,1
kicking,1
postcard,1
ballroom,1
eval,1
slide,1
cha,1
icsjwg,1
cyberrisk,1
collection,1
worker,1
unsolved,1
suffer,1
fidgetspinner,1
strange,1
context,1
windowsdefender,1
devopsdays,1
ignite,1
native,1
safer,1
lawler,1
assist,1
flow,1
interrupting,1
validated,1
intentional,1
minimal,1
tanekha,1
kumbi,1
usermode,1
exception,1
isec,1
manferdelli,1
lentz,1
skylake,1
harden,1
reinforce,1
combatting,1
xcrucial,1
entrepreneurship,1
container,1
legislation,1
readiness,1
connect,1
charlottenc,1
deploy,1
reside,1
suit,1
lightspeed,1
simplicity,1
rsvp,1
compa,1
incredible,1
xcfallchill,1
setup,1
delivered,1
orchestrate,1
believe,1
positi,1
fostering,1
honor,1
meetup,1
interoperability,1
seamless,1
median,1
stamp,1
passpo,1
painful,1
deloittefast,1
rethink,1
prot,1
accoun,1
simplification,1
realize,1
flavor,1
variety,1
evolution,1
lag,1
excitement,1
dcsync,1
unders,1
sufficient,1
remot,1
fallchill,1
reviewin,1
passthehash,1
alignment,1
polic,1
consistent,1
detecti,1
secdevops,1
crede,1
frame,1
logical,1
platinum,1
devopssecurity,1
simpler,1
xgolden,1
podcast,1
assessmen,1
request,1
cybe,1
occurrence,1
inter,1
contractor,1
attac,1
reiner,1
turner,1
rich,1
term,1
long,1
element,1
prevents,1
speech,1
superbowllll,1
cybercrim,1
amsi,1
registe,1
groundhog,1
foius,1
altius,1
barry,1
cuain,1
peek,1
talent,1
misunderstanding,1
abomination,1
crucial,1
charlotte,1
unprepared,1
unaware,1
cyberwarfare,1
game,1
thales,1
kommen,1
hier,1
noch,1
sind,1
dann,1
consultant,1
paar,1
securitycommunity,1
pleasure,1
entry,1
applicatio,1
cybersecuri,1
insanity,1
definition,1
einstein,1
albe,1
combating,1
unceain,1
hamstrung,1
preaches,1
shanahan,1
mining,1
rubber,1
transformational,1
advantage,1
exercise,1
citizen,1
