cybersecurity,143
cyber,67
cybercrime,19
security,17
threat,15
risk,14
cybercriminals,13
woman,13
insurance,13
crash,12
target,11
course,11
defense,11
interopitx,10
attack,10
career,10
business,10
cyberattack,10
cyberattacks,10
bhusa,9
group,8
russian,7
espionage,7
order,7
talk,7
cyberinsurance,7
cover,7
bradford,6
executive,6
attacker,6
campaign,6
research,6
workforce,6
organization,6
former,6
dark,6
skill,6
policy,6
webinar,5
drnewsdesk,5
president,5
sector,5
issue,5
operation,5
ciso,5
release,5
intelligence,5
financial,5
step,5
launch,5
use,4
david,4
service,4
darkreadingviual,4
event,4
viual,4
extoion,4
state,4
krone,4
trump,4
funding,4
panel,4
bank,4
tool,4
firm,4
ransomware,4
shoage,4
insecuritycon,4
board,4
cybehreats,4
game,4
critical,4
approach,4
gang,4
director,4
episode,4
>,4
vendor,4
cost,4
management,4
international,4
coordinator,3
name,3
code,3
russian-speaking,3
activity,3
server,3
sign,3
house,3
regulation,3
chief,3
today,3
understanding,3
cyberattackers,3
industry,3
rise,3
year,3
'trump,3
metric,3
way,3
create,3
election,3
damage,3
round,3
staups,3
cybehreat,3
alliance,3
theater,3
nist,3
'nist,3
protection,3
endpoint,3
impact,3
fix,3
pragmatic,3
olympics,3
korea,3
noh,3
leak,3
data,3
love,3
capital,3
venture,3
need,3
center,3
global,3
simulate,2
measure,2
'invisible,2
country,2
email,2
probe,2
hire,2
beckham,2
obama,2
intensifies,2
'iran,2
fight,2
whitepaper,2
officer,2
recycles,2
hacker,2
season,2
ceiling,2
glass,2
crack,2
view,2
white,2
site,2
detail,2
'chinese,2
interpol,2
spam,2
ddos,2
thousand,2
sweep,2
local,2
budget,2
increase,2
incident,2
network,2
likely,2
call,2
york,2
strategy,2
coverage,2
-david,2
big,2
darkreading,2
learn,2
arrest,2
cybehieves,2
/,2
free,2
secret,2
improving,2
trap,2
detection,2
city,2
nation-states,2
warn,2
vulnerability,2
briefing,2
threats,2
@,2
conference,2
tech,2
point,2
grow,2
caliphate,2
isi,2
challenge,2
member,2
arsenal,2
profile,2
raise,2
index,2
architect,2
thing,2
discuss,2
daniel,2
pump,2
hacking,2
culture,2
good,2
'steganography,2
modern,2
'ransomware,2
education,2
market,2
team,2
energy,2
cyberspy,2
'iranian,2
avoid,2
topic,2
berkeley,2
athlete,2
franklin,2
missy,2
champion,2
definition,2
conversation,2
change,2
time,2
administration,2
maurice,2
force,2
problem,2
drive,2
breach,2
tie,2
staff,2
build,2
address,2
chicken,2
present,2
session,2
hall,2
draft,2
framework,2
reason,2
face,2
infrastructure,2
national,2
program,2
cisos,2
cyberespionage,2
current,2
chain,2
insider,2
website,2
plan,2
power,2
cyberwar,2
front,2
initiative,2
'siemens,2
bill,1
bipaisan,1
kong,1
wrong,1
measurement,1
rogue,1
employee,1
digest,1
'tech,1
cancel,1
'simulate,1
mantra,1
nature,1
interconnected,1
fear,1
vote-count,1
manual,1
'netherlands,1
effectiveness,1
hogwas,1
compute,1
'harvest,1
\ndavid,1
brussels,1
admits,1
teen,1
'notorious,1
alleged,1
rsac,1
michael,1
cyber-exposed,1
fuel,1
growth,1
stem,1
surveillance,1
sophisticated,1
least,1
live,1
agenda,1
qualify,1
candidate,1
than-fouh,1
'fewer,1
pas,1
darkr,1
promo,1
'attend,1
misunderstanding,1
source,1
language,1
mexico,1
open,1
'microsoft,1
stop,1
'repo,1
technology,1
council,1
economic,1
grant,1
seek,1
lawmaker,1
action,1
recruit,1
mentorship,1
product,1
repos,1
recover,1
loses,1
user,1
worker,1
salary,1
high,1
engineer,1
yule,1
chris,1
puzas,1
panering,1
insight,1
morphs,1
matures,1
'nigerian,1
kill,1
solution,1
help,1
intel,1
btwn,1
difference,1
indicts,1
protect,1
trust,1
'mandiant,1
wave,1
'lazarus,1
effos,1
cybercrime-fighting,1
collusion,1
tools-cybercrime,1
state-sponsored,1
jigsaw,1
cybeheft,1
charge,1
insurer,1
question,1
wing,1
military,1
creates,1
thesas,1
thesa,1
titan,1
stealthy,1
keys,1
mature,1
roll,1
dumb,1
msps,1
shift,1
fraud,1
more-,1
'businesses,1
cyber-risk,1
'banks,1
ramp,1
actor,1
'china-based,1
longhorn,1
depth,1
industrial,1
divergent,1
recommendation,1
building,1
le,1
road,1
landscape,1
allday,1
spy,1
infect,1
malware,1
broker,1
shadow,1
play,1
isps,1
role,1
myth,1
cyber-committed,1
'financial,1
government,1
cripple,1
%,1
priority,1
prevention,1
continue,1
makeover,1
'extreme,1
smbs,1
resource,1
friend,1
'aificial,1
enteriprise,1
'full,1
cour,1
story,1
mangement,1
development,1
frighten,1
wide-ranging,1
show,1
motivation,1
office,1
advisen,1
inte,1
broad,1
interruption,1
revenue,1
growing,1
propey,1
injury,1
bodily,1
cyber-related,1
reputation,1
healthcare,1
retail,1
buyer,1
work,1
faculty,1
student,1
school,1
grad,1
relationship,1
ford,1
data-driven,1
scam,1
freedom,1
vacation,1
lesson,1
account,1
'cron,1
bad,1
prison,1
total,1
sentence,1
nigerian,1
unsecured,1
suffer,1
battle,1
state-looking,1
nation,1
blackmail,1
photo,1
clinic,1
surgery,1
cosmetic,1
manage,1
method,1
'check,1
shadowbrokers,1
elusive,1
implication,1
cyberfear,1
extradite,1
cybercriminal,1
minimize,1
sma,1
parse,1
number,1
collaboration,1
brennan,1
mean,1
vehicle,1
production,1
test,1
automotive,1
auto,1
miss,1
lock,1
door,1
electronic,1
tomorrow,1
'check-star,1
check-star,1
'today,1
kpmg,1
share,1
trade,1
fedex,1
danger,1
cyberspace,1
cooperation,1
cooperate,1
russia,1
unit,1
joint,1
suggest,1
demo,1
visualization,1
-pick,1
mitigating,1
company,1
aim,1
institute,1
readiness,1
successful,1
train,1
discus,1
vishwanath,1
fall,1
jeffrey,1
archit,1
cybersec,1
say,1
enough,1
see,1
byod,1
economics,1
thornton,1
'roger,1
measuring,1
half,1
happy,1
dosage,1
'lethal,1
innovation,1
loop,1
human,1
causing/scada,1
mistake,1
configuration,1
fails,1
throne,1
'breaches,1
spending,1
'ganer,1
brand,1
reckoning,1
pitfall,1
combat,1
official,1
command,1
tripflare,1
shame,1
aspire,1
resiliency,1
offer,1
'cloud,1
shape,1
china,1
struggle,1
pressure,1
future,1
vision,1
hypponen,1
mikko,1
crisis,1
talent,1
public,1
fail,1
attorney,1
convince,1
'deception,1
model,1
'team,1
repository,1
commission,1
'senators,1
aerospace,1
misconception,1
hiring,1
ecosystem,1
educational,1
fracture,1
analyze,1
],1
[,1
great,1
olympic,1
imminent,1
practice,1
accelerator,1
mach,1
russia-linked,1
woh,1
repeat,1
bear,1
cybergang,1
reuse,1
craft,1
welcome,1
month,1
join,1
stebila,1
winner,1
awareness,1
'former,1
strateg,1
look,1
inspired,1
recent,1
explores,1
outside,1
america,1
south,1
gun,1
lieutenant,1
touhill,1
greg,1
talent-retention,1
stress,1
tactic,1
'cybersecurity,1
datashield,1
purchase,1
expands,1
debut,1
political,1
pillar,1
ta,1
cisos\xcyou,1
drill,1
exercise,1
everybody,1
best,1
combatting,1
combo,1
machine,1
stage,1
provide,1
gap,1
complexity,1
abstract,1
simplify,1
archi,1
effective,1
fellow,1
cloud,1
levi,1
yaron,1
effo,1
shofall,1
labor,1
'automation,1
prognosis,1
poor,1
'healthcare,1
behavior,1
risky,1
admit,1
american,1
right,1
'comprehensive,1
mideast,1
spot,1
deal,1
travel,1
hot,1
underground,1
cybersecurity-suite,1
disconnect,1
intelligen,1
pros,1
break,1
pyeongchang,1
installer,1
flash,1
adobe,1
'turla,1
concern,1
agency,1
nation-state,1
cryptocurrency,1
apps,1
mobile,1
'vulnerable,1
stand,1
attract,1
realm,1
geopolitics,1
loom,1
'threats,1
lose,1
predict,1
everything,1
|,1
cybersecurity-style,1
reform,1
supply,1
identity,1
secure,1
hu,1
alphabet,1
chronicle,1
meet,1
skeptic,1
cloud-based,1
move,1
paner,1
allianz,1
cisco,1
'apple,1
leverage,1
system,1
distro,1
'ukraine,1
marketplace,1
massive,1
shut,1
enforcement,1
ail,1
answer,1
basic,1
cause,1
major,1
news,1
'fake,1
tip,1
repo,1
control,1
korea-linked,1
