infosec,660
security,613
cybersecurity,284
digice,261
healthcare,259
device,214
ransomware,198
data,172
ceificate,130
attack,127
team,113
ceificates,106
malware,102
learn,96
suppo,91
breach,90
sorry,89
thanks,88
help,84
contact,84
healthit,81
delay,79
medical,78
secure,78
threat,76
order,76
thing,76
risk,74
customer,72
year,71
internet,70
repo,68
check,67
chrome,66
number,65
blog,64
information,62
business,61
google,60
solution,59
look,59
work,59
issue,58
vulnerability,57
time,55
authentication,54
post,53
ce,52
organization,51
best,51
cyberaware,50
info,50
study,48
website,48
hacker,47
symantec,47
email,46
health,45
join,45
send,45
company,44
enterprise,43
need,43
please,42
industry,42
month,41
tip,40
service,40
identity,40
detail,39
trust,39
password,38
news,38
thank,38
read,38
today,37
private,37
critical,36
scale,36
devops,36
online,36
employee,36
patch,35
address,35
latest,35
system,34
survey,34
challenge,34
next,34
great,34
lehi,33
site,33
concern,31
management,31
user,31
current,31
able,31
mobile,30
office,30
privacy,30
happy,30
public,29
update,29
scam,28
cyber,28
encryption,28
patient,28
plan,28
browser,28
cost,28
ready,28
microsoft,27
ddos,27
flaw,27
high,27
show,27
account,27
open,27
future,27
sma,26
internal,26
way,26
network,25
watch,25
sure,25
cloud,24
digital,24
people,24
come,24
rowley,24
cecentral,23
vulnerable,23
requirement,23
provider,23
someone,23
benefit,23
himss,23
android,22
hospital,22
list,22
software,22
hear,22
change,22
hack,21
glad,21
rise,21
problem,21
securitysummit,21
week,21
jeremy,21
position,21
openssl,20
rsac,20
step,20
card,20
link,20
apple,19
tech,19
affect,19
approach,19
discus,19
home,19
phishing,19
name,19
good,19
webinar,19
cybercrime,18
drone,18
easy,18
nhitweek,18
protection,18
pa,18
innovation,18
record,18
biggest,18
transparency,18
car,18
tool,18
available,18
domain,18
related,17
fraud,17
apps,17
award,17
pleasure,17
product,17
volume,17
auto,16
engineer,16
access,16
pro,16
code,16
incident,16
basic,16
date,16
major,16
awesome,16
http,16
sysadmin,15
connection,15
video,15
experience,15
question,15
prevent,15
phone,15
call,15
paner,14
consumer,14
wannacry,14
first,14
interview,14
victim,14
automation,14
standard,14
recommendation,14
research,14
right,14
updated,14
compliance,14
release,14
sta,14
booth,13
sector,13
type,13
personal,13
vendor,13
self,13
offer,13
holiday,13
safe,13
leader,13
response,13
cybercriminals,13
validation,13
default,13
mark,13
talk,13
reach,13
many,13
itadmins,12
version,12
wearable,12
white,12
avoid,12
protect,12
bhusa,12
priority,12
machine,12
locky,12
policy,12
love,12
place,12
target,12
mean,12
true,12
technology,12
infrastructure,12
strong,12
aicle,12
care,12
summit,12
last,12
iotsecurity,11
integration,11
chip,11
cyberattacks,11
level,11
leadership,11
awareness,11
tactic,11
medium,11
education,11
sale,11
deal,11
insider,11
common,11
authority,11
lesson,11
role,11
impoant,11
guide,11
development,11
panel,11
heavy,11
matter,11
second,10
paper,10
control,10
visionary,10
effective,10
compromise,10
minute,10
petya,10
krack,10
acquisition,10
banking,10
financial,10
season,10
consideration,10
miss,10
factor,10
window,10
feature,10
focus,10
mike,10
hour,10
opening,10
training,10
key,10
february,10
page,10
root,10
component,9
sysadmins,9
roundup,9
confusion,9
firefox,9
platform,9
leak,9
conference,9
digibh,9
january,9
winner,9
essential,9
utah,9
theft,9
expes,9
wireless,9
anti,9
series,9
safari,9
regulation,9
prepare,9
different,9
social,9
early,9
timpson,9
defense,9
case,9
value,9
fine,9
everything,9
trend,9
process,9
advance,9
onion,9
server,9
free,9
hello,9
lifecycle,8
prize,8
datasecurity,8
danger,8
asap,8
landscape,8
real,8
ganer,8
owner,8
infographic,8
increase,8
half,8
practice,8
possible,8
project,8
gmail,8
specialist,8
fear,8
enough,8
global,8
campaign,8
american,8
guidance,8
culture,8
darin,8
general,8
purchase,8
mozilla,8
market,8
steal,8
cyberattack,8
poor,8
computer,8
impact,8
myth,8
pas,8
know,8
counsel,8
prediction,8
recent,8
play,8
developer,8
disaster,8
city,8
deadline,8
patience,8
reminder,8
tomorrow,8
think,8
wide,8
world,8
weekend,8
share,8
day,8
quick,8
member,8
pkis,8
june,8
distrust,8
claim,7
direct,7
sho,7
recap,7
provision,7
roadmap,7
reseller,7
store,7
end,7
provisioning,7
announce,7
cio,7
everyone,7
audit,7
suite,7
program,7
sysadminday,7
repos,7
rock,7
spam,7
framework,7
force,7
vehicle,7
state,7
monitoring,7
scammer,7
beware,7
intern,7
stop,7
client,7
combat,7
much,7
building,7
point,7
click,7
admins,7
move,7
manager,7
criminal,7
presentation,7
protects,7
communication,7
morning,7
visit,7
technical,7
answer,7
traffic,7
request,7
professional,7
pinning,6
turn,6
powered,6
pose,6
perimeter,6
cisco,6
finalist,6
giveaway,6
highlight,6
panership,6
shi,6
congrats,6
west,6
liveworx,6
line,6
disable,6
payment,6
average,6
chain,6
insurance,6
excited,6
majority,6
unique,6
malicious,6
staff,6
hackable,6
researcher,6
build,6
ecommerce,6
adoption,6
gift,6
credit,6
file,6
marketing,6
word,6
senior,6
life,6
pump,6
sign,6
source,6
azure,6
crook,6
friday,6
exploit,6
attacker,6
issuance,6
lock,6
administrator,6
black,6
assessment,6
application,6
something,6
reason,6
variant,6
large,6
wrong,6
cisos,6
behavior,6
want,6
checker,6
stay,6
timeline,6
catch,6
usability,6
action,6
enter,6
mailing,5
intermediate,5
rampant,5
hale,5
laptop,5
severity,5
appreciation,5
kaspersky,5
bug,5
cipher,5
upgrade,5
advantage,5
biometric,5
model,5
databreach,5
retailer,5
expe,5
kind,5
protocol,5
secret,5
industrial,5
paypal,5
limited,5
size,5
credential,5
iotw,5
executive,5
firm,5
urge,5
trick,5
massive,5
facebook,5
comprehensive,5
worldwide,5
huge,5
fix,5
messaging,5
roll,5
bank,5
difference,5
integrated,5
cause,5
corporate,5
stronger,5
speed,5
legal,5
cerber,5
safety,5
siliconslopes,5
announces,5
pacemaker,5
dark,5
sensitive,5
national,5
push,5
infusion,5
warning,5
icon,5
lucky,5
introduces,5
growth,5
layer,5
reputation,5
endpoint,5
unsecured,5
ecosystem,5
exec,5
error,5
xcdigice,5
grand,5
manufacturer,5
motto,5
speak,5
database,5
guy,5
welcome,5
friend,5
congratulation,5
perspective,5
botnet,5
measure,5
idea,5
happen,5
efficient,5
chat,5
lack,5
july,5
deployment,5
greatest,5
stage,5
event,5
replacement,5
facilitate,5
gdpa,5
curve,5
understanding,4
shopper,4
prep,4
visual,4
monthly,4
mgmt,4
fifth,4
choice,4
xasum,4
fall,4
december,4
exchange,4
eoyslc,4
ale,4
linux,4
intelligence,4
staed,4
guideline,4
unsecure,4
scawards,4
warns,4
aware,4
signing,4
excellence,4
deprecation,4
flash,4
healthcaresecurity,4
wildcard,4
handle,4
worry,4
twitter,4
ballroom,4
worse,4
cybersecure,4
generation,4
modern,4
return,4
fake,4
least,4
significant,4
task,4
main,4
cwbestplaces,4
fight,4
adobe,4
annual,4
verizon,4
agility,4
risky,4
weighs,4
fail,4
proactive,4
autonomous,4
spot,4
demand,4
pay,4
virus,4
august,4
approval,4
university,4
recovery,4
option,4
productivity,4
oppounities,4
create,4
october,4
attempt,4
digi,4
improper,4
prepared,4
small,4
orgs,4
nist,4
nick,4
nelson,4
final,4
scare,4
forum,4
router,4
wifi,4
game,4
brian,4
guest,4
offering,4
search,4
lead,4
content,4
talent,4
trojan,4
ransom,4
little,4
better,4
xsecure,4
wilderness,4
backup,4
spread,4
cryptography,4
yahoo,4
room,4
follow,4
sslceificates,4
spring,4
insight,4
nicholas,4
usual,4
load,4
anything,4
amazon,4
spending,4
center,4
verification,4
dangerous,4
equal,4
find,4
touch,4
shoage,4
newest,4
attention,4
mirai,4
hacking,4
excellent,4
tweet,4
renewal,4
appreciate,4
indicator,4
diag,4
live,4
merrill,4
john,4
syman,4
feedback,4
installation,4
statement,4
official,4
assistance,4
xcnot,4
hassle,4
lifetime,4
shoer,4
alphanumeric,3
clothing,3
special,3
shoot,3
star,3
malwarebytes,3
toy,3
scanner,3
drown,3
host,3
depaments,3
broken,3
energy,3
discount,3
reveals,3
damage,3
iotworld,3
centralized,3
institution,3
course,3
hole,3
consequence,3
csos,3
byod,3
third,3
break,3
praise,3
weak,3
vector,3
printer,3
meet,3
maker,3
hijack,3
sweet,3
implement,3
full,3
top,3
merger,3
follower,3
commission,3
earn,3
doctor,3
impoance,3
chance,3
vault,3
fatigue,3
alliance,3
advamed,3
others,3
asset,3
predicts,3
thief,3
prevention,3
entity,3
fuel,3
valuable,3
verify,3
require,3
double,3
gap,3
tackle,3
launch,3
automotive,3
swag,3
hope,3
ciso,3
cyberust,3
analysis,3
accenture,3
moment,3
intermountain,3
interoperability,3
tuesday,3
safer,3
road,3
speaker,3
cybercrooks,3
prevalent,3
assistant,3
thumbprint,3
viewer,3
remote,3
jason,3
genius,3
highest,3
evolution,3
camera,3
explorer,3
glimpse,3
honeypot,3
mixed,3
concerned,3
karl,3
board,3
delivery,3
hide,3
human,3
ganersec,3
manual,3
power,3
brand,3
profile,3
supplier,3
multiple,3
expose,3
food,3
sabin,3
percent,3
head,3
invest,3
mess,3
bravo,3
thoma,3
ability,3
loss,3
view,3
success,3
ship,3
wave,3
commercial,3
improve,3
element,3
mind,3
get,3
switch,3
death,3
accounting,3
environment,3
mitm,3
linkedin,3
paners,3
advice,3
kid,3
interested,3
noh,3
operation,3
analyst,3
easier,3
necessary,3
ncsam,3
library,3
attachment,3
skill,3
custom,3
rest,3
tzrupek,3
engineering,3
exclusive,3
charge,3
ceificateauthority,3
deliver,3
commitment,3
gain,3
fool,3
habit,3
surge,3
maintain,3
monday,3
past,3
scott,3
responsive,3
review,3
cool,3
resolve,3
outage,3
slow,3
configuration,3
mail,3
woman,3
analytics,3
smaphones,3
strengthen,3
devsecops,3
ceain,3
rule,3
woe,3
equifax,3
shout,3
apologize,3
trusted,3
seek,3
hotel,3
potential,3
present,3
kevin,3
chec,3
label,3
cycle,3
cutting,3
march,3
hall,3
schedule,3
presen,3
smawatches,2
figure,2
champion,2
stagefright,2
outstanding,2
waste,2
medicare,2
pull,2
track,2
fingerprint,2
liable,2
field,2
flat,2
journey,2
managment,2
earnings,2
rank,2
talked,2
war,2
jump,2
discussion,2
explains,2
fitbit,2
vulns,2
election,2
blocker,2
stake,2
shoutout,2
entrust,2
designer,2
council,2
reality,2
casc,2
win,2
decrease,2
consolidates,2
income,2
havoc,2
wreak,2
discover,2
proper,2
phishme,2
quality,2
taxbreach,2
cyberscams,2
surveillance,2
facility,2
barrier,2
reward,2
discovers,2
taxsecurity,2
insecurity,2
rage,2
distribution,2
widespread,2
doc,2
dumb,2
depth,2
surface,2
jigsaw,2
chink,2
alphalocker,2
dead,2
ponemon,2
unexpected,2
activity,2
deter,2
mandate,2
region,2
entrepreneur,2
country,2
likely,2
grade,2
subpar,2
higher,2
personnel,2
ransomeware,2
ingredient,2
conquer,2
external,2
example,2
drive,2
keyboard,2
price,2
jeep,2
thermostat,2
olympics,2
manufacturing,2
anyone,2
serious,2
safeguard,2
fastest,2
rate,2
workplace,2
cardsecurity,2
triple,2
bihday,2
reader,2
effo,2
iphone,2
utahjobs,2
category,2
none,2
agree,2
nregister,2
side,2
resue,2
download,2
connect,2
honor,2
complex,2
wary,2
successful,2
raise,2
technique,2
netcraft,2
phase,2
uptime,2
ocsp,2
popular,2
implementation,2
sound,2
canary,2
logo,2
sophisticated,2
viual,2
storage,2
institute,2
christmas,2
painless,2
harm,2
debate,2
visa,2
guess,2
planning,2
fresh,2
solve,2
document,2
junior,2
fantastic,2
collection,2
connecteddevice,2
medicaldevicesecurity,2
worst,2
responsible,2
migrate,2
proud,2
connectedcar,2
opensource,2
shodan,2
phish,2
kudos,2
unchecked,2
spin,2
vuln,2
bose,2
badge,2
scan,2
presence,2
japanese,2
japan,2
podcast,2
packham,2
flag,2
multi,2
dozen,2
estimate,2
pandemic,2
ruin,2
hand,2
serv,2
implication,2
revolution,2
twist,2
controller,2
bring,2
accountant,2
pin,2
tax,2
menace,2
older,2
execution,2
skype,2
heard,2
nhisacspring,2
isaca,2
bypass,2
rare,2
exercise,2
fact,2
sponsor,2
convention,2
hook,2
extoion,2
le,2
skynet,2
breed,2
checkup,2
detection,2
viualization,2
molina,2
obstacle,2
condition,2
brexit,2
improvement,2
bigdata,2
restaurant,2
po,2
ceification,2
bait,2
wait,2
area,2
register,2
visibility,2
result,2
picture,2
crime,2
spora,2
equipment,2
writer,2
screen,2
balance,2
clinic,2
hu,2
integrating,2
weakness,2
smbs,2
depament,2
entire,2
extension,2
cleaning,2
count,2
generate,2
door,2
bulk,2
manage,2
failure,2
agile,2
water,2
nice,2
javascript,2
sunday,2
delete,2
ctrl,2
employment,2
fill,2
mystery,2
legacy,2
poll,2
express,2
bilingual,2
clash,2
antivirus,2
autonomousvehicles,2
proof,2
language,2
budget,2
warn,2
detect,2
defray,2
initiative,2
arise,2
learning,2
government,2
south,2
instagram,2
cbr,2
recognizes,2
individual,2
fast,2
thursday,2
takeover,2
subject,2
contain,2
agency,2
blame,2
night,2
grant,2
gdpr,2
exclusivity,2
mutual,2
joining,2
physical,2
msignite,2
orlando,2
interest,2
scoop,2
frostawards,2
forget,2
impossible,2
technician,2
desk,2
making,2
padlock,2
accountable,2
hold,2
sustain,2
fouh,2
allows,2
entice,2
fraudulent,2
group,2
complete,2
smaer,2
operating,2
simple,2
socket,2
transit,2
character,2
encrypt,2
websitesecurity,2
division,2
close,2
marketplace,2
mitigation,2
crucial,2
vision,2
relevant,2
amount,2
immediate,2
lie,2
understand,2
cei,2
stand,2
helpful,2
super,2
resource,2
introduction,2
curious,2
hearing,2
fame,2
enable,2
fileless,2
sharp,2
design,2
leverage,2
strategy,2
willingness,2
confident,2
protenus,2
ceif,2
shopping,2
edge,2
conversion,2
round,2
nichols,2
reliable,2
joey,2
detai,2
andrew,2
neil,2
additional,2
perfect,2
rating,2
robe,2
slower,2
mary,2
forg,2
understandable,2
agent,2
house,2
nginx,2
apache,2
capability,2
cybercriminal,2
hard,2
notification,2
initiate,2
workforce,2
numbe,2
ahmadi,2
impressed,2
jeff,2
log,2
internetofthings,2
original,2
jaaron,2
michael,2
longer,2
worker,2
insecure,2
flexible,2
bryan,2
infor,2
authenticate,2
kyle,2
wonderful,2
vega,2
lot,2
photo,2
yesterday,2
bloxham,2
brady,2
digisummit,2
simon,2
diagnostics,2
apology,2
magnus,2
make,2
correct,2
couple,2
matte,2
announcement,1
abandon,1
reconfigure,1
lifelock,1
capture,1
overcome,1
recall,1
chrysler,1
largest,1
wassenaar,1
voted,1
following,1
tshis,1
helicopter,1
influence,1
fuher,1
maxcdn,1
node,1
exit,1
freedom,1
reboot,1
endless,1
effect,1
snowball,1
vote,1
snap,1
campus,1
appearance,1
giftcard,1
pentagon,1
russia,1
sender,1
happens,1
browsing,1
grea,1
folk,1
cute,1
knowledge,1
grader,1
fridge,1
samsung,1
hinder,1
kpmg,1
payer,1
unencrypted,1
outdated,1
xcsite,1
demise,1
towards,1
xcapplication,1
monitor,1
baby,1
intruder,1
bugzilla,1
several,1
blueshield,1
bluecross,1
excellus,1
prop,1
weird,1
notc,1
purchasing,1
marc,1
downloads,1
twice,1
abuse,1
install,1
regular,1
unintended,1
opal,1
encourages,1
suspicious,1
pic,1
ass,1
educate,1
dependent,1
form,1
typo,1
cybersecuri,1
ator,1
prompt,1
command,1
creation,1
utility,1
battlefront,1
stuff,1
eject,1
shift,1
random,1
triangle,1
yellow,1
neutral,1
minor,1
fewer,1
relative,1
indication,1
clock,1
compliment,1
grow,1
xayes,1
manner,1
emergency,1
proofing,1
bearish,1
middle,1
slip,1
thumb,1
notch,1
minimize,1
actor,1
quaers,1
nascio,1
funding,1
insufficient,1
neglected,1
luck,1
discovery,1
fixed,1
experian,1
expense,1
protected,1
exact,1
secu,1
haha,1
travel,1
bsimm,1
swsec,1
medieval,1
likens,1
demoed,1
inbound,1
format,1
siri,1
aftehought,1
thanksgiving,1
november,1
nabin,1
stupid,1
vtech,1
careful,1
warrant,1
obvious,1
beverage,1
slowed,1
xbox,1
cutoff,1
ford,1
xtis,1
strip,1
clearblade,1
scramble,1
meaningful,1
lag,1
tonight,1
starwars,1
enjoy,1
persist,1
parent,1
mandatory,1
emailed,1
atypical,1
yikes,1
occur,1
creepy,1
battle,1
yous,1
stellar,1
green,1
flavio,1
jabber,1
cautious,1
enables,1
sake,1
stubborn,1
lapse,1
forbes,1
hype,1
lurks,1
nthanks,1
cloudmark,1
rapid,1
openssh,1
anticipates,1
adblockers,1
electronics,1
engine,1
cybehreats,1
creator,1
sophos,1
susceptible,1
lab,1
incidence,1
circleid,1
logins,1
selecthealthit,1
donation,1
readiness,1
mistake,1
graphic,1
baked,1
suffer,1
anonymous,1
laserjet,1
arbor,1
forrester,1
deserialization,1
java,1
history,1
naive,1
voter,1
adblocker,1
atm,1
closer,1
sense,1
long,1
tell,1
turnaround,1
furious,1
token,1
careless,1
retail,1
backdoor,1
button,1
deceptive,1
advocated,1
underscore,1
trane,1
print,1
heath,1
withdrawal,1
unlimited,1
ssns,1
horizon,1
blotter,1
striptls,1
appliance,1
healthitsecurity,1
violation,1
hipaa,1
outward,1
grasp,1
threatmetrix,1
hollywood,1
collateral,1
tightens,1
score,1
illustrate,1
relation,1
withhold,1
test,1
preparers,1
woeful,1
outsider,1
industrialization,1
impervious,1
slacker,1
novice,1
hesitant,1
topic,1
innovationsandbox,1
imagine,1
stas,1
aftermath,1
hitse,1
burwell,1
sil,1
surprise,1
feel,1
continual,1
ripe,1
boardroom,1
chief,1
magazine,1
gentle,1
profit,1
xcgo,1
dept,1
questionable,1
yank,1
strengthens,1
respond,1
convenience,1
mission,1
simulate,1
icloud,1
teslacrypt,1
downloaders,1
mindset,1
publish,1
imessages,1
eset,1
director,1
optimization,1
untrusted,1
prominent,1
infection,1
liability,1
muddle,1
robot,1
absue,1
canada,1
cycbercriminals,1
devalue,1
manufacture,1
message,1
cell,1
skycure,1
stick,1
cyberrisk,1
blind,1
conversation,1
cryptoworm,1
wordpress,1
deserve,1
sslce,1
gosnym,1
embrace,1
bigger,1
url,1
horse,1
deploy,1
mousejack,1
range,1
whole,1
thanatos,1
multigrain,1
cyberscam,1
macworld,1
anger,1
remember,1
engage,1
nightmare,1
pursue,1
persistent,1
inbox,1
caucus,1
delf,1
compromised,1
kit,1
aggressive,1
blogspot,1
specific,1
bestpractices,1
junk,1
passwordday,1
dramatic,1
noon,1
april,1
affordable,1
dongle,1
hardware,1
closet,1
clean,1
cloudsecurity,1
unpatched,1
risen,1
percentage,1
negate,1
ease,1
whatsapp,1
defeat,1
keygen,1
ceenroll,1
spammer,1
sophistication,1
unprepared,1
improves,1
clint,1
abacus,1
kill,1
complementary,1
prove,1
efficacy,1
notable,1
paste,1
copy,1
updaters,1
fuss,1
multipurpose,1
crisis,1
theatrical,1
gbps,1
total,1
comprise,1
confidential,1
firewall,1
ineffective,1
cyberincident,1
consecutive,1
priceless,1
properly,1
exposure,1
depaing,1
goodbye,1
hostage,1
silent,1
acer,1
harbor,1
reactive,1
keyloggers,1
streamlines,1
untold,1
plex,1
regret,1
clear,1
noticing,1
tchnavio,1
ruthless,1
race,1
conficker,1
ignition,1
electric,1
late,1
coverage,1
quantum,1
identifiable,1
prescription,1
pentest,1
procedure,1
sabotage,1
electricity,1
dormant,1
proxy,1
jackware,1
unpredictable,1
peak,1
powerware,1
recoverable,1
craigslist,1
ebay,1
smell,1
overshadows,1
diagnosing,1
kernel,1
beef,1
oath,1
fatal,1
aiming,1
saver,1
console,1
central,1
renew,1
carnival,1
connectedcars,1
ounce,1
spoofers,1
phishers,1
boot,1
itsecurity,1
biometrics,1
america,1
expire,1
remind,1
intersect,1
experienced,1
unidentified,1
face,1
acute,1
yeah,1
stock,1
territory,1
gateway,1
skimmer,1
communicate,1
countermeasure,1
phishy,1
recipient,1
begin,1
worsens,1
widens,1
brief,1
joint,1
injection,1
xbuggiest,1
paicipate,1
cambridge,1
greater,1
medtechsecurity,1
nccoe,1
sept,1
privatekey,1
expensive,1
extensive,1
uncovers,1
village,1
offline,1
resiliency,1
military,1
applies,1
keyscaler,1
assault,1
nation,1
iheahit,1
inherent,1
attend,1
tune,1
adopt,1
physician,1
trouble,1
unsettling,1
insulin,1
nmark,1
johnson,1
reluctant,1
paicipation,1
easiest,1
defender,1
zero,1
let,1
nose,1
complimentary,1
expei,1
drop,1
stream,1
dream,1
absolute,1
veracode,1
spotify,1
reddit,1
digishi,1
expiration,1
wonder,1
secot,1
suffers,1
integrity,1
image,1
leap,1
struggle,1
violate,1
gottalovethem,1
vpns,1
finger,1
shadow,1
openness,1
brownfield,1
path,1
akamai,1
period,1
promise,1
expand,1
countdown,1
mics,1
headphone,1
holidayscams,1
withstand,1
iteration,1
talos,1
implantable,1
inofsec,1
nthese,1
recover,1
practical,1
cannon,1
fodder,1
stegano,1
posibble,1
plague,1
congress,1
explosive,1
advanced,1
finding,1
threefold,1
stolen,1
mastercard,1
edition,1
thought,1
icmi,1
mechanism,1
pleasant,1
competent,1
smacar,1
ransomworm,1
keep,1
resolution,1
savvy,1
mhealth,1
purchaser,1
stem,1
improved,1
cardless,1
cash,1
spend,1
mac,1
crash,1
implant,1
hea,1
healthdata,1
blockchain,1
bet,1
listing,1
lazy,1
keytransparency,1
lookup,1
nfinalist,1
seal,1
upstream,1
progress,1
repeal,1
recommend,1
ceificatetransparency,1
attitude,1
wheel,1
foundation,1
heableed,1
heabeat,1
biometricsecurity,1
hitsecurity,1
layered,1
threaten,1
websecurity,1
comeback,1
donatello,1
vinci,1
announced,1
expands,1
appointment,1
francisco,1
transformation,1
piece,1
scenario,1
instruction,1
selected,1
xcthe,1
ispg,1
gold,1
hm,1
foinet,1
county,1
quietcomfor,1
hitsm,1
quie,1
positive,1
organ,1
xawith,1
interact,1
phenomenal,1
xaenough,1
xait,1
collision,1
rasc,1
excelle,1
aruba,1
discourage,1
novel,1
engagement,1
submission,1
plug,1
securing,1
front,1
writes,1
survive,1
radar,1
concrete,1
someday,1
bulletin,1
bot,1
login,1
everytime,1
previous,1
affected,1
crush,1
icit,1
consider,1
logging,1
flatline,1
wedi,1
nokia,1
confidence,1
isoc,1
assure,1
alan,1
expound,1
legitimate,1
upwork,1
match,1
screenshot,1
valid,1
diff,1
diabetic,1
goal,1
sensor,1
smaphone,1
barometer,1
blurring,1
lane,1
reqs,1
baseline,1
legit,1
adam,1
pain,1
installed,1
story,1
mouse,1
hajime,1
xspyke,1
society,1
nominate,1
innovator,1
young,1
teen,1
lure,1
money,1
pressure,1
peer,1
everybody,1
unicode,1
botnets,1
hunt,1
mole,1
comfoable,1
crypto,1
whyte,1
william,1
mosca,1
michele,1
complacent,1
krebs,1
dropper,1
usbs,1
advises,1
collaborative,1
brickerbot,1
intel,1
fraudsters,1
asia,1
listen,1
devic,1
crawl,1
hunter,1
progeny,1
thycotic,1
ban,1
trump,1
povey,1
tenet,1
driver,1
audio,1
keylogger,1
quadcopter,1
bromium,1
spanish,1
yield,1
openvpn,1
clara,1
santa,1
posture,1
mdi,1
terrible,1
adaptive,1
arrive,1
worm,1
boston,1
timestam,1
investigate,1
stacom,1
tower,1
blogger,1
hades,1
marriage,1
headache,1
xinverse,1
signal,1
fold,1
exploitable,1
wormable,1
samba,1
cardiac,1
blue,1
complexity,1
chipotle,1
usher,1
synopsys,1
fireball,1
skimp,1
dojo,1
gizmo,1
pace,1
probe,1
jaff,1
uncovered,1
pitfall,1
directory,1
active,1
qakbot,1
xcritical,1
album,1
family,1
curiosity,1
taskforce,1
happycustomer,1
brilliant,1
generous,1
glory,1
king,1
platinum,1
robo,1
elasticity,1
potent,1
fundamental,1
powerpoint,1
injury,1
usernames,1
driven,1
xcrash,1
grid,1
treatment,1
imperative,1
linus,1
stack,1
escarusa,1
anxiety,1
upnp,1
gray,1
hood,1
defending,1
outbreak,1
globe,1
incentive,1
wiper,1
expetr,1
spike,1
bounty,1
navigate,1
governance,1
associate,1
cleveland,1
blackenergy,1
medicaid,1
indiana,1
supply,1
degree,1
college,1
gadget,1
fan,1
leaky,1
decryption,1
copycat,1
storm,1
dataloss,1
telecom,1
pharma,1
upgrading,1
holder,1
stole,1
bupa,1
oveime,1
lockpos,1
land,1
leakerlocker,1
mayo,1
gandi,1
highrise,1
wikileaks,1
arlington,1
kovter,1
nemucodaes,1
davis,1
robak,1
laila,1
restriction,1
favor,1
integrate,1
separate,1
investigation,1
trickbot,1
myspace,1
psychology,1
nuance,1
locator,1
surescripts,1
block,1
notpetya,1
calendar,1
actual,1
initial,1
appoint,1
table,1
customization,1
wise,1
targeted,1
docker,1
sank,1
blunder,1
caught,1
dakota,1
spew,1
copyfish,1
anthem,1
truth,1
solid,1
limiting,1
take,1
pleased,1
give,1
jared,1
feeling,1
busine,1
disparate,1
repoed,1
daily,1
brandon,1
whoop,1
become,1
accidental,1
xzero,1
hinders,1
superhero,1
carmaker,1
cast,1
corner,1
weaponize,1
cylance,1
attract,1
daters,1
package,1
finish,1
unbelievable,1
ball,1
angeles,1
trzupek,1
internship,1
enteainment,1
deepens,1
eternalblue,1
bite,1
fancy,1
brute,1
parliament,1
scottish,1
ward,1
banner,1
vaccine,1
deloitte,1
larger,1
smes,1
pwnie,1
beginning,1
debian,1
survival,1
allow,1
hire,1
stress,1
sneak,1
synccrypt,1
visitor,1
fish,1
xepidemic,1
strain,1
surgery,1
cryptomix,1
array,1
diverse,1
unpatchable,1
york,1
low,1
nothing,1
logons,1
accepted,1
charity,1
ursnif,1
spambot,1
firmware,1
interesting,1
foreign,1
china,1
oncology,1
delaware,1
payload,1
eitest,1
trustwohy,1
tail,1
cyberattackers,1
wallet,1
malspam,1
pill,1
bitter,1
swallow,1
texas,1
harvey,1
hurricane,1
doxagram,1
bacon,1
mongodb,1
invoice,1
delivers,1
dridex,1
student,1
halifax,1
suppor,1
premium,1
iniatives,1
patching,1
reference,1
vevo,1
ourmine,1
vince,1
knowledgeable,1
class,1
ccleaner,1
sharing,1
revamp,1
motel,1
location,1
phoenix,1
earns,1
veteran,1
weakest,1
negligent,1
unnoticed,1
cybergang,1
overlord,1
hate,1
wipe,1
duress,1
thedarkoverlord,1
therapy,1
undocumented,1
jose,1
showcase,1
pktechdays,1
medtechconference,1
trigger,1
donut,1
tournament,1
golf,1
celebrate,1
joke,1
gauge,1
ignore,1
scree,1
mine,1
favorite,1
computerworld,1
architect,1
fabian,1
customerservice,1
commend,1
rmccsc,1
automate,1
scalable,1
lethan,1
maritime,1
hindrance,1
commute,1
comply,1
colleague,1
changer,1
immersive,1
keyvault,1
setup,1
superb,1
wildcards,1
reissue,1
merge,1
appservice,1
azurestack,1
badrabbit,1
variety,1
combine,1
iotdevices,1
shaun,1
talented,1
aboard,1
completes,1
headcount,1
quintuple,1
finalizes,1
verisign,1
former,1
trustservices,1
foh,1
milestone,1
unit,1
meme,1
closing,1
expansion,1
channel,1
poison,1
ehnac,1
shazad,1
ceificatemanagement,1
xpki,1
capable,1
contract,1
openly,1
mult,1
corey,1
grown,1
sccm,1
gala,1
spear,1
facto,1
creative,1
virusto,1
recognition,1
voice,1
gather,1
databreaches,1
cust,1
transition,1
smooth,1
interv,1
expect,1
master,1
recipe,1
ideal,1
status,1
heas,1
replicates,1
macro,1
filecoder,1
currency,1
necurs,1
scarab,1
nhisac,1
openemr,1
xcwe,1
searchable,1
plea,1
alister,1
ryan,1
custome,1
damion,1
sean,1
nadim,1
rich,1
ivan,1
unti,1
nico,1
james,1
paul,1
leon,1
drew,1
brett,1
orde,1
arpad,1
zougar,1
chad,1
trent,1
alain,1
thin,1
contac,1
matthew,1
norm,1
greig,1
kristoff,1
tomas,1
dennis,1
numb,1
suman,1
meantime,1
pete,1
informat,1
anna,1
medicine,1
rody,1
webm,1
admin,1
prefix,1
greg,1
zogby,1
surve,1
book,1
digic,1
soren,1
painful,1
inform,1
betray,1
currentl,1
oren,1
geolocation,1
todd,1
origin,1
compression,1
brotli,1
note,1
smaller,1
golden,1
thomas,1
lake,1
salt,1
robin,1
zone,1
saturday,1
handy,1
comment,1
russian,1
laurent,1
chris,1
kristov,1
devid,1
inconvenience,1
dtech,1
attendance,1
migration,1
petter,1
han,1
serve,1
contrast,1
write,1
submit,1
soed,1
qualification,1
candidate,1
scaling,1
maximum,1
matt,1
oscar,1
companion,1
workout,1
substantial,1
negative,1
revocation,1
valentine,1
jeremiah,1
diagnostic,1
replac,1
friendly,1
ceifica,1
dave,1
diagn,1
myers,1
wow,1
mitnick,1
techhumor,1
fuuuuuuny,1
digicesecuritysummit,1
expectation,1
invite,1
examines,1
kick,1
nrock,1
keynote,1
keynoting,1
evereet,1
aaron,1
mainez,1
herardo,1
fit,1
ambarish,1
emphasize,1
michal,1
vincent,1
giles,1
christophe,1
situation,1
crazy,1
expirati,1
aeromacs,1
