security,1018
foinet,557
cloud,316
threat,264
cybersecurity,258
network,187
fabric,187
data,178
today,144
ransomware,142
attack,140
service,127
accelerate,113
secure,109
digital,106
solution,103
device,98
organization,96
malware,92
enterprise,90
year,88
business,87
technology,86
team,86
healthcare,85
critical,84
learn,81
challenge,78
cyber,77
paner,70
risk,67
infrastructure,67
time,65
industry,62
ciso,62
rsac,59
strategy,59
company,59
intelligence,58
customer,57
firewall,56
system,56
environment,55
join,55
cybercriminals,54
automation,53
global,53
ready,52
great,52
need,51
repo,50
talk,50
landscape,49
program,49
help,48
future,47
protect,47
next,46
world,46
phil,45
financial,45
application,45
approach,45
transformation,44
look,43
information,42
leader,42
tech,42
control,41
education,41
paners,39
protection,38
latest,38
visibility,37
come,37
vulnerability,37
thing,37
best,37
expes,37
internet,37
breach,37
derek,36
manky,35
target,35
stand,35
booth,35
foigate,35
roadshow,34
event,34
discus,34
wannacry,33
cybercrime,33
insight,33
securityfabric,33
week,33
visit,32
cyberattacks,32
last,32
cybehreats,31
thank,31
vendor,31
good,30
recent,30
gdpr,29
economy,29
institution,29
public,28
blog,28
infosec,28
share,28
growth,27
sma,27
open,27
video,27
trend,27
hear,26
live,26
provider,26
enable,26
defense,25
pa,25
online,25
many,25
stay,25
patient,25
channel,25
government,25
ganer,24
market,24
practice,24
school,24
innovation,24
john,24
cisos,24
impact,23
performance,23
cost,23
product,23
thanks,23
sector,23
quade,22
chief,22
tool,22
research,22
skill,22
mean,22
point,22
change,22
ddos,22
platform,22
biggest,22
meet,22
session,22
panel,22
foios,22
private,22
real,22
infographic,21
role,21
concern,21
prediction,21
city,21
expe,21
trust,21
agile,21
available,21
demand,21
evolution,21
prevent,21
tomorrow,21
conference,21
power,21
safe,21
value,21
fastandsecure,20
action,20
high,20
mind,20
work,20
executive,20
sdwan,20
medical,20
access,20
petya,19
management,19
question,19
architecture,19
right,19
perspective,19
survey,19
face,19
place,19
mssp,19
day,19
show,19
michael,19
integration,19
step,19
center,19
success,19
apac,18
address,18
rise,18
speak,18
foisandbox,18
issue,18
scale,18
present,18
speed,18
maddison,18
industrial,18
oppounity,18
hybrid,17
machine,17
user,17
mobile,17
human,17
review,17
read,17
sta,17
capability,17
able,17
surface,17
intent,16
people,16
ganersym,16
analysis,16
hacker,16
link,16
agency,16
award,16
federal,16
increase,16
welcome,16
suppo,16
stage,16
proud,16
check,16
xacurit,15
resource,15
night,15
demo,15
strategist,15
operation,15
effective,15
traditional,15
appliance,15
level,15
dive,15
nice,15
info,15
detection,15
interview,15
news,15
full,15
impoant,15
bhusa,14
engineering,14
presentation,14
exploit,14
webinar,14
mitigate,14
director,14
miss,14
home,14
major,14
watch,14
drive,14
adoption,14
regulation,14
firm,14
delivers,14
sale,14
number,14
congratulation,14
client,14
higher,13
black,13
study,13
record,13
essential,13
detail,13
apps,13
holiday,13
deep,13
country,13
tip,13
combat,13
leverage,13
software,13
consumer,13
peer,13
volume,13
cybehreat,13
giandomenico,13
deployment,13
strategic,13
attendee,13
model,13
generation,13
complexity,13
intel,13
milano,12
le,12
quadrant,12
magic,12
server,12
privacy,12
cio,12
patrick,12
register,12
shopping,12
attbizsummit,12
congrats,12
understand,12
email,12
himss,12
file,12
educational,12
ngfw,12
lead,12
bank,12
common,12
broad,12
keynote,12
advantage,12
embrace,12
successful,12
view,12
update,12
measure,11
notre,11
fastsecure,11
alvin,11
loss,11
easier,11
sure,11
difference,11
viualization,11
stop,11
site,11
local,11
foinetlife,11
endpoint,11
experience,11
awareness,11
singapore,11
become,11
board,11
launch,11
fight,11
complex,11
segmentation,11
problem,11
employee,11
sensitive,11
professional,11
ecosystem,11
digitaltransformation,11
thecube,11
member,11
largest,11
oggi,10
cebit,10
detect,10
digitale,10
remote,10
alliance,10
integrated,10
orgs,10
focus,10
connectivity,10
weakest,10
national,10
decision,10
phone,10
grillo,10
workload,10
case,10
viual,10
block,10
fuel,10
efficiency,10
shoage,10
panership,10
different,10
campaign,10
second,10
area,10
state,10
sign,10
economic,10
personal,10
multi,10
consideration,10
order,10
play,10
current,10
tony,10
nguyen,10
better,10
wifi,10
medium,10
securityday,9
roomn,9
rom,9
sync,9
officer,9
dynamic,9
iotw,9
raas,9
lack,9
wireless,9
ransom,9
requirement,9
msignite,9
analyst,9
morning,9
fast,9
vector,9
east,9
serious,9
rapid,9
manager,9
factor,9
variant,9
policy,9
want,9
rodrigues,9
benefit,9
hand,9
vmware,9
process,9
philippine,9
expansion,9
easy,9
way,9
spam,9
president,9
cyberalliance,9
scada,9
foicast,9
implementation,9
think,9
student,9
operational,9
mission,9
technical,9
single,9
life,9
result,9
excited,9
transition,9
rate,9
scalable,9
activity,9
mirai,9
foisiem,9
mssps,9
training,9
happy,9
exec,9
jonathan,9
vulnerable,9
vega,9
asia,9
sponsor,9
marketing,9
money,9
founder,9
health,9
cybeechtlv,8
clienti,8
hotel,8
international,8
environnement,8
equipment,8
dark,8
much,8
malicious,8
locky,8
dubai,8
middle,8
keep,8
house,8
hygiene,8
minute,8
consequence,8
free,8
botnets,8
word,8
actionable,8
speaker,8
discussion,8
office,8
summit,8
pay,8
manage,8
collaboration,8
past,8
job,8
massive,8
car,8
unprecedented,8
move,8
compliance,8
podcast,8
date,8
networking,8
possible,8
unique,8
manufacturer,8
traffic,8
multiple,8
reason,8
researcher,8
valuable,8
offer,8
average,8
cyberattack,8
force,8
everything,8
finserv,8
protects,8
advanced,8
fabricready,8
vision,8
first,8
lion,8
modern,8
networksecurity,8
spending,8
space,8
talent,7
nostri,7
head,7
promise,7
ganersec,7
budget,7
crime,7
send,7
aware,7
suite,7
sykora,7
entry,7
brief,7
workforce,7
know,7
powerful,7
hour,7
retrouvez,7
avant,7
daily,7
india,7
academy,7
spread,7
idea,7
outline,7
pro,7
hongkong,7
botnet,7
season,7
microsoft,7
carrier,7
turn,7
stas,7
building,7
post,7
criminal,7
offering,7
victim,7
true,7
perimeter,7
difficult,7
group,7
repos,7
depament,7
implication,7
piece,7
find,7
month,7
slow,7
bett,7
priority,7
plan,7
lab,7
test,7
encryption,7
layer,7
emea,7
half,7
anthony,7
technique,7
competitive,7
potential,7
cool,7
feature,7
huge,7
giant,7
senior,7
care,7
method,7
icscksa,6
dimensional,6
aspettiamo,6
account,6
monaco,6
android,6
transformatie,6
george,6
communication,6
attacker,6
american,6
incident,6
eduweek,6
social,6
field,6
dinner,6
prevention,6
safety,6
pace,6
infection,6
total,6
response,6
safer,6
forum,6
window,6
happen,6
weekly,6
xarique,6
panasonic,6
marketplace,6
standard,6
brings,6
hall,6
vous,6
lucrative,6
pley,6
matt,6
community,6
answer,6
impoance,6
food,6
cybersec,6
entire,6
bangkok,6
prepare,6
decade,6
win,6
reveals,6
gain,6
effect,6
facility,6
flexibility,6
limit,6
learning,6
corporate,6
core,6
component,6
create,6
checklist,6
oppounities,6
defend,6
chance,6
wide,6
development,6
necessary,6
spectre,6
andy,6
greater,6
leadership,6
adapt,6
person,6
prepared,6
reception,6
whole,6
provide,6
design,6
begin,6
culture,6
list,6
staff,6
meeting,6
room,6
main,6
give,6
floor,6
door,6
sicurezza,5
cryptowall,5
grazie,5
club,5
intelligent,5
region,5
predict,5
isummit,5
telemetry,5
idcitsecurity,5
omgevingen,5
situation,5
foiexpress,5
matto,5
banking,5
assister,5
xafis,5
code,5
macransom,5
tonight,5
fantastic,5
closer,5
summer,5
standardization,5
tune,5
defensive,5
store,5
pittsburgh,5
automate,5
blockchain,5
additional,5
spree,5
greatest,5
byline,5
holistic,5
normal,5
vote,5
exchange,5
adaptive,5
diverse,5
iotsecurity,5
avionics,5
matthew,5
recap,5
busy,5
salle,5
assisessi,5
responsible,5
planning,5
framework,5
edition,5
cybernextdc,5
europe,5
computer,5
strain,5
balance,5
behavior,5
line,5
investment,5
constant,5
initiative,5
friend,5
crucial,5
option,5
ability,5
kuan,5
reinvent,5
foimanager,5
announce,5
prime,5
version,5
wonderful,5
glimpse,5
responsibility,5
drew,5
call,5
effectiveness,5
sandbox,5
nature,5
chow,5
gavin,5
rating,5
quick,5
district,5
follow,5
sophisticated,5
practical,5
hack,5
bigger,5
actor,5
moonshot,5
foiguard,5
battle,5
google,5
touch,5
respond,5
compromise,5
cryptocurrency,5
majority,5
newest,5
canada,5
securing,5
perche,5
patrice,5
conversation,5
peter,5
price,5
automated,5
excellent,5
theater,5
darren,5
break,5
source,5
ftnt,5
cyberaware,5
bitcoin,5
fraud,5
disaster,5
robust,5
segment,5
internal,5
spazio,4
lteafrica,4
cubegems,4
finance,4
vehicle,4
announces,4
sustainable,4
pranzo,4
servizi,4
yatch,4
tutto,4
retailer,4
westin,4
delle,4
halle,4
johannesburg,4
tactic,4
steelers,4
faster,4
palace,4
vacuum,4
stuff,4
course,4
complexe,4
sddc,4
awesome,4
careful,4
technologie,4
mcalpine,4
collection,4
distribution,4
profit,4
justice,4
delivery,4
project,4
csps,4
mark,4
star,4
steal,4
improve,4
turnbull,4
cell,4
avec,4
joint,4
woh,4
maison,4
multidimensionnel,4
hire,4
uncovers,4
spyware,4
macos,4
expeise,4
router,4
patch,4
hardware,4
accountability,4
brickerbot,4
monitoring,4
cisco,4
mail,4
retail,4
fit,4
ale,4
family,4
ransomworm,4
integrating,4
scam,4
contact,4
heinz,4
identity,4
danger,4
little,4
chaos,4
interest,4
biddle,4
website,4
aamir,4
operator,4
engineer,4
comprehensive,4
boundary,4
saas,4
disease,4
task,4
weekend,4
preparation,4
reputation,4
worm,4
creative,4
vmworld,4
legacy,4
prevalent,4
volunteer,4
cherry,4
connect,4
aircraft,4
risky,4
secret,4
lot,4
aujourd,4
cassini,4
filippo,4
unknown,4
ncsam,4
thrive,4
flexible,4
kick,4
badrabbit,4
noh,4
taiwan,4
military,4
vet,4
foivets,4
silver,4
card,4
workshop,4
sense,4
annual,4
path,4
similar,4
connection,4
guide,4
afternoon,4
delegate,4
vforum,4
catch,4
cross,4
castillo,4
choice,4
bryden,4
foundation,4
trade,4
minister,4
couple,4
anti,4
criticalinfrastructure,4
prep,4
simplicity,4
posture,4
confident,4
pleasure,4
implement,4
glass,4
pane,4
aificial,4
stake,4
connected,4
worldwide,4
proactive,4
chat,4
deliver,4
repoed,4
general,4
close,4
costly,4
dangerous,4
expectation,4
range,4
type,4
term,4
grow,4
brand,4
third,4
series,4
nation,4
excellence,4
highest,4
someone,4
strong,4
fintech,4
insider,4
disruption,4
shift,4
pressure,4
seguridad,4
hybridcloud,4
distributed,4
reach,4
sensor,4
classroom,4
original,4
individual,4
opening,4
coffee,4
photo,4
coverage,4
spot,4
expo,4
significant,4
peek,4
fuher,4
introduces,4
jacob,4
water,4
nozomi,4
long,4
foicloud,4
georgia,4
securit,4
camera,4
release,4
tell,4
asset,4
pillar,4
grows,4
tufin,4
novembre,3
size,3
diligence,3
upcoming,3
cerber,3
former,3
revenue,3
february,3
openhybrid,3
evolve,3
phase,3
della,3
hanno,3
xaseau,3
xaploiement,3
xamoignage,3
maslow,3
sheraton,3
pronto,3
strategia,3
bell,3
accountable,3
canale,3
evoluzione,3
scenario,3
heise,3
venez,3
march,3
moins,3
atelier,3
xacouvrir,3
dvrs,3
sicherheit,3
xbcr,3
luck,3
lower,3
multidimensional,3
xaln,3
digit,3
anniversary,3
improvement,3
prominent,3
unaware,3
end,3
consolidation,3
uptick,3
matter,3
homeowner,3
voor,3
deel,3
cybercrooks,3
interpol,3
alter,3
dozen,3
wcry,3
integrate,3
political,3
key,3
enoug,3
relies,3
overhead,3
crocker,3
tide,3
unlock,3
cycle,3
flaw,3
juin,3
game,3
smaer,3
hpediscover,3
theatre,3
comms,3
author,3
newsletter,3
apple,3
mac,3
drop,3
cognitive,3
mobility,3
commerce,3
broadband,3
player,3
science,3
pervasive,3
rethink,3
worse,3
foiap,3
epidemic,3
depaments,3
peace,3
blockchains,3
credential,3
australia,3
upgrade,3
msinspire,3
seek,3
paul,3
beta,3
efficacy,3
darknet,3
july,3
verisign,3
adopt,3
selects,3
daniel,3
consecutive,3
final,3
networ,3
flow,3
innovator,3
depth,3
freedom,3
npersonal,3
hdds,3
chromebook,3
lakhani,3
tornado,3
name,3
goal,3
likely,3
ransomworms,3
cooperation,3
distributor,3
advisor,3
notpetya,3
lesson,3
unveils,3
recommendation,3
mitigation,3
secur,3
physical,3
csos,3
cyberdefense,3
roundtable,3
knife,3
asean,3
hospital,3
xaes,3
limited,3
doc,3
webcast,3
oracle,3
ipexpo,3
oraclecloud,3
saving,3
represent,3
transfor,3
comment,3
influential,3
tour,3
cohen,3
advice,3
degree,3
saarc,3
xaats,3
somme,3
nous,3
pour,3
arm,3
spotlight,3
manquez,3
xhui,3
maintenant,3
symposium,3
document,3
interested,3
bypass,3
nias,3
centre,3
richard,3
nothing,3
migration,3
agenda,3
momentum,3
fellow,3
april,3
asiapacific,3
korean,3
foimail,3
sage,3
track,3
analytics,3
heavy,3
expands,3
scene,3
popular,3
make,3
strengthen,3
veteran,3
credit,3
refund,3
please,3
perfect,3
active,3
predictive,3
army,3
function,3
advancement,3
theft,3
payment,3
utilize,3
chan,3
foiweb,3
foianalyzer,3
elite,3
detailed,3
enabler,3
guest,3
regional,3
jeff,3
premise,3
universal,3
primary,3
highlight,3
bheu,3
simon,3
poor,3
sits,3
contributor,3
vancouver,3
yesterday,3
appreciation,3
burnaby,3
celebrate,3
oppounit,3
engine,3
organisation,3
apply,3
something,3
deeper,3
stronger,3
front,3
table,3
late,3
horizon,3
boost,3
driverless,3
take,3
analyzed,3
london,3
bandwidth,3
avoid,3
false,3
attention,3
clear,3
disruptive,3
convergence,3
speaking,3
autonomous,3
note,3
beware,3
investor,3
password,3
spritecoin,3
competition,3
large,3
relevant,3
sophistication,3
sho,3
solves,3
solve,3
sample,3
collaborate,3
brightest,3
cloudsecurity,3
becomes,3
picture,3
dollar,3
amount,3
explains,3
relationship,3
convenience,3
sistemas,3
acceleration,3
financialservices,3
click,3
employer,3
login,3
addition,3
siem,3
foune,3
comparison,3
announcement,3
spend,3
enablement,3
utilizing,3
tarun,3
renee,3
architectural,3
towards,3
enhancement,3
james,3
ziften,3
university,3
pacific,3
gold,3
competitor,3
others,3
scalability,3
planet,3
shanghai,2
automotive,2
xcnetwork,2
accelerates,2
xpesacademyme,2
election,2
defcamp,2
book,2
savoia,2
principe,2
oneingram,2
mistake,2
innovative,2
christmas,2
timeline,2
amongst,2
simple,2
offensive,2
azure,2
xcnow,2
insurance,2
vlcm,2
exclusivenetworks,2
xcif,2
behindthefirewall,2
unpredictable,2
characteristic,2
energy,2
enter,2
shamoon,2
assessment,2
suoi,2
strony,2
persona,2
funzionalit,2
light,2
harden,2
chassis,2
gbps,2
legendary,2
internetu,2
exceed,2
rooster,2
dance,2
border,2
special,2
formal,2
francisco,2
eistawards,2
noon,2
roundup,2
bos,2
valadier,2
casina,2
fnsa,2
enhance,2
xcbest,2
tecnologie,2
xania,2
mode,2
conventional,2
parliamo,2
torino,2
rete,2
minacce,2
eataly,2
presso,2
paecipato,2
tutti,2
survival,2
auric,2
footprint,2
sandton,2
repercussion,2
medici,2
parco,2
plague,2
untrustwohy,2
semaine,2
axelle,2
obiettivi,2
crea,2
soluzioni,2
novit,2
xarz,2
xasentation,2
multivector,2
dimensionnels,2
ibminterconnect,2
dimensionnel,2
nu,2
tournament,2
crnchannelmadness,2
react,2
knowledgeable,2
lapse,2
angriffe,2
thema,2
unserer,2
sich,2
mongolia,2
theme,2
mutli,2
overall,2
finalfour,2
kuwait,2
chang,2
adequate,2
hardest,2
reign,2
blend,2
carouselsv,2
bailey,2
roger,2
entorno,2
ripe,2
salesenablement,2
xcthe,2
xamy,2
transformaci,2
empresarial,2
pae,2
synchronize,2
algorithm,2
fake,2
lawyer,2
ransomeware,2
stakeholder,2
david,2
larger,2
functionality,2
demonstration,2
jean,2
switch,2
vodafone,2
gala,2
say,2
proof,2
remains,2
exclusive,2
ease,2
currency,2
chris,2
hitting,2
integral,2
shadownets,2
prone,2
crandall,2
newyork,2
insightful,2
southeast,2
suppos,2
underground,2
doha,2
buzz,2
nasdaq,2
clou,2
cnbc,2
native,2
beveiligen,2
innovatie,2
geen,2
pan,2
encourage,2
isfws,2
brain,2
radical,2
limitation,2
amazing,2
adefala,2
ladi,2
truck,2
outside,2
communicate,2
basis,2
attribution,2
govcon,2
unsecure,2
buyer,2
refresh,2
uniform,2
zaabeel,2
subject,2
storm,2
expensive,2
abeel,2
marcher,2
proudpaners,2
centraliens,2
bolster,2
forward,2
xacurisation,2
xames,2
dans,2
patent,2
lurk,2
helpful,2
monday,2
harbor,2
kiddy,2
script,2
worker,2
awssummit,2
caught,2
pandemic,2
economics,2
damage,2
selling,2
friday,2
stewardship,2
pofolio,2
added,2
unrated,2
hard,2
early,2
pick,2
apvrille,2
uncover,2
corruption,2
memory,2
captivate,2
flash,2
adobe,2
environmental,2
malfunction,2
electronic,2
bootcamp,2
operate,2
woman,2
maurya,2
rajesh,2
cannes,2
career,2
gear,2
evolves,2
form,2
po,2
bring,2
fact,2
cashless,2
catalyst,2
fouh,2
stress,2
washington,2
capital,2
mumbai,2
institute,2
side,2
brush,2
top,2
mindset,2
immunity,2
mega,2
shadow,2
commentary,2
configs,2
bill,2
outcome,2
xaan,2
imperative,2
malaysia,2
debut,2
cfo,2
hope,2
village,2
treat,2
goody,2
xadi,2
legislation,2
jones,2
advise,2
smbs,2
blindspot,2
governance,2
infotainment,2
didyouknow,2
globeimposter,2
javascript,2
fail,2
enem,2
nist,2
adversary,2
movement,2
wine,2
headline,2
forefront,2
defence,2
elasticity,2
entrepreneurial,2
forbes,2
curve,2
failure,2
vital,2
maturity,2
forrester,2
cancer,2
police,2
structure,2
workflow,2
everyone,2
hiatus,2
heard,2
enforcement,2
enemy,2
ubiquitous,2
vice,2
compete,2
foiddos,2
domain,2
objective,2
usage,2
ronen,2
fiasco,2
devops,2
telecom,2
intense,2
fruitful,2
destructive,2
xaon,2
happens,2
fung,2
jack,2
webcam,2
foinetsecurityfabric,2
small,2
govware,2
paris,2
france,2
safeguard,2
authentication,2
ignite,2
casb,2
elastic,2
processor,2
leading,2
openworld,2
gap,2
visionary,2
sauce,2
tough,2
accurate,2
section,2
title,2
travers,2
kind,2
seminar,2
burris,2
emphasis,2
amoroso,2
xpes,2
vienna,2
accueillir,2
rencontrer,2
affect,2
genevoix,2
xest,2
afford,2
takeaway,2
insecure,2
highland,2
sharing,2
zabaneh,2
spotlightontech,2
mitm,2
krack,2
undetected,2
transparency,2
german,2
cable,2
equation,2
strut,2
apache,2
double,2
foinetnseasiapacificxpesacademy,2
xpesacademy,2
interconnectivity,2
onecon,2
seoul,2
tracking,2
migrate,2
eric,2
add,2
nhtt,2
advisory,2
class,2
informed,2
foipresence,2
spell,2
span,2
hint,2
alexa,2
profile,2
flashing,2
effos,2
nsslabs,2
trusted,2
warm,2
processing,2
investigate,2
googleplay,2
lookalike,2
orlando,2
transaction,2
collect,2
sorry,2
november,2
ichitaro,2
contribute,2
basic,2
aicle,2
secured,2
hajime,2
datacenter,2
reaper,2
writeup,2
swing,2
bloomberg,2
prot,2
veicals,2
shop,2
holidayshopping,2
corner,2
blood,2
smile,2
flag,2
capture,2
possibility,2
cover,2
paicipate,2
inaugural,2
equifax,2
jakaa,2
wrap,2
quality,2
funding,2
chain,2
kubecon,2
dig,2
impressive,2
grad,2
closing,2
ground,2
calendar,2
foiswitch,2
auto,2
foiclient,2
presenti,2
ramification,2
xmas,2
interaction,2
groom,2
seamless,2
prevents,2
singularity,2
recommended,2
grand,2
upper,2
sprawl,2
return,2
advance,2
cobalt,2
lie,2
overview,2
episode,2
exceptional,2
outstanding,2
venuslocker,2
steady,2
build,2
orchestration,2
super,2
glob,2
connectedcars,2
airpo,2
agility,2
efficient,2
positive,2
conncetedcars,2
onslaught,2
intell,2
hostage,2
content,2
cookbook,2
choose,2
continue,2
scott,2
worried,2
belief,2
nightmare,2
xfthen,2
wallet,2
trick,2
differentiate,2
manipulation,2
achievable,2
invest,2
fix,2
regi,2
equal,2
topic,2
favorite,2
meltdown,2
evil,2
stability,2
reminder,2
several,2
aleed,2
everyday,2
aftehought,2
handling,2
discover,2
satisfaction,2
interact,2
land,2
darkweb,2
base,2
para,2
making,2
compliant,2
previous,2
transform,2
explore,2
bot,2
multicloud,2
netw,2
quaer,2
grab,2
brian,2
connectedcar,2
sneak,2
paicipants,2
curious,2
perilous,2
secureaccess,2
pulsesecure,2
listen,2
spent,2
exciting,2
lasvegas,2
press,2
applebaum,2
josh,2
winner,2
chinese,2
focused,2
get,2
caution,2
attend,2
micro,2
panerships,2
norm,2
consumption,2
allow,2
carl,2
playing,2
percent,2
disrupt,2
foiswitches,2
install,2
headin,1
mancate,1
infosecuritynl,1
onion,1
seat,1
sydney,1
longevity,1
ninja,1
scaling,1
enables,1
grade,1
slot,1
external,1
intra,1
distinct,1
foinetpanersync,1
foisack,1
dieser,1
entspannent,1
unglauuubliss,1
longer,1
ignoring,1
ominous,1
resiliency,1
wong,1
tick,1
joomla,1
cyperine,1
bonasira,1
citic,1
bureau,1
jang,1
shikwang,1
graduate,1
foiveteran,1
xccyber,1
ctap,1
datacentre,1
vforumsg,1
setting,1
istanbul,1
fashioned,1
novem,1
tappa,1
alla,1
pochi,1
mancano,1
cloudification,1
xftirildi,1
xaekle,1
panelimiz,1
xbkl,1
xbnetimi,1
xfterilerimizle,1
football,1
vxers,1
keyloggers,1
novecento,1
domani,1
revamp,1
airline,1
age,1
hundred,1
dese,1
adventurous,1
parla,1
complessit,1
palco,1
self,1
mandatory,1
stretch,1
beast,1
edizione,1
countdown,1
inizia,1
thereof,1
preparedness,1
teach,1
godzilla,1
owner,1
neglect,1
ordeal,1
xone,1
econom,1
effo,1
spoof,1
apic,1
benvenuti,1
integrazione,1
secuirityday,1
prossimo,1
successo,1
questo,1
reso,1
tantissimi,1
proper,1
facilitate,1
trojan,1
scalablity,1
nfoinet,1
varindia,1
cohesive,1
zone,1
darkside,1
mankey,1
limitless,1
keylogger,1
checker,1
merchant,1
miner,1
coin,1
proxy,1
proteus,1
heat,1
focbs,1
suited,1
identify,1
spess,1
bladabindi,1
gateway,1
fundamental,1
crnbestproducts,1
shoag,1
imperfect,1
incorrect,1
wotc,1
rail,1
scary,1
baidu,1
linkedin,1
intersection,1
thwa,1
dumb,1
browser,1
trickbot,1
alignment,1
cyberphysical,1
disastrous,1
pervasiveness,1
harm,1
chad,1
expect,1
foifabric,1
cyberresiliency,1
xadata,1
xastp,1
sweden,1
grattis,1
purpose,1
comunica,1
padova,1
farmaco,1
scienze,1
dipaimento,1
downfall,1
empire,1
rogue,1
correlation,1
folk,1
givewhatmat,1
hollywood,1
misperceptions,1
death,1
santa,1
spoiler,1
recommend,1
crisis,1
static,1
cybercriminal,1
entering,1
council,1
greg,1
category,1
twitter,1
powe,1
cosmo,1
kickoff,1
scoopy,1
balcony,1
dude,1
crew,1
acclerate,1
context,1
showing,1
roadmap,1
incredible,1
broadcast,1
nlive,1
raine,1
joesarno,1
broader,1
continental,1
xcanalytics,1
operat,1
official,1
inflection,1
militarization,1
milware,1
governmen,1
happiness,1
pursuit,1
competitiveness,1
underpins,1
gibson,1
defacto,1
smack,1
simplifies,1
foihypervisor,1
cubecards,1
wheatley,1
sandra,1
marcomm,1
foisand,1
threefold,1
breittmayer,1
olivier,1
nolimits,1
gtlink,1
gammaingenieros,1
westcon,1
felicidades,1
slide,1
interesting,1
acceler,1
trek,1
latam,1
distribuidor,1
felicitaciones,1
steakhouse,1
thirsty,1
marquee,1
milestone,1
necessity,1
acceierate,1
buzzwohy,1
messaging,1
locker,1
irish,1
impediment,1
wednesdaywisdom,1
networktech,1
geekinout,1
nerdstuff,1
houston,1
myriad,1
copious,1
tampering,1
automaker,1
passenger,1
janvier,1
mardi,1
overreliance,1
stopping,1
shadownet,1
venir,1
xasitez,1
pai,1
commence,1
havoc,1
unpatched,1
kohl,1
profitable,1
estimate,1
neutralise,1
labor,1
cheap,1
experienced,1
goodeats,1
founecookie,1
tangerine,1
saturday,1
npa,1
train,1
productive,1
wealth,1
fierce,1
flashbackfriday,1
tier,1
privacyaware,1
january,1
healthit,1
healthdata,1
penetration,1
extoio,1
disk,1
resurfaced,1
saudi,1
molecular,1
anonymity,1
complete,1
appeal,1
secu,1
foicare,1
simplify,1
ideal,1
material,1
authority,1
contro,1
visibilitcontrollo,1
annuncia,1
shape,1
foreign,1
offense,1
xbfico,1
catastr,1
potencialmente,1
xada,1
podr,1
sospechoso,1
compoamiento,1
momenti,1
alterneranno,1
pillole,1
xcinterattivo,1
invita,1
sistemi,1
catastrofici,1
potenzialmente,1
potrebbero,1
inaffidabili,1
compoamenti,1
entro,1
pianeta,1
ogni,1
collegati,1
dispositivi,1
saranno,1
prevedono,1
xbceniami,1
zagro,1
xcymi,1
rosn,1
zabezpieczaj,1
funkcje,1
nowe,1
legal,1
influx,1
newer,1
blueprint,1
xascada,1
skutki,1
katastrofalne,1
potencjalnie,1
rzeczy,1
dzia,1
podejrzane,1
planeta,1
conectados,1
dispositivos,1
habr,1
predicen,1
expeos,1
infrastrutt,1
rafforzare,1
strategiche,1
considerare,1
devono,1
aziende,1
frid,1
bulb,1
cornerstone,1
cittadini,1
xaper,1
infrastrutture,1
processo,1
parleremo,1
trilioni,1
globale,1
impatto,1
supereranno,1
xiot,1
dall,1
stima,1
icsa,1
tranisitions,1
configuration,1
arab,1
burj,1
irvine,1
technological,1
hawaiian,1
hilton,1
intervolve,1
lifting,1
xdzenia,1
cztery,1
ponad,1
xczone,1
xdzie,1
ziemi,1
mieszkaniec,1
xbcdy,1
xbce,1
szacuje,1
require,1
contactless,1
net,1
intrusion,1
gefahren,1
neuer,1
abwehr,1
kontrolle,1
sichtbarkeit,1
funktionen,1
xasentie,1
collaborativa,1
integrata,1
parlare,1
marzo,1
darstellen,1
systeme,1
katastrophe,1
eine,1
xbnnte,1
xachtiges,1
verd,1
propey,1
destruction,1
harry,1
crowhurst,1
xbctze,1
bedrohungen,1
unternehmen,1
helfen,1
sicherheitsfunktionen,1
strategische,1
drei,1
lunar,1
headquaers,1
whitehatstats,1
geben,1
xate,1
verbundene,1
durchschnittlich,1
wird,1
zufolge,1
expeen,1
diabetes,1
bollstagingservices,1
love,1
foigates,1
nuage,1
rice,1
unveil,1
michale,1
appoints,1
custo,1
attire,1
ebrahimi,1
joel,1
position,1
necessit,1
essenziale,1
implementare,1
essenziali,1
punti,1
scopri,1
incorporation,1
staed,1
protecti,1
ixiacom,1
terabit,1
appetizer,1
forget,1
shouout,1
presenting,1
carbon,1
shis,1
studio,1
toast,1
operandi,1
modus,1
expose,1
defi,1
fan,1
foine,1
remcos,1
facing,1
conf,1
editorial,1
telemedicine,1
febbraio,1
unisciti,1
connett,1
pubblico,1
sistema,1
xambito,1
nell,1
connettivit,1
progetto,1
pranzato,1
rampant,1
pair,1
hussein,1
uniqueness,1
halifax,1
absorption,1
targeted,1
infographics,1
broken,1
peixue,1
ba,1
alike,1
shared,1
realize,1
unstructured,1
utmdevice,1
smalloffice,1
protectyourhome,1
predictable,1
xbnica,1
telef,1
deal,1
stud,1
precision,1
supply,1
pacemaker,1
roadsho,1
impoante,1
diventeranno,1
ibridi,1
ecosistemi,1
agli,1
associate,1
aumento,1
mediante,1
guidata,1
abilitata,1
error,1
biometrics,1
februa,1
xaentre,1
xbie,1
prima,1
paicip,1
paenerilor,1
xbumim,1
chipsets,1
slightest,1
tosca,1
cloudify,1
hackathon,1
deploy,1
keen,1
davantage,1
savoir,1
corrupte,1
manufacturing,1
harvey,1
soane,1
foifun,1
presente,1
cdmx,1
alestra,1
negocio,1
modelo,1
habilitando,1
ciberseguridad,1
charla,1
entregando,1
disponibles,1
quelques,1
indonesian,1
ctry,1
indo,1
edwin,1
locaux,1
visite,1
contribution,1
itsp,1
edward,1
explores,1
availability,1
hone,1
sujet,1
serum,1
sanitarie,1
strutture,1
verso,1
attachi,1
dati,1
computerworld,1
crnsecurity,1
coolest,1
compare,1
avenue,1
respondent,1
bcitalumn,1
bcit,1
xasenter,1
superficie,1
tutta,1
copeura,1
completa,1
visibilit,1
vostra,1
prestazione,1
moderne,1
alle,1
coordinata,1
veloce,1
risposta,1
torin,1
itsecurity,1
analyze,1
wise,1
contrary,1
xamoignera,1
xacouvrez,1
rencontrez,1
signatureless,1
xacorr,1
sont,1
xinformations,1
besoin,1
inc,1
attorney,1
prior,1
behalf,1
recipient,1
heay,1
chiangmai,1
blast,1
philadelphia,1
psychological,1
august,1
consensus,1
peak,1
versa,1
forecast,1
marketscape,1
infosecuritybe,1
stock,1
baldrick,1
ztorg,1
teardown,1
takechildhoodba,1
mila,1
knowledge,1
environnements,1
kritisch,1
promote,1
woche,1
xachste,1
sehen,1
xbnes,1
crosshairs,1
heed,1
besuchen,1
willkommen,1
erkennen,1
stoppen,1
komplexe,1
vorag,1
attacked,1
evaluation,1
refrigerator,1
cctv,1
tiger,1
reliance,1
secureworld,1
boston,1
interactive,1
foiaps,1
zeigen,1
technischen,1
comprendre,1
integriee,1
xbcckenlose,1
madrid,1
urban,1
abril,1
xanete,1
architektur,1
umfassenden,1
selbst,1
xcberzeugen,1
maciejak,1
cmembers,1
blind,1
item,1
checked,1
hit,1
xfen,1
komplexer,1
erkennung,1
xasentationen,1
unsere,1
xbcberzeugen,1
gelegenheit,1
letzte,1
hannover,1
wiedersehen,1
besuch,1
ihren,1
danke,1
vorbei,1
schon,1
runn,1
circuit,1
fibre,1
xadstrate,1
retos,1
xbfquieres,1
booming,1
gunfight,1
xidejte,1
buildingblocks,1
amen,1
enablers,1
producer,1
teamhongkong,1
examines,1
deterioration,1
distoion,1
eduction,1
paulo,1
excel,1
corporatesocia,1
antispam,1
este,1
configurando,1
laboratorio,1
nuestro,1
trabajo,1
tarde,1
european,1
african,1
poli,1
baiphil,1
lunch,1
standout,1
generic,1
cautious,1
slowisbroken,1
browsing,1
honest,1
pattern,1
encouraging,1
foundational,1
cybersecur,1
bjorne,1
blocking,1
pickup,1
bogota,1
lakhanir,1
tacticaledge,1
slick,1
menos,1
quedan,1
audience,1
receptive,1
cosn,1
unplanned,1
chip,1
claves,1
descubre,1
dental,1
overcome,1
prominentn,1
xadce,1
stanou,1
kter,1
ekosyst,1
xadmi,1
hybridn,1
spojen,1
probl,1
rostouc,1
xbeby,1
cloudov,1
xbenili,1
zefek,1
agilnost,1
inovace,1
xuje,1
usnad,1
podniku,1
xaho,1
transformac,1
cest,1
xedkem,1
prost,1
xadm,1
xakladn,1
breakout,1
plenary,1
xadstico,1
enfoque,1
formar,1
debe,1
nube,1
poll,1
economist,1
nops,1
repair,1
maker,1
breakdown,1
responsive,1
clunky,1
dashboard,1
feel,1
autograph,1
plen,1
white,1
hickman,1
consulting,1
lecture,1
clueless,1
extends,1
discretion,1
sphirer,1
romero,1
jorge,1
luis,1
shun,1
valji,1
kash,1
greenfield,1
story,1
frederic,1
telco,1
lazar,1
nextge,1
riviera,1
french,1
beautiful,1
negresco,1
solid,1
musique,1
perception,1
familiarity,1
sub,1
else,1
accessed,1
procured,1
commodity,1
notification,1
disguise,1
tax,1
toothbrush,1
rescue,1
hero,1
nefarious,1
procedure,1
armyofthings,1
weapon,1
lexington,1
crash,1
cabin,1
ekahau,1
ship,1
crusie,1
blanket,1
load,1
pizza,1
backup,1
deepweb,1
securitywithoutcompromise,1
pain,1
carolyn,1
location,1
airpos,1
vpns,1
counterattack,1
riskmanagement,1
personalization,1
cerem,1
retreat,1
macau,1
semester,1
cbusinfosec,1
hello,1
institutional,1
confidential,1
nederland,1
amsterdam,1
saman,1
neem,1
asian,1
association,1
retain,1
unify,1
busines,1
opsec,1
trading,1
guess,1
alles,1
wilt,1
healthcar,1
undermine,1
hipaa,1
ciscoaci,1
siliconva,1
futureofwork,1
hill,1
occur,1
dept,1
storage,1
anyone,1
least,1
british,1
channelmeawards,1
grief,1
fois,1
tijdens,1
morgen,1
riyadh,1
understands,1
ownership,1
rigorous,1
surge,1
balans,1
personeelsbehoud,1
moeten,1
afdelingen,1
sociale,1
mobiele,1
systemen,1
tijdperk,1
worden,1
prominenter,1
hybride,1
rond,1
uitdagingen,1
groeiende,1
bijdragen,1
xabn,1
zijn,1
bedrijfsmodellen,1
neemt,1
kostenbesparingen,1
flexibiliteit,1
motor,1
beveiligingsaanpak,1
bedrijfsbrede,1
uitmaken,1
moet,1
beveiliging,1
compromisloze,1
vraagt,1
grenzen,1
ultimate,1
arafat,1
ahmad,1
rivat,1
extra,1
sant,1
pereira,1
jose,1
yoursel,1
incremental,1
warns,1
barrier,1
motif,1
eachcyber,1
pass,1
smacities,1
gisec,1
sullivan,1
frost,1
receives,1
exnfooty,1
america,1
travelingit,1
itwork,1
vlans,1
truly,1
ubiqube,1
revolution,1
foiworld,1
harmless,1
hide,1
unites,1
applied,1
louth,1
adrian,1
admit,1
foiexpr,1
milwaukee,1
unceainty,1
hol,1
actual,1
swat,1
engage,1
attentive,1
resident,1
retirement,1
oaknoll,1
isfw,1
unified,1
mashburn,1
rick,1
intervention,1
golden,1
threatmap,1
color,1
foinetfastsecure,1
kdms,1
ware,1
subsidiary,1
ampt,1
worrisome,1
warren,1
remain,1
iotworld,1
aways,1
interoperability,1
openness,1
ensemble,1
webina,1
figure,1
celebrity,1
thailand,1
loki,1
hyper,1
equilibrium,1
hunter,1
stealer,1
lokibot,1
till,1
robot,1
afraid,1
weighs,1
worst,1
flexwaresm,1
territory,1
integrator,1
presence,1
rearchitect,1
reactive,1
trench,1
tale,1
finer,1
stem,1
manages,1
similarity,1
kid,1
meru,1
bharghavan,1
seah,1
dependence,1
govenment,1
language,1
specific,1
kirk,1
latency,1
quels,1
trait,1
patching,1
fall,1
anchor,1
round,1
hadju,1
joined,1
stavanger,1
imponerer,1
sjarmerer,1
sysadmin,1
forigate,1
frankenstein,1
breakdow,1
anything,1
candidacy,1
xalvin,1
beat,1
exploratory,1
reading,1
demain,1
predicts,1
isaca,1
unpacks,1
metric,1
assurant,1
xatences,1
comp,1
equilibre,1
comme,1
syst,1
diver,1
gestion,1
hybrides,1
xacosyst,1
nouveaux,1
xutilisation,1
leurs,1
xanent,1
dont,1
infosecurity,1
gallery,1
indispensable,1
entreprise,1
holistique,1
approche,1
paie,1
faire,1
doit,1
xacuris,1
xaatre,1
doivent,1
donn,1
cooler,1
concentrated,1
hiccup,1
struggle,1
vogue,1
sick,1
foinetapac,1
platinum,1
investigates,1
uncovered,1
scheme,1
shofall,1
attractive,1
xconce,1
discovers,1
paicular,1
futur,1
drilling,1
macransomware,1
awspssummit,1
configure,1
infose,1
pitfall,1
underinvest,1
behavioral,1
identifies,1
afceacyber,1
cyper,1
afcea,1
desse,1
sincere,1
telstra,1
peh,1
malay,1
colleague,1
muslim,1
iftar,1
puasa,1
berbuka,1
enforce,1
icit,1
macspy,1
installs,1
oregontech,1
sentry,1
naming,1
declare,1
multifactor,1
toy,1
learnt,1
reinforce,1
tradition,1
paramount,1
remind,1
thursday,1
vuln,1
brunch,1
radware,1
makeover,1
extreme,1
wayne,1
joven,1
evaluate,1
foigatee,1
quic,1
admins,1
bitfinex,1
ucdiss,1
dream,1
rayle,1
keith,1
patchtuesday,1
apa,1
honggang,1
affordable,1
problematic,1
radiology,1
doctor,1
hughes,1
ladder,1
enough,1
leak,1
voter,1
computational,1
nseexpesacademy,1
coach,1
outbreak,1
cause,1
updating,1
expense,1
sequel,1
movie,1
seftad,1
throw,1
vein,1
fazvm,1
alto,1
palo,1
positioned,1
factory,1
choc,1
severe,1
midday,1
message,1
zero,1
fiction,1
separate,1
explosion,1
hacked,1
fine,1
logical,1
joseph,1
formula,1
mcdonald,1
ronald,1
considerable,1
comfo,1
wake,1
commercial,1
citizen,1
obscurity,1
avoids,1
ascii,1
chronicle,1
googlectf,1
assist,1
stunned,1
reuters,1
extoion,1
susan,1
millennial,1
thomas,1
bureaucracy,1
workplace,1
dominate,1
reemergence,1
iamcpus,1
kruathorn,1
thiantara,1
lift,1
independent,1
visual,1
sideshow,1
adam,1
unplugging,1
achieves,1
consistent,1
substantial,1
dialogue,1
letter,1
earn,1
khuy,1
delhi,1
ispaawards,1
vintek,1
vinton,1
receiv,1
enterprisefirewall,1
smith,1
cybersecuri,1
xanh,1
xbfp,1
wearable,1
dist,1
raya,1
hari,1
decline,1
xadt,1
xbft,1
xafng,1
xbng,1
pore,1
dependable,1
history,1
symbol,1
bound,1
nomoreransom,1
marinabaysands,1
perk,1
tmrw,1
eye,1
production,1
progress,1
intuitive,1
fewer,1
nexus,1
informative,1
consider,1
cybsersecurity,1
xaseaux,1
pare,1
parmi,1
nomm,1
upstate,1
cap,1
roll,1
zeneth,1
fear,1
ass,1
indemnity,1
inflight,1
reader,1
flight,1
biannual,1
juice,1
vici,1
vidi,1
veni,1
fresh,1
funnel,1
gamble,1
status,1
xcchallenger,1
definition,1
submit,1
carousel,1
mechanism,1
stealth,1
thecubeconvo,1
conversaton,1
cube,1
govcloud,1
column,1
spit,1
scientist,1
forr,1
iotdevices,1
element,1
hyperconvergence,1
xchange,1
diablo,1
careless,1
collaborative,1
konni,1
resolution,1
complement,1
defeat,1
toolset,1
manual,1
xcwe,1
ramp,1
ceified,1
xclukitus,1
malspam,1
voluminous,1
ncomes,1
xcbehind,1
crimeware,1
ngfws,1
applicant,1
cyberwar,1
pastebin,1
poison,1
hype,1
sarno,1
aftermath,1
immediate,1
climb,1
compromised,1
exploration,1
scan,1
weekday,1
attempt,1
iaa,1
statistic,1
obesity,1
precaution,1
netfos,1
bestcom,1
lealea,1
master,1
integra,1
strike,1
downtime,1
curriculum,1
interruption,1
weak,1
cipa,1
guild,1
eguardian,1
srilanka,1
assistance,1
unveiled,1
victoria,1
savvy,1
hyperconnectivity,1
austria,1
cheer,1
korea,1
isec,1
revelation,1
coalition,1
impoanc,1
focusing,1
shpirer,1
godfrey,1
kate,1
supplier,1
incorporate,1
navigate,1
habit,1
evasion,1
multistage,1
retrieve,1
extract,1
fire,1
hole,1
hitcon,1
antivirus,1
kenny,1
bluemix,1
agree,1
billingtonsummit,1
lineup,1
iotmanagement,1
swag,1
installed,1
penalty,1
blueborne,1
asso,1
scout,1
auction,1
bulk,1
stripe,1
assailant,1
host,1
horror,1
lunchtime,1
regular,1
humble,1
strate,1
suntec,1
puat,1
teck,1
voilqui,1
christophe,1
xaais,1
xamarrage,1
expliqu,1
tendances,1
fastands,1
risques,1
ronde,1
trickier,1
cloudtap,1
evasive,1
consolidated,1
fallout,1
backwards,1
ykcol,1
extension,1
enteainment,1
harness,1
scottish,1
museum,1
icare,1
hangul,1
aest,1
heel,1
cybe,1
mnsec,1
explain,1
cissp,1
page,1
rank,1
hesitant,1
ipepo,1
mullhearn,1
steve,1
wonder,1
dallas,1
serve,1
digitaleconomy,1
chamber,1
interope,1
stadium,1
fastse,1
witness,1
guarantee,1
rica,1
costa,1
coopenae,1
ainsi,1
itdms,1
blindness,1
hacking,1
debate,1
protocol,1
idcdsgvo,1
grosche,1
tommy,1
include,1
visitor,1
stream,1
library,1
icon,1
shine,1
xahtt,1
central,1
xais,1
blogger,1
munich,1
concept,1
cabletecexpo,1
xcsecurity,1
minimize,1
trophy,1
lowest,1
throughput,1
datasheet,1
hunt,1
font,1
journey,1
flagship,1
rentuscany,1
italy,1
armstrong,1
frostandsullivan,1
insecurity,1
chock,1
wonderfulindonesia,1
tocloudornottocloud,1
fedit,1
johnathan,1
stategic,1
eastern,1
russia,1
throwback,1
wrapped,1
enterpris,1
duhk,1
utilizes,1
unite,1
breather,1
emergi,1
servant,1
premier,1
cybesecurity,1
comply,1
cyberse,1
battl,1
robe,1
troy,1
image,1
stats,1
crowd,1
square,1
shopper,1
influence,1
law,1
automatic,1
driver,1
foivoice,1
damaging,1
horizontal,1
wrong,1
innovate,1
globe,1
metaphor,1
chen,1
spencer,1
continuous,1
iiot,1
androidsecurity,1
mobilesecurity,1
copyright,1
strange,1
konrad,1
mykola,1
pack,1
resellers,1
panersync,1
sleep,1
let,1
reliability,1
japan,1
eternalblue,1
whip,1
wohy,1
film,1
caree,1
recruit,1
suttonslaw,1
transitioned,1
methodology,1
educator,1
nick,1
florida,1
scammer,1
soed,1
gary,1
cetpa,1
payload,1
paradigm,1
node,1
cepta,1
com,1
payda,1
generate,1
crippling,1
viualized,1
kogin,1
sony,1
advancem,1
signific,1
hannah,1
ndon,1
chunk,1
reap,1
polymorphic,1
purchase,1
guideline,1
quades,1
swipe,1
pentest,1
cobaltstrike,1
wednesday,1
compelling,1
rmehot,1
xbest,1
differs,1
hivenetattacks,1
compet,1
outclasses,1
xcmeet,1
log,1
demonstrate,1
walden,1
aidan,1
achieve,1
velocity,1
exposed,1
regardless,1
frequent,1
complexit,1
interconnected,1
prod,1
fabulous,1
ironclad,1
zeroday,1
recursor,1
powerdns,1
explanation,1
defens,1
heal,1
mini,1
xahumans,1
moment,1
orga,1
adva,1
mphasis,1
sophia,1
swarm,1
filipino,1
fona,1
plone,1
csrf,1
incr,1
ucpe,1
dicat,1
bigdata,1
varios,1
riesgos,1
recomendaciones,1
casos,1
panelistas,1
domino,1
intellige,1
speaks,1
bctech,1
muchi,1
sorin,1
ralston,1
bryan,1
indus,1
reality,1
journalist,1
yacht,1
gather,1
semi,1
expand,1
advent,1
capabilit,1
gunbo,1
kadena,1
integr,1
urgent,1
journal,1
kong,1
hong,1
retrieval,1
prompt,1
iots,1
ncomprehensive,1
autono,1
envir,1
polytechnic,1
nanyang,1
imposing,1
establishes,1
cyberinsurance,1
stolen,1
worry,1
wait,1
score,1
century,1
enabled,1
needle,1
landmark,1
stro,1
deadlier,1
iomt,1
frequency,1
logo,1
militarybowl,1
unsecured,1
dumber,1
infancy,1
compa,1
mineral,1
australian,1
learni,1
repeat,1
dominates,1
claimin,1
unfilled,1
cuckoosandbox,1
cuckoo,1
vulner,1
weakness,1
furniture,1
alongs,1
hindrance,1
projected,1
clien,1
guy,1
mile,1
severity,1
multip,1
hea,1
faint,1
hyperconverged,1
assuran,1
frankfu,1
heathrow,1
allocation,1
aggr,1
champ,1
entirety,1
aspect,1
hold,1
effec,1
pose,1
technolo,1
province,1
xcfoinet,1
skyrocket,1
finding,1
summary,1
ireland,1
exeis,1
teacher,1
nfvplugtests,1
causing,1
immeasurable,1
subsequent,1
smacars,1
educato,1
interac,1
multiplier,1
possib,1
recovery,1
counterbreach,1
deliberate,1
inevitable,1
awsmigration,1
implem,1
homogenous,1
random,1
xfthey,1
honeypot,1
lock,1
enjoy,1
noticeable,1
eliminate,1
standalone,1
incl,1
december,1
write,1
okiru,1
realistic,1
command,1
publicprivatecollab,1
glad,1
canadian,1
playground,1
bright,1
shadowit,1
feder,1
onli,1
burnett,1
fastest,1
ce,1
foinetsko,1
foinetemeasko,1
lisbon,1
challengi,1
inconvenience,1
prince,1
transformatio,1
direction,1
west,1
healthcaredata,1
tackle,1
caech,1
automobile,1
insane,1
minimal,1
timely,1
barcelona,1
mention,1
customerschoice,1
customerloyalty,1
mining,1
oppoun,1
cryptocurre,1
xaticos,1
inform,1
todos,1
datos,1
perfeccionar,1
acuerdo,1
variety,1
federalagencies,1
perso,1
york,1
commitment,1
phish,1
confirmation,1
package,1
population,1
fund,1
period,1
examine,1
undergo,1
automa,1
entity,1
iotexploit,1
xaxico,1
inversiones,1
sobre,1
estudio,1
presenta,1
brute,1
telnet,1
incre,1
superior,1
edcation,1
motion,1
breakfast,1
telecommunication,1
back,1
chairman,1
kicking,1
digi,1
accele,1
keenan,1
alaskaair,1
talbe,1
measuring,1
okay,1
showfloor,1
adaptiv,1
lever,1
digitalchange,1
maddiso,1
straight,1
presentati,1
strength,1
chelsea,1
publiccloud,1
enterp,1
duck,1
notworks,1
typical,1
recorder,1
packet,1
nvoy,1
myricom,1
cspi,1
orchestrat,1
capabilitie,1
foi,1
cyglass,1
socs,1
noc,1
opetiti,1
clark,1
minnesota,1
usher,1
dragon,1
rvasec,1
borderless,1
bullish,1
urge,1
voicemail,1
travel,1
gail,1
circle,1
xbeautiful,1
handle,1
marke,1
defender,1
turnout,1
channelpaners,1
winsor,1
countless,1
mitig,1
healthcaretechnology,1
foihero,1
updated,1
originate,1
incursion,1
proudpa,1
xcalliances,1
