gemalto,362
mobile,307
security,294
payment,261
solution,140
digital,135
secure,130
card,127
world,121
contactless,113
data,111
technology,108
service,107
bank,106
thanks,95
today,91
great,90
authentication,88
latest,85
year,85
future,84
thing,72
next,71
tech,70
innovation,69
customer,68
week,68
experience,68
business,67
wearable,66
join,66
sma,64
identity,63
device,61
stand,61
banking,60
consumer,60
time,58
post,56
challenge,56
connectivity,55
demo,53
nread,52
blog,52
fraud,51
award,51
board,50
internet,50
team,50
biometrics,49
show,49
visit,48
need,47
iotmaker,46
good,44
interview,44
help,44
user,44
car,44
news,44
transpo,43
work,43
trust,42
look,42
launch,42
africa,41
video,41
online,41
live,41
market,40
cloud,40
ready,39
check,39
way,38
industry,38
idea,37
company,37
tomorrow,37
cybersecurity,37
meet,37
network,37
best,37
phone,36
read,36
want,36
breach,35
prediction,35
life,34
find,34
encryption,34
watch,34
sure,33
city,32
biometric,32
management,31
software,31
guide,30
repo,30
system,30
last,30
discus,30
fintech,30
infographic,29
money,29
driver,29
financial,29
event,29
discover,29
operator,29
people,29
welcome,29
congratulation,29
hall,29
esim,29
infosec,28
learn,28
verification,28
access,27
suppo,26
concept,26
philippe,26
connect,26
talk,26
step,26
come,26
safenet,25
public,25
many,25
deployment,24
vall,24
full,24
happy,23
transaction,23
webinar,23
conference,23
dubai,23
trend,23
demand,23
glad,23
travel,22
nice,22
protection,22
global,22
middleeast,22
twitter,21
wristband,21
research,21
strong,21
license,21
panel,21
platform,21
product,21
protect,21
london,21
element,20
strategy,20
free,20
pa,20
issue,20
sponsor,20
benefit,20
document,20
present,20
share,19
china,19
paner,19
aicle,19
connectedcars,19
country,19
leader,19
office,19
cyber,19
password,19
mobilepayments,18
ecommerce,18
smaphone,18
hackathon,18
survey,18
fact,18
first,18
woman,18
detail,17
info,17
epasspo,17
privacy,17
offer,17
enterprise,17
second,17
driverless,17
proud,17
open,17
national,17
please,17
gemaltome,17
booth,17
magazine,17
enter,16
generation,16
miss,16
view,16
feature,16
change,16
border,16
monetization,16
day,16
provider,16
store,16
month,16
multi,16
transformation,16
paners,16
chip,15
marketing,15
debate,15
link,15
smacities,15
summit,15
mobility,15
level,15
question,15
state,15
control,15
european,15
power,15
paris,15
thank,15
home,15
right,15
standard,15
stage,15
chance,15
code,15
role,15
samsung,14
review,14
cash,14
growth,14
make,14
easy,14
insight,14
hope,14
smacity,14
morning,14
site,14
register,14
reason,14
touch,14
game,14
place,14
winner,14
expe,14
seamless,14
rsac,13
cinterion,13
apple,13
tweet,13
hear,13
reality,13
revolution,13
energy,13
sta,13
branch,13
adoption,13
living,13
real,13
europe,13
lesson,13
african,13
project,13
oppounities,13
lounge,13
discussion,13
gdpr,13
key,13
mnos,13
force,13
contact,13
module,13
barcelona,13
edition,13
fiction,12
gemaltogitex,12
mwcs,12
ipexpo,12
mpayment,12
competition,12
wallet,12
ha,12
sorry,12
estonia,12
egovernment,12
potential,12
environment,12
india,12
design,12
answer,12
iphone,12
photo,12
convenience,12
mean,12
infrastructure,12
visa,12
tokenization,12
credit,12
available,12
forum,12
building,12
enable,12
point,12
revenue,12
telecom,12
piou,11
smaer,11
jason,11
channel,11
story,11
decade,11
economy,11
retailer,11
evolution,11
play,11
blockchain,11
index,11
huge,11
gitex,11
gemaltoafrica,11
safer,11
vehicle,11
initiative,11
government,11
everyone,11
topic,11
speak,11
impoant,11
fingerprint,11
speed,11
sector,11
everything,11
meeting,11
release,11
center,11
factor,11
create,11
expes,11
exclusive,10
highlight,10
olivier,10
download,10
much,10
crucial,10
connectedcar,10
program,10
rise,10
threat,10
holiday,10
busy,10
quick,10
egov,10
cool,10
voice,10
traffic,10
announce,10
le,10
stop,10
viual,10
action,10
embrace,10
employee,10
orangerdv,9
euro,9
list,9
development,9
securethebreach,9
iotworld,9
successful,9
success,9
build,9
health,9
singapore,9
sxsw,9
gsma,9
love,9
passenger,9
austin,9
automotive,9
microsoft,9
subscription,9
easier,9
account,9
cost,9
ecosystem,9
industrial,9
brazil,9
impact,9
smaphones,9
study,9
case,9
increase,9
high,9
airpo,9
email,9
congress,9
attack,9
regulation,9
drone,9
series,8
bttf,8
food,8
friend,8
advisory,8
james,8
tip,8
road,8
quality,8
guest,8
player,8
excellent,8
tried,8
japan,8
fast,8
session,8
area,8
june,8
number,8
webcast,8
lot,8
congrats,8
face,8
wifi,8
reach,8
java,8
internetofthings,8
piece,8
developer,8
record,8
think,8
effective,8
convenient,8
director,8
speech,8
speaker,8
panership,8
social,8
ganer,8
community,8
berg,8
howard,8
finalist,8
organization,8
safe,8
international,8
awareness,8
calendar,8
stay,8
advanced,8
south,8
result,8
assurance,8
deliver,8
simple,8
gemaltomae,7
backtothefuture,7
asia,7
follow,7
dynamic,7
young,7
model,7
overview,7
mobilewallet,7
ticket,7
concern,7
client,7
commerce,7
group,7
celebrate,7
minute,7
personal,7
largest,7
example,7
terminal,7
myth,7
presentation,7
guy,7
move,7
middle,7
underground,7
east,7
corporate,7
essential,7
keynote,7
cover,7
forecast,7
hacker,7
excellence,7
selects,7
transform,7
electronic,7
sign,7
society,7
half,7
journey,7
campaign,7
gain,7
oman,7
citizen,7
maryland,7
sensor,7
impoance,7
interest,7
institution,7
acquisition,7
predicts,7
able,7
healthcare,7
brand,7
applepay,7
final,7
trip,7
brings,7
jean,7
trusted,7
professional,7
lead,7
main,7
focus,7
information,7
madrid,7
hard,7
joint,7
communication,7
colleague,7
auth,7
approach,7
wireless,7
application,7
film,6
wearabletech,6
caes,6
quiz,6
purchase,6
chat,6
hardware,6
british,6
telematics,6
cashless,6
outlook,6
local,6
innovative,6
conf,6
vodafone,6
popular,6
ale,6
inspiration,6
rate,6
april,6
page,6
catch,6
collaboration,6
executive,6
compliant,6
deploy,6
bond,6
machine,6
moneyeurope,6
option,6
moneyeu,6
bring,6
call,6
recent,6
remote,6
enterprisesecurity,6
facebook,6
difference,6
advice,6
target,6
vote,6
child,6
nairobi,6
green,6
long,6
different,6
engagement,6
prevent,6
door,6
polycarbonate,6
expectation,6
give,6
president,6
small,6
robot,6
epasspos,6
loyalty,6
announces,6
value,6
mind,6
human,6
google,6
true,6
passpos,6
press,6
worry,6
christmas,6
avoid,6
reveals,6
major,6
connection,6
care,6
fintechs,6
excited,6
expo,6
ttglobal,6
accessible,6
know,6
finance,6
connected,6
update,6
biggest,6
tablet,6
website,6
reader,6
passpo,6
predict,6
chooses,6
message,6
alicante,6
wait,6
drive,6
region,6
medical,6
mhealth,6
operation,6
issuer,6
risk,6
america,6
javaone,5
wteu,5
sale,5
panersummit,5
become,5
speedy,5
laetitia,5
mention,5
kid,5
toy,5
mynfcday,5
awesome,5
request,5
tool,5
smacars,5
takeaway,5
doctor,5
order,5
fan,5
crypto,5
sweden,5
ball,5
medium,5
shopping,5
stas,5
migration,5
room,5
sound,5
signature,5
thursday,5
ezio,5
hour,5
education,5
greener,5
student,5
edge,5
enhance,5
theme,5
useful,5
azure,5
fake,5
pay,5
finland,5
mobilepayment,5
star,5
nordic,5
arduino,5
head,5
animation,5
annual,5
luck,5
france,5
fantastic,5
better,5
address,5
stats,5
form,5
send,5
worst,5
nation,5
likely,5
workshop,5
theft,5
tackle,5
test,5
exchange,5
pleased,5
staups,5
solar,5
saudi,5
flytogate,5
nigeria,5
measure,5
anyone,5
websummit,5
seamlessdxb,5
alliance,5
retail,5
possible,5
average,5
shape,5
combat,5
audience,5
iiot,5
version,5
recognition,5
faster,5
ease,5
priority,5
comms,5
manage,5
pas,5
curious,5
vision,5
paper,5
greater,5
implement,5
label,5
forget,5
private,5
nadia,4
europeaninnovation,4
mcommerce,4
dark,4
shanghai,4
messaging,4
favorite,4
analyst,4
transfer,4
elets,4
accurate,4
notification,4
copy,4
inova,4
monitor,4
bridge,4
interesting,4
mexico,4
visitor,4
worker,4
emergency,4
saas,4
carrier,4
mobileid,4
modern,4
eurovision,4
introduces,4
presence,4
base,4
mobileconnect,4
spain,4
hold,4
hype,4
mpayments,4
manager,4
hand,4
pioneer,4
grid,4
apps,4
sensorlogic,4
friday,4
automation,4
sholist,4
process,4
kong,4
iscemea,4
brilliant,4
alibaba,4
training,4
comic,4
alandindex,4
coverage,4
speaks,4
ceremony,4
round,4
keep,4
telco,4
crowdchat,4
pick,4
vendor,4
australian,4
principle,4
file,4
verizon,4
object,4
universal,4
problem,4
mbanking,4
oppounity,4
seminar,4
digitaltransformation,4
explains,4
mark,4
gate,4
workplace,4
australia,4
range,4
french,4
interested,4
word,4
switch,4
anything,4
prevention,4
manchester,4
water,4
subscriber,4
invest,4
finger,4
cross,4
vital,4
millennials,4
bigdata,4
intelligent,4
gadget,4
general,4
kenya,4
everyday,4
street,4
station,4
virginie,4
forumcb,4
digitalsecurity,4
kenyan,4
usage,4
utility,4
break,4
lock,4
simpler,4
compliance,4
balance,4
diverse,4
suite,4
africacom,4
smawatches,4
maker,4
american,4
university,4
programme,4
name,4
member,4
commission,4
airpos,4
self,4
technique,4
knowyourcustomernow,4
production,4
making,4
nwatch,4
moment,4
recap,4
behavioral,4
method,4
towards,4
spos,4
pierre,4
january,4
accelerate,4
activation,4
transpoation,4
cellular,4
physical,4
mainstream,4
monetize,4
february,4
iotsecurity,4
plan,4
yesterday,4
preview,4
staed,4
close,4
official,4
coffee,4
whitepaper,4
profit,4
practice,4
discussing,4
ganeriam,4
advantage,4
complete,4
vinsot,3
stephane,3
gtoindustryanalystday,3
screen,3
approval,3
surakhi,3
hisham,3
teach,3
colorful,3
gemaltociv,3
retrospective,3
exec,3
expands,3
bushfire,3
pack,3
minister,3
saracen,3
text,3
assessment,3
indonesia,3
hoverboard,3
woh,3
depament,3
bill,3
tapit,3
interactive,3
stream,3
dress,3
samsungpay,3
delivery,3
storage,3
actor,3
trace,3
microsite,3
double,3
quebec,3
peek,3
chipawayatfraud,3
current,3
football,3
special,3
hazardous,3
superbowl,3
gear,3
enjoy,3
viualreality,3
enigma,3
blogger,3
lovelace,3
bos,3
wuhan,3
iotx,3
ride,3
contract,3
volta,3
lunch,3
population,3
section,3
direct,3
netsize,3
seat,3
celebrates,3
bihday,3
billing,3
mqtt,3
databreach,3
smagrid,3
cheesewright,3
uruguay,3
kddi,3
election,3
camera,3
kube,3
orange,3
july,3
unveils,3
venture,3
implication,3
pokemongo,3
summer,3
credential,3
philippine,3
mobeyday,3
champion,3
ethernet,3
computer,3
integrated,3
moscow,3
connectedstadiumsummit,3
associate,3
habit,3
falaki,3
hamid,3
milan,3
kiosk,3
medicare,3
date,3
charity,3
mobilemarketing,3
flexible,3
complex,3
slide,3
category,3
black,3
stuff,3
eidas,3
authority,3
nomination,3
amsterdam,3
asap,3
issuance,3
wednesday,3
spot,3
database,3
xami,3
influencers,3
choice,3
pleasure,3
monday,3
japanese,3
segment,3
past,3
confirm,3
eahday,3
theatre,3
reception,3
galaxy,3
womenintech,3
position,3
tournament,3
paul,3
gworld,3
spending,3
multiple,3
tour,3
baltic,3
integration,3
single,3
enough,3
interpolworld,3
school,3
upcoming,3
personalization,3
strategic,3
match,3
kuwait,3
beef,3
perimeter,3
competitive,3
david,3
sept,3
mobilebanking,3
cybercrime,3
immigration,3
poland,3
enables,3
canada,3
statistic,3
uganda,3
common,3
shop,3
police,3
officer,3
chief,3
roll,3
boost,3
heat,3
shout,3
beginner,3
enrollment,3
progress,3
comm,3
tricky,3
nlearn,3
let,3
xcthe,3
confidence,3
lack,3
reaction,3
esta,3
amount,3
jordan,3
identification,3
jack,3
cryptography,3
night,3
resource,3
trustech,3
senior,3
grand,3
contribution,3
inventor,3
race,3
season,3
cable,3
supplier,3
intel,3
imagine,3
house,3
technical,3
kick,3
queue,3
shift,3
explain,3
pilot,3
friendly,3
serious,3
provide,3
efficient,3
ceification,3
xavier,3
shine,3
eric,3
trial,3
field,3
worldwide,3
floor,3
staing,3
capability,3
matter,3
assistant,3
stockholm,3
line,3
worldesim,3
cyprus,3
ebook,3
sticker,3
hello,3
ambitious,3
serge,3
seamlesspayments,3
core,3
hea,3
collection,3
white,3
iotwtiwc,3
swiss,3
drop,3
cape,3
march,3
vasnier,3
aspect,3
understand,3
buying,3
abat,3
florent,3
positive,3
debit,3
processor,3
scheme,3
standd,2
ciso,2
carplay,2
panic,2
malware,2
zeus,2
cryptolocker,2
return,2
forward,2
hackaton,2
shot,2
collegefootball,2
connectedfam,2
channelnewsasia,2
basic,2
token,2
evisa,2
arrive,2
metaflight,2
torrance,2
simon,2
penetration,2
marketer,2
gold,2
depicts,2
gitextv,2
obama,2
webc,2
cambriel,2
gonzales,2
smedley,2
peggy,2
iofthings,2
heavy,2
bordermanagement,2
chunghwa,2
octopus,2
taiwan,2
november,2
twitterverse,2
harder,2
exciting,2
abidjan,2
ivoire,2
cote,2
plant,2
weakest,2
ignacio,2
judge,2
fire,2
folk,2
jimmyang,2
paymentssummit,2
manpower,2
period,2
blueprint,2
learnt,2
etisalat,2
begin,2
passionate,2
berge,2
vincent,2
theater,2
prototype,2
spare,2
xada,2
hashtag,2
shifra,2
athens,2
registry,2
turn,2
mngt,2
youth,2
retention,2
effectiveness,2
philip,2
lekiosk,2
seng,2
repos,2
innovate,2
wiege,2
cory,2
detection,2
planet,2
becomes,2
womm,2
magic,2
extra,2
denmark,2
pulseras,2
package,2
javame,2
tudetroit,2
detroit,2
happens,2
boat,2
brazilian,2
cold,2
century,2
outbreak,2
railway,2
edgeconf,2
relevant,2
motor,2
profile,2
asset,2
wtus,2
limmex,2
resonate,2
ilovemyjob,2
myanmar,2
movement,2
trash,2
keyboard,2
weak,2
sense,2
jeephack,2
spend,2
relation,2
landscape,2
latin,2
russia,2
rental,2
vinli,2
michael,2
roadmap,2
fashion,2
something,2
lteasia,2
mentor,2
protectv,2
california,2
berlin,2
parrot,2
awsreinvent,2
occasion,2
creditcard,2
correct,2
scale,2
block,2
iotplanet,2
countryside,2
infosecurity,2
track,2
cardholder,2
infra,2
combine,2
thrilled,2
shipment,2
couesy,2
wish,2
advent,2
wizway,2
container,2
architecture,2
flourish,2
cloudservices,2
como,2
republic,2
dominican,2
fridge,2
jedi,2
agree,2
everybody,2
agenda,2
deploys,2
bowl,2
little,2
illustration,2
geeky,2
embeddedsim,2
survival,2
monitoring,2
dashboard,2
electronics,2
plane,2
robe,2
quiet,2
survive,2
busier,2
muhrer,2
norbe,2
prosa,2
shopper,2
pace,2
gemaltopko,2
panerships,2
emea,2
volume,2
chantal,2
apac,2
german,2
happybihdaytwitter,2
selfie,2
pillar,2
foundation,2
eastern,2
bus,2
metro,2
commuter,2
classification,2
phase,2
early,2
rest,2
movie,2
deturche,2
claude,2
guideline,2
valley,2
linkedin,2
anssi,2
globe,2
impressive,2
frenchtech,2
currency,2
queen,2
disaster,2
sydney,2
reduces,2
staup,2
ultimate,2
audio,2
staffa,2
robeo,2
sims,2
expansion,2
contest,2
lifi,2
silver,2
smahome,2
cake,2
pass,2
calypso,2
futurist,2
girard,2
sick,2
innovating,2
engineer,2
employ,2
trustwohy,2
richards,2
host,2
duke,2
wimbledon,2
popcorn,2
fair,2
soccer,2
marseille,2
verifone,2
stormshield,2
compete,2
traditional,2
suppoed,2
adopts,2
trek,2
atulsingh,2
learning,2
netherlands,2
layer,2
smawatch,2
italy,2
transit,2
prepaid,2
danger,2
amongst,2
october,2
yahoo,2
programmer,2
disruption,2
datasecurity,2
nordfjell,2
hakan,2
innova,2
asian,2
jania,2
gateway,2
spoke,2
italian,2
lasvegas,2
accreditation,2
reactivation,2
endusers,2
receive,2
nhope,2
thailand,2
bordermangement,2
egate,2
attend,2
finserv,2
anniversary,2
battle,2
weisshaupt,2
thomas,2
scawards,2
vega,2
digitization,2
extends,2
battery,2
crazy,2
hong,2
title,2
sailboat,2
reference,2
agreement,2
unique,2
tell,2
content,2
purpose,2
driving,2
prize,2
hacking,2
busiest,2
sensitive,2
price,2
writes,2
indoor,2
strengthens,2
stephen,2
steam,2
lifetime,2
responsible,2
others,2
investigator,2
type,2
hospitality,2
dream,2
prague,2
esimsummit,2
interoperability,2
dataprotection,2
daily,2
workforce,2
builder,2
antenna,2
fatigue,2
fouchier,2
gonzalez,2
dhabi,2
traveler,2
handset,2
boarding,2
multifactor,2
swipe,2
productivity,2
association,2
nationwide,2
instant,2
forgery,2
difficult,2
rollout,2
rapid,2
stronger,2
resellers,2
trade,2
complement,2
emovis,2
girl,2
behavior,2
radar,2
airline,2
turnout,2
starwarsday,2
fido,2
adapt,2
momentum,2
comeback,2
iotw,2
reinvent,2
sprint,2
picture,2
win,2
raise,2
technological,2
bankingtech,2
mineur,2
mikael,2
readyforgdpr,2
sustainable,2
holistic,2
worldenvironmentday,2
rural,2
safeguard,2
proof,2
handle,2
bradley,2
exist,2
chain,2
counterfeit,2
securing,2
balticseaproject,2
enabled,2
agency,2
justice,2
afternoon,2
trojani,2
frederic,2
ndetails,2
bike,2
select,2
estonian,2
bronze,2
posb,2
horizon,2
manufacturer,2
spanish,2
ebanking,2
influencer,2
criminal,2
cornerstone,2
lagos,2
ceified,2
authenticate,2
memory,2
newpass,2
dormant,2
phenomenon,2
experiment,2
leverage,2
cameroon,2
boom,2
brexit,2
lardin,2
park,2
maktoum,2
swap,2
hotel,2
radison,2
limit,2
rich,2
lebanon,2
independence,2
maintain,2
prix,2
banknote,2
simplicity,2
propose,2
jacques,2
vergne,2
duperat,2
flight,2
algeria,2
oracle,2
effos,2
turningthingson,2
urgent,2
unlock,2
applewatch,2
leisure,2
arabic,2
mgmt,2
enrol,2
patient,2
elderly,2
activity,2
family,2
fight,2
total,2
consideration,2
changer,2
inspire,2
securer,2
supplement,2
kingdom,2
cryptocurrency,2
lisbon,2
latency,2
ericsson,2
zameer,2
large,2
layered,2
frontier,2
connects,2
vice,2
leadership,2
plug,2
overcome,2
specific,2
majority,2
meetup,2
score,2
happiness,2
greatest,2
festive,2
united,2
digitalidentity,2
facial,2
acceleration,2
ftclive,2
comfoable,2
secu,2
turkey,2
lose,2
pressconference,2
giant,2
witness,2
regulatory,2
gift,2
collaborate,2
union,2
festival,2
get,2
attacker,2
lpwa,2
handy,2
promise,2
side,2
resident,2
intelligence,2
safest,2
attitude,2
institute,2
ponemon,2
classic,2
prepare,2
scene,2
brussels,2
platinum,2
belloir,2
remy,2
course,2
fastest,2
cryptographic,2
pure,2
central,2
ghana,2
vallee,2
speaking,2
effect,2
patrol,2
diamond,2
hassle,2
jouffrey,2
benoit,2
laptop,2
capable,2
consumerization,2
whole,2
window,2
minitag,2
glimpse,2
saudiarabia,2
wrong,2
intrusive,2
csi,2
barbe,2
thought,2
swift,2
colibri,2
town,2
robust,2
xacm,2
seamlessafrica,2
faheem,2
ammar,2
ismail,2
moath,2
domestic,2
specification,2
korea,2
pressure,2
cloudsecurity,1
crew,1
visited,1
sister,1
signage,1
equipment,1
abbott,1
distr,1
mhealtheu,1
ictexpo,1
ttry,1
salminen,1
helvi,1
sema,1
transforming,1
xaopaulo,1
internationaljobfair,1
counter,1
laser,1
cent,1
nintendo,1
smaercities,1
hanna,1
hsin,1
spoken,1
pearson,1
futurologist,1
thoughtful,1
weather,1
esigner,1
medication,1
dispenser,1
pill,1
notice,1
antivirus,1
xcidentityvigil,1
happiest,1
wallon,1
guitar,1
active,1
windshield,1
eborder,1
relate,1
hurdle,1
genesis,1
walk,1
galindo,1
person,1
compatibility,1
dell,1
helion,1
paicipating,1
gender,1
committee,1
politic,1
gerald,1
zara,1
tier,1
mobileasiaexpo,1
multitude,1
librairies,1
chinese,1
machinetomachine,1
deep,1
interes,1
possibility,1
patel,1
precision,1
tyler,1
venue,1
sketching,1
luxury,1
necessity,1
cio,1
size,1
stat,1
reliable,1
introducing,1
pitch,1
souza,1
fancis,1
itshelsinki,1
representative,1
eico,1
helsinki,1
vasafrica,1
animated,1
admin,1
attended,1
armholdings,1
cfawards,1
mktg,1
reinvigorate,1
omni,1
reaser,1
batman,1
rubon,1
francois,1
fill,1
hologram,1
music,1
legendary,1
phonesec,1
quest,1
deactivation,1
morpho,1
datacard,1
alpha,1
intrapreneurship,1
camp,1
maxos,1
paicular,1
imessage,1
whatsapp,1
overload,1
bundle,1
puzzle,1
giveaway,1
veical,1
waterconservation,1
conceptboard,1
svcs,1
deshmukh,1
amol,1
loss,1
cure,1
peak,1
cycle,1
britain,1
faith,1
xcsma,1
agent,1
entrepreneur,1
statue,1
tag,1
rank,1
permission,1
status,1
function,1
xconnected,1
lifting,1
super,1
onlinetransactions,1
radio,1
makati,1
roxas,1
paseo,1
tower,1
philamlife,1
enablers,1
trophy,1
rule,1
guarantee,1
sdis,1
andreas,1
millenials,1
heas,1
converge,1
ericssonday,1
maximize,1
malm,1
wtsession,1
techknow,1
scandina,1
bloomberg,1
mongolia,1
diploma,1
observation,1
coplin,1
mixture,1
heady,1
closing,1
soir,1
serum,1
sans,1
bancaire,1
cae,1
avec,1
payer,1
victim,1
execprotect,1
protiva,1
someone,1
argue,1
recycle,1
bin,1
chatty,1
neglect,1
houseplant,1
metcalfe,1
sugar,1
cream,1
waist,1
paicipates,1
breastcancerawareness,1
refill,1
comfo,1
smakeys,1
bikers,1
blood,1
heabeat,1
repair,1
peril,1
surfer,1
shoulder,1
shoe,1
shockpace,1
distance,1
caixabank,1
reflection,1
depaments,1
ipad,1
adopt,1
inspection,1
construstruction,1
dubaipolice,1
hospital,1
ambulance,1
reponder,1
lotus,1
mathematician,1
parking,1
violator,1
raqeeb,1
empire,1
galactic,1
trick,1
ridiculous,1
sublime,1
poll,1
dy,1
transp,1
shakinprov,1
boate,1
classroom,1
wave,1
codeeu,1
smatravel,1
bench,1
ruler,1
rachid,1
sheikh,1
tourist,1
decision,1
digitalmarketing,1
adveainment,1
relevance,1
context,1
arabia,1
pervasive,1
preparation,1
lascon,1
streamline,1
smagovernments,1
electric,1
egoverment,1
contribute,1
cou,1
innovator,1
breakdown,1
pyramid,1
invention,1
gazers,1
accident,1
compromise,1
meeker,1
mary,1
mandate,1
buysecure,1
defense,1
whatisiot,1
motto,1
securitytobefree,1
naomi,1
survivor,1
sens,1
godfrey,1
superhero,1
invoice,1
swear,1
halloween,1
scary,1
openingsummit,1
broke,1
criterion,1
deadline,1
complementary,1
stupid,1
xcinternet,1
component,1
indonesian,1
summon,1
jimmy,1
upgrade,1
xctechnology,1
atmel,1
cnbc,1
opie,1
newspaper,1
marquis,1
asks,1
epayment,1
appeal,1
depot,1
blame,1
smamessage,1
explosion,1
mesnard,1
beirut,1
dgtlu,1
szalai,1
zoltan,1
nfor,1
format,1
alternative,1
hansmann,1
moynagh,1
secures,1
da,1
oracledigital,1
telenet,1
kitt,1
rider,1
knight,1
zealand,1
jury,1
schneider,1
chairman,1
nguyen,1
thang,1
iotmakers,1
submit,1
norway,1
veroci,1
gabor,1
bangkok,1
tiny,1
left,1
merry,1
silicon,1
entry,1
unsubscribe,1
londeners,1
communicate,1
justify,1
patuano,1
marco,1
till,1
authenticity,1
blink,1
mozilla,1
exhibitor,1
forge,1
tschlaeppi,1
lusinedigitale,1
unwraps,1
older,1
quadrant,1
magicquadrant,1
ecoupons,1
digiworldsummit,1
shoreline,1
consider,1
hub,1
twmp,1
extinguisher,1
austenaa,1
marie,1
mmasia,1
optelio,1
hotelivoire,1
opening,1
brunokone,1
xbtedivoire,1
epot,1
iotcocktail,1
frdm,1
claudel,1
baby,1
closer,1
xivoire,1
xbte,1
regional,1
bbva,1
mpesa,1
banker,1
careful,1
click,1
worse,1
fluxvision,1
retweet,1
econo,1
flammable,1
bloodstream,1
committed,1
orangerd,1
ethic,1
default,1
barrier,1
scaleability,1
funding,1
digitaleconomy,1
simplify,1
liability,1
syde,1
comment,1
luminary,1
abedie,1
outline,1
cloudstorage,1
aim,1
army,1
nindian,1
alumnus,1
aussie,1
workpass,1
sylvainlhostis,1
mainez,1
pedro,1
investment,1
dead,1
gonen,1
tsion,1
govt,1
deal,1
xbcb,1
asean,1
pierrelelievre,1
yard,1
whatthehack,1
rock,1
tokyo,1
xcpoint,1
outlet,1
instance,1
transition,1
happygeek,1
automatiom,1
pougal,1
legend,1
comedy,1
mwltv,1
trustonic,1
lego,1
delorean,1
wardour,1
crack,1
facility,1
xcore,1
ernst,1
investigation,1
recommend,1
gatesnotes,1
betting,1
gatesfoundation,1
compare,1
intro,1
demonstration,1
affair,1
linqus,1
delivers,1
realits,1
promo,1
factory,1
accelerator,1
producer,1
writer,1
comedian,1
poster,1
guess,1
halfway,1
invite,1
quickfire,1
rode,1
ouillet,1
xaois,1
fran,1
agility,1
superbowi,1
telepresence,1
softlayer,1
enhancement,1
intergalactic,1
mar,1
extraction,1
mineral,1
issuing,1
transpoe,1
sistema,1
ayudar,1
tecnolog,1
end,1
paicularly,1
couple,1
finish,1
drawn,1
midnight,1
complexity,1
distributor,1
flag,1
macau,1
jetco,1
thurs,1
connectedbbq,1
vseccms,1
xintensity,1
woolley,1
robin,1
mmnow,1
cybers,1
privilegedaccounts,1
stable,1
shuttle,1
grazie,1
unified,1
caught,1
loose,1
softmints,1
comprehensive,1
beijing,1
brazillian,1
aditimukherjee,1
midst,1
ceiling,1
stick,1
doc,1
etravel,1
protocol,1
sourced,1
coop,1
masterpiece,1
gims,1
branchless,1
evernote,1
inconvenience,1
generationm,1
xafor,1
loyal,1
xbisa,1
widespread,1
sensibility,1
kickstaer,1
iotday,1
fool,1
inflection,1
deloitte,1
donate,1
claim,1
founderati,1
dinner,1
drink,1
dsci,1
perception,1
ingram,1
fook,1
corporation,1
bsquare,1
costa,1
pic,1
viewfromq,1
skiptheline,1
publishing,1
juggle,1
cracker,1
periscope,1
frontrunner,1
interpol,1
playlist,1
paymenteye,1
hotting,1
twickenham,1
guinness,1
aurelius,1
infographics,1
fagilitysg,1
dominant,1
ironman,1
financialinclusion,1
sunday,1
brandslife,1
allianz,1
tank,1
urban,1
grab,1
json,1
bancnet,1
club,1
afterwards,1
light,1
unleashed,1
tmrwconf,1
petrol,1
russian,1
messi,1
nuevas,1
torres,1
presentamos,1
desktop,1
household,1
owner,1
sgparis,1
funky,1
facebookforsim,1
automobile,1
smacard,1
vienna,1
disclosure,1
multmedia,1
liked,1
subscriptioneconomy,1
auto,1
folder,1
spam,1
maria,1
nucleo,1
evaluation,1
florida,1
celebration,1
multimedia,1
bloc,1
soviet,1
mmaf,1
surreal,1
oculus,1
forest,1
zhangjiajie,1
canyon,1
foot,1
spacecraft,1
graphene,1
kitchen,1
parisweb,1
paho,1
sample,1
smacards,1
digitalbank,1
backup,1
elasitas,1
backapp,1
agnostic,1
cloudwf,1
petabyte,1
fifty,1
disease,1
dprinting,1
steel,1
print,1
spacewalks,1
fitbit,1
corporatewellness,1
rsvp,1
seapos,1
trendale,1
barclays,1
quantumlevitation,1
lexus,1
knife,1
chef,1
smabbq,1
smabikini,1
encryptors,1
gbps,1
equivalent,1
encryptor,1
multilink,1
webstore,1
independent,1
pivotal,1
apsms,1
oldest,1
tube,1
tallinn,1
xachina,1
tailor,1
extinction,1
ming,1
cyberattack,1
pacific,1
inhibitor,1
represent,1
believe,1
standardization,1
exhibition,1
chinatelecom,1
connecting,1
ndemo,1
incomm,1
beer,1
smalocks,1
automate,1
allan,1
receivesms,1
farmer,1
commute,1
android,1
heableed,1
stagefright,1
bandwagon,1
connectedhome,1
netsizeguide,1
logins,1
feed,1
cctv,1
locationbasedservices,1
dust,1
savethebees,1
mitenot,1
mobilemoney,1
extension,1
chrome,1
signal,1
cell,1
mobileupdate,1
adjust,1
dumb,1
style,1
collides,1
foodsecurity,1
reaons,1
nanotechnology,1
tual,1
cat,1
bee,1
higher,1
accenture,1
xspotlight,1
fuel,1
pizza,1
kind,1
pmnt,1
emvco,1
bullseye,1
feat,1
performance,1
superheroes,1
relationship,1
purrrfect,1
grade,1
ehealth,1
unlocking,1
androidpay,1
msft,1
marketplace,1
rugbyworldcup,1
tworek,1
baimos,1
spangenberg,1
yangfeng,1
rightware,1
sygic,1
harman,1
nuance,1
continental,1
roundup,1
automaker,1
senator,1
cnbcasia,1
textile,1
wardrobe,1
mood,1
shis,1
bound,1
aicles,1
databreaches,1
thedevconf,1
cyberaware,1
arabian,1
hack,1
develop,1
grow,1
peter,1
promoter,1
ncome,1
pig,1
third,1
coach,1
delhi,1
oktoberfest,1
itsa,1
azureapps,1
llus,1
cupeino,1
significant,1
samsunggears,1
baseline,1
oxymoron,1
strength,1
iotworldeurope,1
table,1
com,1
gi,1
wifioffload,1
science,1
cardsmabosphorus,1
cohen,1
ronnie,1
goodbye,1
mitigate,1
beautiful,1
english,1
ceo,1
cnprepo,1
techveical,1
chaffard,1
nike,1
newtech,1
prosperity,1
agricultural,1
openwebplatform,1
admits,1
kettle,1
pentaho,1
nook,1
berners,1
jaffe,1
jeff,1
neutrality,1
digest,1
weekly,1
steward,1
enterprisemobility,1
author,1
ferris,1
joshua,1
frustration,1
spectre,1
toystory,1
nordicitsec,1
grenoble,1
jakaa,1
nishi,1
caesspeaker,1
xaas,1
girolamo,1
xadi,1
pascal,1
sheep,1
javacard,1
jambox,1
mini,1
swbay,1
sanjose,1
infosecuritynl,1
breathe,1
pollutionwatch,1
knew,1
sneak,1
rigid,1
feel,1
axiata,1
robi,1
bangladeshi,1
mixer,1
farming,1
badger,1
farm,1
podcast,1
xcit,1
deploying,1
ass,1
thankseinstein,1
relativity,1
theory,1
wastemanagement,1
wastewarriors,1
awscloud,1
techsavvy,1
xaeven,1
smafarms,1
smafarmer,1
dictionary,1
voter,1
modernize,1
guinea,1
stadium,1
wembley,1
surys,1
mexican,1
happythanksgiving,1
noh,1
conv,1
island,1
broadband,1
knowledge,1
suppos,1
luna,1
accessibility,1
isvs,1
pinpoint,1
delegate,1
celego,1
endorses,1
santa,1
hongkong,1
sell,1
planner,1
xasolutions,1
ratp,1
ocean,1
cargo,1
logistics,1
supply,1
transforms,1
womenrightsonline,1
spread,1
divide,1
abandon,1
brake,1
sultanate,1
ihma,1
origination,1
traveller,1
lunchtime,1
volunteer,1
tree,1
fold,1
unlikely,1
silo,1
creditcards,1
onlinepayments,1
saepa,1
tsinghua,1
teacher,1
futureofpayments,1
nsays,1
cyberfraud,1
kris,1
follower,1
happynewyear,1
gemal,1
safenetuk,1
ruling,1
dutch,1
fundamental,1
techthursday,1
surge,1
chicago,1
visafcbescola,1
xbgica,1
ecol,1
tarjeta,1
caribe,1
pioneros,1
xbaa,1
innovaci,1
gracias,1
sustainability,1
banco,1
grocery,1
mastercard,1
starwars,1
landmark,1
mobeewave,1
anothe,1
alto,1
palo,1
achieves,1
democratic,1
cybersec,1
spent,1
cutting,1
tape,1
reel,1
gabon,1
fifth,1
undermine,1
norsentio,1
hitoslo,1
shield,1
prof,1
unveiled,1
cherry,1
slice,1
hyper,1
tweetchat,1
problematic,1
opin,1
nsome,1
scan,1
retina,1
thumbprint,1
gafas,1
tolerance,1
lower,1
analysis,1
suggests,1
sketch,1
thread,1
comer,1
tdbcdebate,1
delighted,1
gardener,1
techy,1
garden,1
compound,1
steady,1
mission,1
valentine,1
nokia,1
squeeze,1
centric,1
xcanytime,1
clue,1
unfinished,1
standa,1
thefinalcountdown,1
landing,1
attendee,1
inblue,1
siciliano,1
attendance,1
oppounites,1
picked,1
invisible,1
fatality,1
helm,1
repoed,1
reminder,1
storm,1
following,1
connecte,1
everydbody,1
timeline,1
karlsson,1
erik,1
prominent,1
lawyer,1
smawatchforeveryone,1
zecircle,1
catalonia,1
wonderful,1
atlseccon,1
bonvarlet,1
loic,1
viualrea,1
donttrythisathome,1
peru,1
cancer,1
childhood,1
evening,1
realize,1
crowd,1
nationale,1
imprimerie,1
login,1
swing,1
tonight,1
late,1
experienced,1
hockey,1
bravo,1
hawaii,1
xcemv,1
surprise,1
bibi,1
mooreslaw,1
microprocessor,1
original,1
paicipate,1
checkout,1
expect,1
spying,1
biog,1
internationalwomensday,1
motion,1
fibre,1
preso,1
budapest,1
monarch,1
robo,1
album,1
herald,1
setting,1
abadie,1
space,1
creamer,1
timothy,1
astronaut,1
webinarsemea,1
privacyshield,1
body,1
infotainment,1
wed,1
dear,1
copenhague,1
happydk,1
copenhagen,1
ingredient,1
spencer,1
delight,1
individual,1
adapts,1
alien,1
abyss,1
route,1
regniers,1
nationalid,1
mobileapp,1
cyberseurity,1
santiago,1
chilecon,1
career,1
applet,1
netfutures,1
digitiseeu,1
planning,1
incorporate,1
jordanian,1
evolve,1
happybihdayyourmajesty,1
corn,1
paymentsme,1
idcards,1
eah,1
mother,1
summary,1
lawsuit,1
smacitieschallenge,1
nfldraft,1
dotsmacity,1
hannover,1
droid,1
handful,1
awssummitsg,1
zero,1
cypher,1
history,1
teli,1
sitar,1
capitalist,1
sheet,1
cheat,1
ranked,1
lars,1
clearer,1
counterpa,1
council,1
nobody,1
spectator,1
arialive,1
dallas,1
tremendous,1
go,1
song,1
thai,1
archive,1
meetic,1
ndigital,1
ordinary,1
rockymountains,1
valuable,1
teamwork,1
band,1
seifeh,1
ariane,1
syst,1
devops,1
yakabuski,1
selfies,1
wedidnfcin,1
bankingsecurity,1
mebis,1
thxs,1
demonstrated,1
organizing,1
thief,1
huracan,1
lamborghini,1
feelsgood,1
contactlesspayment,1
athlete,1
teamvisa,1
contactlesspayments,1
scalextric,1
lane,1
horse,1
inappbilling,1
mobileticketing,1
euegovplan,1
purse,1
eprocurement,1
colombia,1
dystopia,1
orwellian,1
lille,1
thru,1
roadsafety,1
gentle,1
hit,1
notable,1
mature,1
cutest,1
butterfly,1
float,1
auditorium,1
larduinat,1
nationality,1
drivinglicense,1
resistance,1
tamper,1
diary,1
wear,1
insightful,1
concise,1
clear,1
kennethtlowe,1
predicting,1
seize,1
pro,1
resilience,1
bangladesh,1
hspconf,1
poulet,1
george,1
workspace,1
interact,1
clapclapclap,1
vinicius,1
spo,1
collegues,1
mustard,1
connectedball,1
protected,1
remain,1
austria,1
sbaresearch,1
thankyou,1
eidentity,1
agencylife,1
interviewing,1
degree,1
enthusiasm,1
gerfra,1
min,1
tweeterer,1
commiseration,1
jeep,1
docomo,1
framework,1
accountability,1
lloyd,1
anthony,1
exact,1
churn,1
behavioralanalytics,1
belief,1
iotbarometer,1
prospective,1
tues,1
callfan,1
iotreality,1
penetrated,1
libey,1
augmentedreality,1
izard,1
pokemon,1
sender,1
gmail,1
nosql,1
familiar,1
brit,1
mydevices,1
opines,1
impression,1
millisecond,1
constant,1
revoir,1
dormantsim,1
simreactivation,1
inactive,1
tactic,1
economic,1
mykronoz,1
delivered,1
sony,1
cheaper,1
carrefour,1
warns,1
gasia,1
fear,1
allete,1
autonomousvehicle,1
passive,1
biodegradable,1
secret,1
jeremy,1
mwall,1
bankaxept,1
immersive,1
expenditure,1
recognizes,1
seville,1
intergraph,1
printer,1
color,1
discount,1
casestudy,1
enforces,1
protects,1
apollo,1
striking,1
incredible,1
finextra,1
tetra,1
telium,1
reiza,1
denis,1
adalovelaceday,1
neverpublished,1
leveque,1
sylvain,1
warm,1
semi,1
behavioralbiometrics,1
dialog,1
variation,1
ice,1
ngmn,1
sentinel,1
broadcast,1
snell,1
cybersecuit,1
ecomme,1
paymentcard,1
gitextechweek,1
analyse,1
techtalks,1
mobilepay,1
taxpayer,1
payaxis,1
shahid,1
shahzad,1
trail,1
outstanding,1
gracehopper,1
nothing,1
mico,1
pagamenti,1
salone,1
xcil,1
mountain,1
techjobs,1
viualcarkeys,1
contributor,1
bringing,1
hitachi,1
vein,1
localization,1
mirai,1
ddos,1
dean,1
jennifer,1
clou,1
regain,1
beep,1
birch,1
fall,1
enrolment,1
donation,1
collect,1
dog,1
xcontactless,1
animal,1
merchant,1
apscabmc,1
encryptio,1
charge,1
advance,1
hsms,1
dispel,1
lottecard,1
path,1
autumn,1
bankcards,1
customizable,1
museum,1
spec,1
deck,1
december,1
securedubai,1
nlegacy,1
efficiency,1
run,1
mosaic,1
skill,1
various,1
lorawan,1
congratulate,1
reliability,1
automatisation,1
murat,1
eziomobile,1
tunnuslukusovellus,1
undersea,1
decrypt,1
engine,1
motivation,1
examine,1
gong,1
devicemanagement,1
xmas,1
securelondon,1
persona,1
underworld,1
motivates,1
villain,1
brace,1
threa,1
jones,1
neira,1
focusing,1
esims,1
blogging,1
bear,1
pakistanpaymentsummit,1
noel,1
denso,1
ford,1
revelation,1
cyberinvestigator,1
veteran,1
unforgettable,1
finnish,1
produce,1
paramount,1
amrae,1
rencontres,1
chronicle,1
investogation,1
book,1
reply,1
usual,1
calldrop,1
qualityofexperience,1
camel,1
longevity,1
voting,1
phasing,1
wright,1
banma,1
yunos,1
inclusion,1
paribas,1
beneath,1
minorityrepo,1
taxi,1
escalate,1
necessary,1
staff,1
xacars,1
briton,1
emiratesnews,1
pavie,1
sebastien,1
aware,1
oulu,1
responsibility,1
dangerous,1
quadruple,1
emotion,1
helpful,1
tennis,1
connectedemployees,1
jcfyrs,1
omnichannel,1
stressful,1
reseller,1
powerful,1
meter,1
maximise,1
underway,1
critical,1
tune,1
sweet,1
tisseuil,1
christophe,1
customercentric,1
traceability,1
iott,1
idcard,1
exceed,1
transmits,1
pavillon,1
xcpassword,1
remi,1
huawei,1
chemli,1
ani,1
normal,1
frictionless,1
automatedid,1
weirdest,1
draw,1
subscribe,1
adress,1
biom,1
teaser,1
thelifesway,1
wide,1
cybersecuri,1
intercontinental,1
roundtable,1
lanka,1
aiel,1
saml,1
thriller,1
countdown,1
hate,1
weekend,1
scawardseurope,1
hots,1
woe,1
crop,1
keysecure,1
accept,1
fancy,1
unnoticed,1
incident,1
iceberg,1
massive,1
glut,1
cheap,1
bankcard,1
vietnam,1
consumerdevices,1
ipexpomanchester,1
idverification,1
spring,1
frostawards,1
polymer,1
smoother,1
wake,1
scenario,1
consequence,1
painless,1
stan,1
ndubai,1
reposition,1
userexperience,1
girlsinict,1
preference,1
rival,1
weara,1
verif,1
xcdetect,1
innovat,1
behaviour,1
detect,1
cardware,1
authn,1
maythefouhbewithyou,1
war,1
oemdevices,1
webday,1
fidoseminar,1
centre,1
personalisation,1
financialservices,1
rethink,1
bankbranches,1
airpor,1
paxprocessing,1
class,1
mercedes,1
iotsecuri,1
ransomeware,1
nail,1
caoon,1
doubt,1
sessi,1
mircrobattery,1
cjis,1
wan,1
trustediotalliance,1
josephpindar,1
reprst,1
diversity,1
customerjourney,1
reimagine,1
clinic,1
realidact,1
ageas,1
manufacturing,1
xlan,1
law,1
learns,1
connectedliving,1
oveake,1
practical,1
primary,1
cooperation,1
quaers,1
ciotat,1
mobitrust,1
thierry,1
londonhistoryday,1
province,1
canadian,1
mone,1
occupy,1
perform,1
timor,1
demographic,1
roamingcharges,1
rugby,1
munich,1
gogreen,1
ddls,1
worried,1
ratas,1
xbcri,1
newest,1
grind,1
roast,1
dessman,1
mder,1
campus,1
aland,1
greenbanking,1
achievement,1
perfect,1
philippevallee,1
cesasia,1
enforcement,1
square,1
concerned,1
enters,1
ecosys,1
fintegration,1
mckinsey,1
denecker,1
avai,1
opendata,1
insurance,1
insuech,1
agreed,1
silentauthentication,1
behavioralbiometric,1
machinelearning,1
informative,1
mobike,1
transformative,1
stamp,1
powered,1
mwcshanghai,1
challenger,1
crime,1
contacting,1
documentverification,1
ndemos,1
versus,1
subject,1
oems,1
september,1
confident,1
eurpean,1
microtag,1
buddy,1
iotevolution,1
butt,1
appearance,1
accessmanagement,1
demonstrate,1
headline,1
keyfobs,1
etransactions,1
strives,1
knet,1
howardberg,1
fraudulent,1
overconfident,1
lenovo,1
preferred,1
smooth,1
holder,1
note,1
aificial,1
colorado,1
mechanism,1
strengthen,1
nominee,1
ideal,1
enemy,1
plastic,1
disabled,1
poetry,1
similar,1
networked,1
resolve,1
ryan,1
publisher,1
potgieter,1
zwieten,1
clare,1
sansa,1
direction,1
proactive,1
favor,1
flair,1
chatbots,1
smalock,1
mobilesecurity,1
johannesburg,1
heabea,1
biometricauthentication,1
womeninit,1
ishimwe,1
vulnerability,1
connectedness,1
customerconvenience,1
several,1
electoral,1
contextual,1
underpins,1
implant,1
microchip,1
creepy,1
caviglioli,1
christine,1
registration,1
congestion,1
democracy,1
fintec,1
vmware,1
norm,1
iata,1
rescue,1
slowing,1
perspective,1
buyer,1
bankingpayments,1
rashid,1
invests,1
buckle,1
conversation,1
getaway,1
mall,1
safety,1
heritage,1
incorporates,1
octob,1
electricity,1
blue,1
bikeshare,1
goal,1
lion,1
mwca,1
ericssoniot,1
roadblock,1
digiawards,1
budget,1
dromi,1
aric,1
futuroligist,1
xcgame,1
interswitch,1
produit,1
lors,1
xarialisation,1
xamat,1
salonbid,1
xalicitations,1
regulate,1
poal,1
similarity,1
save,1
compact,1
solarkiosk,1
prepared,1
legislation,1
lawmaker,1
washington,1
era,1
morocco,1
stakeholder,1
metering,1
array,1
anxiety,1
procedure,1
phonebook,1
safaricom,1
arab,1
caregiver,1
tmfioe,1
dive,1
contributes,1
privac,1
proposal,1
improves,1
eas,1
xcoctober,1
chose,1
lab,1
cormis,1
raphael,1
ransomware,1
badrabbit,1
nature,1
creates,1
nindependent,1
nruggedness,1
nminiaturization,1
traction,1
omani,1
customerexperience,1
prersonalization,1
buscando,1
producto,1
tipo,1
pais,1
hola,1
ukcybersummit,1
intuitive,1
integrator,1
chalvin,1
milipolparis,1
fleet,1
lpwan,1
sullivan,1
frost,1
enhances,1
mailbox,1
esimconnect,1
wyoming,1
fare,1
licensing,1
metal,1
gmbh,1
monaco,1
dissolution,1
texas,1
cipher,1
payvolution,1
salonedeipagamenti,1
researcher,1
gouget,1
aline,1
prospect,1
limitless,1
confused,1
fund,1
cisco,1
consum,1
threatmetrix,1
autonomous,1
townians,1
removable,1
existence,1
runner,1
blade,1
fraudsters,1
whilst,1
contac,1
emergence,1
competitor,1
capitalize,1
replacement,1
evidence,1
verificati,1
frau,1
chase,1
actiste,1
dubaiexpo,1
viewer,1
binge,1
attract,1
worsen,1
plastka,1
worrying,1
thales,1
forefront,1
nrea,1
gray,1
gucci,1
caterpillar,1
brongnia,1
palais,1
wrist,1
iota,1
cellphone,1
apament,1
delivering,1
surface,1
garbage,1
telecommunication,1
wher,1
shoer,1
hint,1
earnings,1
futuristic,1
clock,1
simplifies,1
thrive,1
commercial,1
surfacepro,1
conne,1
avigdor,1
gap,1
plague,1
mistral,1
biometr,1
idborders,1
favourite,1
xard,1
tuesday,1
least,1
hardwar,1
root,1
discovery,1
uaeinnovationmonth,1
ensures,1
prefe,1
take,1
driven,1
servitizaton,1
downloads,1
licence,1
highway,1
karl,1
captain,1
notewohy,1
digitalworld,1
effoless,1
replacing,1
addition,1
howto,1
scanner,1
cairo,1
rejoice,1
egypt,1
hittin,1
iphonex,1
winter,1
cont,1
openbanking,1
convenie,1
encrypt,1
continent,1
choose,1
embark,1
ddlpilot,1
omnichann,1
descend,1
capetown,1
announcement,1
spirit,1
comply,1
deutschland,1
xbnica,1
telef,1
creation,1
iotech,1
convention,1
deployme,1
xaric,1
viualizednetworks,1
regulatio,1
xacbn,1
intrepid,1
cismea,1
flexibility,1
wisp,1
bankingpayment,1
migrate,1
emis,1
angola,1
simulator,1
digitalpayment,1
greni,1
fabrice,1
eliminate,1
technolog,1
requirement,1
xbdriven,1
practises,1
gemaltoconnectedwomen,1
cusp,1
