ddos,859
incapsula,649
security,640
read,561
attack,529
learn,522
website,300
cybersecurity,183
repo,177
mirai,169
site,156
cloud,156
bot,153
botnet,144
performance,142
network,141
imperva,131
webperf,128
threat,123
protection,116
application,111
service,109
blog,105
tip,103
time,96
join,95
death,91
work,91
mitigation,87
webinar,85
click,84
thanks,80
latest,79
global,77
data,77
delivery,76
team,75
watch,75
landscape,74
secure,71
infosec,70
collisionconf,69
happy,68
grab,67
look,67
content,65
register,65
layer,65
live,63
hour,62
rule,62
customer,62
career,61
interopitx,60
cyberaware,60
need,60
good,59
spam,58
online,58
available,58
mobile,58
devops,57
wordpress,57
joomla,56
booth,56
protect,56
way,55
issue,55
ncsam,54
practice,53
analysis,53
internet,53
great,53
rsvp,52
week,52
today,52
monitoring,51
stay,51
availability,51
sock,50
tomorrow,50
pair,49
sure,49
thing,49
vulnerability,49
boost,48
traffic,48
user,48
video,48
easy,46
month,46
best,46
visitor,45
tech,44
year,43
tunnel,42
survey,42
guide,42
launch,42
infrastructure,41
interested,40
district,39
school,39
student,39
spot,39
router,39
full,39
instance,38
shi,38
ecommerce,38
saas,37
massive,37
type,37
impoant,36
outage,36
help,35
expes,35
build,35
hostingcon,34
folk,34
commerce,34
benefit,34
experience,34
xdeath,33
womenintech,33
impact,33
cyber,33
deployment,32
woman,32
platform,32
hard,31
blocker,31
dinner,31
visibility,31
research,31
shis,30
gra,30
question,30
fast,29
swag,29
multiple,29
google,29
public,29
link,29
business,29
speed,28
bucket,28
log,28
siem,28
client,28
annual,28
server,28
group,28
next,27
address,27
hacker,27
know,27
case,27
talk,27
anycast,27
account,27
spotlight,27
company,27
awesome,27
code,27
list,27
variant,26
pro,26
googlecloud,25
style,25
size,25
meetup,25
gbps,25
prediction,25
series,25
study,25
gdpr,25
manager,25
datacenter,24
moscow,24
accelerate,24
send,24
page,24
hear,24
personal,24
update,24
minute,24
suppo,24
apps,24
remote,24
capability,23
compliance,23
organization,23
china,22
lane,22
ciso,22
hybrid,22
management,22
meet,22
execution,22
store,21
area,21
score,21
download,21
discus,21
election,20
strike,20
weak,20
extra,20
isps,20
evolution,20
rapid,20
privacy,20
response,20
readiness,20
gaming,20
test,20
game,20
andy,20
datasecurity,20
center,20
target,20
mean,19
scanner,19
expe,19
calculator,19
resiliency,19
magic,19
shoemaker,19
bitcoin,19
tool,19
protocol,18
topblog,18
webhost,18
consider,18
beginner,18
challenge,18
magento,18
escalate,18
decrease,18
deltacharlie,18
hiddencobra,18
interview,18
plugin,18
stop,18
persirai,18
digital,18
apple,18
michal,18
real,18
strong,18
sorry,18
small,18
cryptocurrency,18
android,17
flood,17
recruit,17
design,17
april,17
image,17
shoer,17
hint,17
strut,17
velocityconf,17
chance,17
analyst,17
critical,17
starwars,17
access,17
compare,16
college,16
persistence,16
tonight,16
ceification,16
bigger,16
edge,16
single,16
protobuf,16
storage,16
xray,16
prevent,16
myth,16
everyone,16
friday,16
awareness,16
email,16
operation,16
robe,16
everything,15
headless,15
redundancy,15
dashboard,15
responsive,15
reliable,15
introduction,15
microsoft,15
azure,15
malwaretech,15
cyberattack,15
active,15
proxy,15
reverse,15
scan,15
repeat,15
authentication,15
national,15
culture,15
please,15
strategy,15
demand,15
hamilton,15
install,14
developer,14
zoom,14
factor,14
essential,14
everybody,14
responsibility,14
detail,14
latency,14
serve,14
mumbai,14
classification,14
last,14
html,14
javascript,14
minification,14
resilient,14
component,14
collaboration,14
friend,14
filler,14
advantage,14
cybercriminals,14
share,14
closer,14
reason,14
ready,14
cybercrime,14
scalable,13
triton,13
nation,13
secures,13
environment,13
friendly,13
xcmonitoure,13
tame,13
ubuntu,13
leet,13
uselection,13
field,13
stream,13
bypass,13
whitelist,13
average,13
force,13
joining,13
push,13
configure,13
region,13
india,13
delhi,13
datacenters,13
algorithm,13
device,13
increase,13
number,13
engineer,13
result,13
incaprules,13
prepares,13
stem,13
course,13
information,13
thank,13
general,13
nanog,13
hope,13
attacker,13
researcher,13
news,13
cybehreat,13
term,12
introduce,12
tbps,12
capacity,12
cause,12
combat,12
accountable,12
system,12
free,12
enterprise,12
ceificates,12
july,12
save,12
deputy,12
president,12
vice,12
white,12
status,12
product,12
rise,12
dima,12
appliance,11
role,11
downtown,11
classy,11
interopix,11
surprise,11
different,11
soup,11
beckerman,11
cybermonday,11
market,11
war,11
star,11
technocross,11
control,11
write,11
theme,11
denial,11
deliver,11
safe,11
prepare,11
apis,11
appreciate,11
dangerous,10
ddosers,10
bonet,10
listen,10
drone,10
load,10
assault,10
block,10
console,10
day,10
wave,10
connection,10
blockchain,10
leader,10
many,10
host,10
takeover,10
plan,10
event,10
check,10
migrate,10
player,9
submit,9
recording,9
operator,9
holiday,9
registration,9
home,9
significant,9
trick,9
london,9
come,9
miti,9
story,9
september,9
pulse,9
glad,9
human,9
keep,9
follow,9
lead,9
solution,9
visit,9
risk,9
malware,9
horde,8
rsac,8
competitor,8
leak,8
blast,8
point,8
bellevue,8
source,8
russia,8
hack,8
review,8
victim,8
sensitive,8
prevalent,8
trend,8
find,8
founder,8
enjoy,8
congrats,8
planning,8
option,8
database,8
perpetrator,7
underground,7
netops,7
salary,7
vote,7
attacked,7
invite,7
someone,7
drink,7
afterpay,7
repor,7
decline,7
deepdiveday,7
want,7
nice,7
comment,7
vancouver,7
lazar,7
luda,7
quote,7
computer,7
ransomware,7
town,7
exchange,7
ticket,7
percent,7
migra,7
amplification,7
answer,6
name,6
yahoobreach,6
deat,6
macau,6
asia,6
step,6
sticker,6
anything,6
task,6
complex,6
mwcs,6
love,6
linkedin,6
open,6
night,6
hire,6
first,6
session,6
beer,6
officer,6
warfare,6
battle,6
excited,6
insight,6
breach,6
wannacry,6
vulnerable,6
guest,6
influencers,6
margel,6
shiri,6
premise,6
crypto,6
consideration,6
immediate,6
strategic,6
book,6
switch,6
bootcamp,5
country,5
early,5
enhance,5
recommends,5
appreciates,5
pride,5
completes,5
presence,5
architect,5
statement,5
june,5
improve,5
cou,5
ass,5
discovers,5
possible,5
offer,5
le,5
aviv,5
cost,5
tell,5
terry,5
akamai,5
foxny,5
spare,5
candice,5
struggle,5
technology,5
stuff,5
repos,5
connect,5
seoul,5
haseyo,5
anyoung,5
common,5
glossary,5
serious,5
deserialization,5
appsecurity,5
show,5
chooses,5
introduces,5
owasp,5
card,5
domain,4
explainer,4
russian,4
quaer,4
workflow,4
ticci,4
imac,4
casey,4
limitation,4
limit,4
iop,4
panel,4
wear,4
conference,4
head,4
history,4
igal,4
bayarea,4
lounge,4
suite,4
release,4
avoid,4
bandwidth,4
responsiveness,4
hall,4
com,4
upgrade,4
pa,4
picture,4
pick,4
morning,4
securityaffairs,4
yahoo,4
world,4
much,4
dive,4
surge,4
post,4
thought,4
tweet,4
evaluate,4
sta,4
speaking,4
websummit,4
luck,4
presentation,4
monday,4
xcommerce,4
people,4
uber,4
software,4
firewall,4
value,4
gamers,4
acquisition,4
able,4
frustration,4
industry,4
sign,4
hello,4
generic,4
flexprotect,4
bring,4
change,4
recent,4
marketing,4
method,4
grown,4
mining,4
drive,4
amazon,4
meeting,4
taiwan,4
taipei,4
concern,4
technique,3
optimization,3
request,3
sausage,3
ground,3
selects,3
incapathon,3
trouble,3
anyone,3
life,3
discussion,3
weekly,3
ipad,3
inch,3
larger,3
outsource,3
silo,3
technical,3
mission,3
engage,3
googlenext,3
camera,3
simplifies,3
excellent,3
networking,3
useful,3
responsible,3
marketplace,3
david,3
rethink,3
failover,3
incapsu,3
brand,3
inca,3
problem,3
zeiman,3
spike,3
audited,3
cybersecuity,3
password,3
info,3
tiny,3
date,3
difference,3
hero,3
break,3
austin,3
east,3
tsunami,3
scott,3
functionality,3
york,3
sweet,3
create,3
paners,3
shop,3
dtlv,3
sweden,3
train,3
twitter,3
lisbon,3
prize,3
miss,3
tuesday,3
major,3
little,3
winner,3
herzberg,3
dynamic,3
walk,3
sho,3
sith,3
black,3
iphone,3
enter,3
demo,3
message,3
double,3
feedback,3
spoke,3
encapsulation,3
routing,3
sense,3
impersonation,3
googlebot,3
fact,3
biggest,3
inconvenience,3
close,3
honor,3
cool,3
securit,3
figure,3
shout,3
channel,3
tesla,3
second,3
wild,3
raffle,3
plugins,2
aicle,2
panership,2
hangout,2
factory,2
desk,2
greg,2
livestream,2
default,2
voter,2
terrific,2
scenario,2
realistic,2
aware,2
yesterday,2
power,2
levin,2
israeli,2
reminder,2
right,2
infographic,2
monster,2
dominates,2
secsessions,2
beautiful,2
future,2
note,2
jessy,2
worm,2
pizza,2
anytime,2
whac,2
joel,2
badass,2
gift,2
itops,2
stephen,2
matthew,2
stpatricksday,2
special,2
agent,2
intelligence,2
charge,2
involvement,2
unclear,2
extradition,2
indicts,2
pleasure,2
germany,2
exclusive,2
trypod,2
alex,2
venue,2
bite,2
growth,2
proud,2
advice,2
webops,2
nicole,2
uncovers,2
bihday,2
injection,2
donation,2
hurry,2
better,2
vendor,2
fit,2
incaps,2
incapsul,2
asap,2
planet,2
esecurity,2
dead,2
mgmt,2
josh,2
local,2
sponsor,2
echo,2
techinpoo,2
mitigate,2
upcoming,2
volume,2
project,2
manage,2
eclipse,2
whoa,2
engineering,2
operational,2
resolve,2
patience,2
conversation,2
deep,2
author,2
light,2
exploit,2
apachestruts,2
framework,2
transformation,2
quality,2
shine,2
cycle,2
level,2
huge,2
explains,2
infection,2
kick,2
biondi,2
matt,2
olympic,2
cohen,2
wait,2
nstop,2
halloween,2
dale,2
workshop,2
grand,2
peel,2
make,2
understand,2
blow,2
land,2
bsides,2
damage,2
tshi,2
bigdata,2
retail,2
analyzes,2
file,2
speaker,2
vienna,2
cyberattacks,2
badrabbit,2
feature,2
facial,2
pattern,2
novel,2
face,2
hackathon,2
github,2
reveals,2
congratulation,2
station,2
criminal,2
fever,2
pay,2
highest,2
jerusalem,2
opinion,2
view,2
quadrant,2
ganer,2
absolute,2
darkweb,2
notpetya,2
wallet,2
migration,2
form,2
fill,2
error,2
model,2
financial,2
nothing,2
cheer,2
welcome,2
prem,2
banking,2
abuse,2
atlanta,2
chief,2
become,2
headline,2
topic,2
securi,2
guarantee,2
scuba,2
roundup,2
receive,2
high,2
memcache,2
cybers,1
space,1
encryption,1
father,1
jvotesystem,1
worry,1
integration,1
ante,1
casb,1
connectivity,1
resolution,1
insecure,1
specialist,1
vdos,1
teenager,1
pop,1
boy,1
phrase,1
unscramble,1
chain,1
fitting,1
sauce,1
aways,1
icon,1
shrimp,1
schwag,1
alongside,1
gon,1
gopro,1
riddle,1
pieter,1
fuher,1
performs,1
oktoberfest,1
interesting,1
spate,1
captcha,1
impoance,1
bondage,1
avishay,1
ddosexpe,1
ddosattack,1
perform,1
hell,1
endpoint,1
scary,1
simple,1
focus,1
selective,1
googleplay,1
firmware,1
casbs,1
sander,1
longevity,1
eah,1
senior,1
chang,1
highlight,1
bottleneck,1
failure,1
derail,1
infect,1
amateurish,1
clumsy,1
suggests,1
permission,1
brainer,1
sound,1
mirror,1
custom,1
disable,1
andreas,1
playbook,1
ransom,1
wifi,1
xmirai,1
represent,1
showcase,1
diego,1
jolla,1
config,1
salt,1
key,1
adjust,1
popular,1
paypal,1
reddit,1
attend,1
defcon,1
underway,1
third,1
warns,1
confirms,1
serendipity,1
recommend,1
compliment,1
dollar,1
setup,1
firm,1
chinese,1
gaffan,1
marc,1
warn,1
claim,1
weaponized,1
repository,1
scrubbin,1
nanycast,1
upstream,1
patch,1
core,1
oveime,1
stab,1
chris,1
devintersection,1
scam,1
suspicious,1
attachment,1
wary,1
stats,1
true,1
search,1
quick,1
anti,1
antivirus,1
gooder,1
building,1
thurs,1
balance,1
turnout,1
several,1
evaluates,1
polling,1
diversity,1
headquaers,1
festival,1
diwali,1
development,1
community,1
entire,1
liberia,1
unprecedented,1
pollution,1
http,1
call,1
clinton,1
hillary,1
chan,1
room,1
mind,1
taco,1
get,1
trex,1
avalanche,1
adultfriendfinder,1
hookup,1
casino,1
hu,1
robust,1
leverage,1
rehovot,1
campus,1
nicholas,1
strat,1
food,1
duane,1
drawer,1
menace,1
outreach,1
travis,1
icnapsula,1
coverage,1
character,1
trump,1
brown,1
retailer,1
clothing,1
booter,1
tarpit,1
dozen,1
tier,1
rich,1
creative,1
nitol,1
ride,1
bumpy,1
strap,1
sunny,1
tony,1
ale,1
cross,1
trip,1
behemothpower,1
hiccup,1
mpps,1
automation,1
choose,1
attention,1
fran,1
direct,1
verify,1
contacted,1
ezpass,1
whol,1
tenda,1
mcafee,1
john,1
valuable,1
generation,1
inspiration,1
correction,1
provide,1
apologise,1
understood,1
incredible,1
suggestion,1
stephanie,1
tamara,1
christina,1
masha,1
easier,1
variety,1
member,1
board,1
curator,1
amazing,1
frincke,1
alistair,1
minecraft,1
senpai,1
anna,1
tgif,1
summary,1
insightful,1
thomas,1
nour,1
nvisit,1
nationalpizzaday,1
venture,1
repoed,1
skill,1
whack,1
south,1
beat,1
afternoon,1
tomor,1
mini,1
lineup,1
gigamon,1
feel,1
steam,1
scourge,1
homeland,1
impv,1
bell,1
closing,1
deprecating,1
fattuesday,1
pagerduty,1
alexa,1
nullcon,1
onstage,1
plenty,1
sanfrancisco,1
hand,1
swing,1
nians,1
fellow,1
valley,1
silicon,1
changer,1
loss,1
hidden,1
piday,1
chat,1
something,1
think,1
mass,1
speaks,1
federico,1
emojis,1
myke,1
yell,1
sticky,1
revenge,1
convo,1
green,1
indictment,1
hacking,1
window,1
disclosure,1
memory,1
defaultvalue,1
textarea,1
march,1
gotchas,1
examine,1
galbraith,1
datanauts,1
innovative,1
danielle,1
whdglobal,1
rust,1
julie,1
evening,1
professional,1
forward,1
conf,1
unleashes,1
houron,1
sridar,1
tues,1
bound,1
warmup,1
late,1
tonite,1
qubit,1
actual,1
chai,1
eldad,1
well,1
corporate,1
largest,1
nregister,1
speedy,1
present,1
shawn,1
useless,1
adtech,1
maech,1
column,1
pipe,1
clean,1
family,1
anniversary,1
stresser,1
titanium,1
mudd,1
alan,1
swagful,1
chicago,1
handling,1
separate,1
conversion,1
interest,1
malicious,1
choice,1
sent,1
befo,1
woot,1
adoption,1
kerry,1
intel,1
phishing,1
sophisticated,1
googledocs,1
behalf,1
circle,1
aqeela,1
rachel,1
cindy,1
befor,1
grabbed,1
ship,1
flight,1
thotcon,1
pic,1
let,1
angry,1
bust,1
perspective,1
inquiry,1
mark,1
regard,1
incap,1
ransomwareattacks,1
hook,1
silver,1
announcement,1
rep,1
fabulous,1
fashionable,1
knowledgeable,1
crawl,1
mail,1
katy,1
zeifman,1
neighborhood,1
onelogin,1
care,1
till,1
reception,1
cocktail,1
darn,1
james,1
consequence,1
apology,1
damien,1
official,1
tomorro,1
feldman,1
causing,1
shot,1
kathir,1
bear,1
stylish,1
addition,1
static,1
bread,1
understandable,1
disagree,1
troubleshoot,1
monitor,1
normal,1
isolated,1
paial,1
brief,1
disrupt,1
safety,1
office,1
photo,1
ronggolawe,1
lesson,1
emea,1
srecon,1
action,1
vymhvv,1
turn,1
prevents,1
identified,1
mailware,1
large,1
slide,1
weigh,1
offering,1
cloudsecurity,1
rapidscale,1
randall,1
analytics,1
maintain,1
lpta,1
price,1
fuss,1
paul,1
breakfast,1
table,1
tommorow,1
attendee,1
item,1
botblocker,1
steal,1
miner,1
monero,1
silent,1
apache,1
smay,1
warning,1
signal,1
forget,1
londonuk,1
uggirala,1
xaassaults,1
emerges,1
arghire,1
ionut,1
netde,1
paduaacademy,1
lady,1
intensity,1
cover,1
magazine,1
arry,1
success,1
sophistication,1
yoav,1
expansion,1
commits,1
dark,1
surface,1
eleven,1
journey,1
teamwork,1
humility,1
medalist,1
wilder,1
keynote,1
jonathan,1
atmosphere,1
audience,1
ehud,1
botnets,1
final,1
expands,1
hurricane,1
yummy,1
wafflewednesday,1
others,1
fifth,1
wome,1
chef,1
chili,1
current,1
maria,1
order,1
appear,1
timeline,1
algorithmic,1
anticipation,1
theater,1
moment,1
goblin,1
xero,1
fadilpa,1
sead,1
ukraine,1
incident,1
debunks,1
cyberse,1
staup,1
training,1
press,1
stand,1
person,1
strength,1
gathering,1
xchurricane,1
treat,1
crime,1
november,1
inflict,1
helpful,1
half,1
nationalstemday,1
bake,1
workday,1
anatomy,1
slice,1
pharma,1
bsideslisbon,1
austria,1
young,1
spencer,1
xcsilence,1
trojan,1
institution,1
shulman,1
amichai,1
gilad,1
deepsec,1
catch,1
blackfriday,1
schneider,1
nthanks,1
facedata,1
malicio,1
module,1
social,1
vietnamese,1
recognition,1
atta,1
powerful,1
similar,1
spain,1
seville,1
resilience,1
secadmin,1
impersonate,1
vietnam,1
recor,1
uberbreach,1
counsel,1
wednesday,1
scraper,1
netwo,1
happycybermonday,1
headset,1
reality,1
viual,1
samsung,1
awsreinvent,1
gladius,1
cloudfront,1
mitiga,1
conceal,1
battling,1
compete,1
vega,1
reinvent,1
innovation,1
december,1
compromising,1
credential,1
cust,1
announce,1
finding,1
staff,1
hired,1
theft,1
nicehash,1
cryptocurrencies,1
central,1
xnot,1
immune,1
shalom,1
inna,1
impervahq,1
sweater,1
christmas,1
merry,1
ebook,1
merrychristmas,1
downloaded,1
bicha,1
happynewyear,1
rest,1
forrester,1
screen,1
minimize,1
thankful,1
super,1
wonderful,1
agree,1
aicles,1
state,1
nsorry,1
add,1
mlkday,1
basic,1
applicationprotection,1
appli,1
category,1
finalist,1
award,1
adminis,1
webpage,1
installi,1
brunch,1
productive,1
monitorin,1
activity,1
legacy,1
dataprotectionday,1
seguridad,1
proposition,1
xcall,1
contact,1
xfit,1
apologize,1
soed,1
situation,1
nshoot,1
weekend,1
facing,1
regulation,1
apa,1
pretty,1
evangelist,1
tradeoff,1
nplease,1
unpatched,1
dutch,1
gayer,1
director,1
secu,1
obfuscation,1
johannesburg,1
inline,1
deploy,1
gigasecure,1
securesphere,1
florist,1
flower,1
valentine,1
private,1
deploys,1
avital,1
nadav,1
olympicdestroyermalware,1
assessment,1
architecture,1
posture,1
unsure,1
clear,1
blame,1
tutor,1
xcbrace,1
bekerman,1
nepal,1
apricot,1
nintendo,1
starbucks,1
fintech,1
asset,1
detection,1
publishes,1
defense,1
