lifelock,553
help,424
call,392
identity,340
sorry,336
please,326
service,292
thanks,226
member,214
learn,188
theft,175
happy,172
time,156
online,150
info,144
best,142
phone,140
tip,136
hear,125
frustration,120
number,117
security,116
share,107
thank,107
great,106
credit,106
chatstc,102
breach,99
today,99
apology,96
apologize,96
identitytheft,93
information,92
card,92
fuher,90
account,89
assistance,86
password,85
question,84
fraud,83
data,83
personal,83
thesmatalk,82
safe,76
reach,76
experience,73
discus,71
social,71
assist,71
sure,69
email,68
kid,67
inconvenience,67
safety,64
depament,62
parent,59
message,59
issue,59
talk,58
concern,57
family,56
victim,56
digital,55
holiday,55
check,54
protect,52
welcome,51
website,51
join,50
good,50
thief,50
send,50
cyberaware,48
suppo,48
agent,48
understand,48
cybhersquad,47
aware,47
risk,47
contact,47
year,46
protection,46
name,45
problem,45
hold,45
twitter,44
need,44
work,42
child,42
visit,42
wallet,41
available,40
able,40
free,39
tech,38
pay,38
cybersecurity,37
device,37
home,36
direct,36
impoant,36
look,35
season,35
secure,35
resolve,34
people,34
retweet,33
membership,33
glad,33
volume,32
medium,32
travel,31
offer,31
pa,31
situation,31
privacy,31
chance,30
request,30
recent,30
proud,29
post,29
step,29
bank,29
lifelockforgood,28
idtheft,28
list,28
detail,28
ale,28
rule,27
care,27
increase,27
address,27
future,27
chief,26
team,26
blog,26
xand,26
know,26
place,26
shareawesome,25
scam,25
update,25
internet,24
summer,24
life,24
site,24
drastic,24
right,24
matter,24
speak,24
month,23
friend,23
money,23
paner,23
public,23
ready,23
wait,23
much,23
poal,23
access,23
frustrating,23
marketing,22
american,22
want,22
consumer,22
convenience,22
someone,22
idtheftchat,22
order,22
weekend,22
tonight,21
sta,21
everyone,21
asap,21
plan,21
change,21
file,21
open,20
employee,20
store,20
click,20
compliant,19
credithealth,19
thought,19
shopsecure,19
priority,19
level,19
long,19
bureau,19
additional,19
many,19
school,18
patience,18
high,18
answer,18
possible,18
customer,18
sma,18
refund,18
thing,18
ultimate,18
company,18
xcvb,17
document,17
technology,17
last,17
major,17
give,17
code,17
shopping,17
mail,17
transaction,17
review,17
unable,17
appreciate,17
reason,17
vacation,16
convention,16
ground,16
tune,16
week,16
michael,16
follow,16
keep,16
repo,16
world,16
safer,15
tool,15
traffic,15
normal,15
read,15
delay,15
score,15
kind,15
steal,15
value,15
feedback,15
cadet,14
center,14
mind,14
gift,14
agree,14
tax,14
apps,14
business,14
easy,14
different,14
nthanks,14
gather,14
congrats,14
hacker,14
find,14
early,14
enrollment,14
office,14
state,14
system,14
folk,13
officer,13
sensitive,13
mean,13
wifi,13
make,13
spam,13
something,13
watch,13
delete,13
person,13
stay,13
word,13
trouble,13
full,13
negative,13
receipt,12
announcement,12
flag,12
attention,12
event,12
target,12
favorite,12
others,12
cancel,12
celebrate,12
apple,12
hello,12
mobile,12
trip,12
senior,12
response,12
specific,12
next,12
hard,12
network,12
woman,12
cautious,11
google,11
perspective,11
story,11
saferinternetday,11
first,11
ciso,11
avoid,11
advisor,11
community,11
news,11
teen,11
intermittent,11
availability,11
training,11
sign,11
login,11
kendrick,11
link,11
promo,11
careful,11
line,11
monitoring,11
way,11
action,11
comment,11
provide,11
paners,11
fraudulent,11
wanted,10
helpful,10
little,10
hanson,10
education,10
play,10
trust,10
foster,10
wish,10
nlifelock,10
privacyaware,10
game,10
volunteer,10
educational,10
guarantee,10
beware,10
nthank,10
simple,10
higher,10
private,10
meet,10
user,10
text,10
minute,10
confusion,10
tomorrow,10
habit,10
prevent,10
national,10
activity,10
instagram,9
junior,9
false,9
paige,9
monitor,9
shop,9
sponsor,9
return,9
strong,9
cyber,9
host,9
onlinesafety,9
traveler,9
head,9
receive,9
night,9
better,9
standard,9
hour,9
case,9
create,9
enforcement,9
criminal,9
conversation,9
databreach,9
anytime,9
responsible,9
ptakids,8
lifelocklive,8
citizenship,8
violence,8
cybher,8
download,8
luck,8
interest,8
identitydog,8
backtoschool,8
police,8
giveaway,8
lead,8
piece,8
product,8
holidayseason,8
computer,8
shopper,8
repos,8
record,8
teach,8
hack,8
point,8
fraudsters,8
form,8
stop,8
payment,8
likely,8
chat,8
popular,8
true,8
show,8
financial,8
page,8
feature,8
recommend,8
forward,8
equifax,8
latest,8
le,8
difficulty,8
appropriate,8
charge,8
version,7
bring,7
enter,7
domestic,7
advice,7
valuable,7
lock,7
track,7
tempe,7
smaphone,7
givingtuesday,7
charity,7
specialist,7
expe,7
love,7
feel,7
take,7
extra,7
threat,7
trend,7
live,7
late,7
connect,7
day,7
research,7
hotspot,7
excited,7
complete,7
lisa,7
real,7
process,7
crime,7
hope,7
notification,7
compromise,7
view,7
maintenance,7
lifelockforlife,6
suspect,6
taxpayer,6
hand,6
ticket,6
conference,6
june,6
reward,6
henley,6
jenn,6
seat,6
town,6
enough,6
girl,6
door,6
front,6
impact,6
identityapp,6
baby,6
study,6
yikes,6
director,6
benefit,6
selfie,6
analytics,6
government,6
letter,6
reminder,6
spring,6
photo,6
attack,6
quiz,6
convo,6
group,6
book,6
road,6
consider,6
sense,6
debit,6
medical,6
quick,6
profile,6
busy,6
resolution,6
think,6
suggestion,6
tweet,6
error,6
acct,6
remove,6
idea,6
control,6
visa,5
sweepstakes,5
twitterpay,5
prize,5
announce,5
stole,5
small,5
goal,5
hilary,5
sydney,5
editor,5
anyone,5
awareness,5
homework,5
mark,5
ptabackschool,5
leeda,5
screen,5
topic,5
tactic,5
explain,5
survey,5
resource,5
student,5
peace,5
pic,5
legitimate,5
responsibility,5
girlboss,5
doty,5
separate,5
ross,5
cool,5
come,5
chair,5
shout,5
reminds,5
dumpster,5
trick,5
vulnerable,5
yesterday,5
annual,5
till,5
location,5
function,5
donate,5
panership,5
citizen,5
chip,5
millennials,5
area,5
skimmer,5
sound,5
honor,5
fact,5
health,5
finance,5
difference,5
submit,5
uninstall,5
functionality,5
mailer,5
unauthorized,5
release,5
driver,5
username,5
continue,5
rest,5
morning,5
attempt,5
manage,5
enroll,5
type,5
commercial,5
lot,5
pas,5
interested,5
symantec,5
global,5
pricing,5
augusta,4
film,4
commander,4
starek,4
xcjulie,4
character,4
brett,4
friendly,4
kidzvuzbts,4
previous,4
cover,4
content,4
amazing,4
bill,4
svcs,4
scammer,4
campaign,4
fosi,4
authority,4
shelter,4
market,4
remind,4
elderly,4
claim,4
securitydog,4
phoenix,4
thofjulyweekend,4
littlefreelibrary,4
schneider,4
spend,4
freedom,4
forget,4
rncincle,4
supply,4
easier,4
attend,4
doctor,4
result,4
harm,4
power,4
aftermath,4
management,4
healthcare,4
solution,4
fake,4
blast,4
twtr,4
defense,4
legit,4
spending,4
tell,4
monthly,4
black,4
nothing,4
biggame,4
catch,4
comprehensive,4
hea,4
correct,4
gain,4
employer,4
common,4
unique,4
paper,4
handle,4
break,4
leader,4
worse,4
unnecessary,4
drive,4
corporate,4
manager,4
savvy,4
least,4
guard,4
socialsecurity,4
local,4
sent,4
anything,4
checklist,4
adult,4
individual,4
focus,4
longer,4
program,4
several,4
junk,4
verify,4
unsure,4
search,4
policy,4
loan,4
restoration,4
current,4
encourage,4
lunch,4
deeply,4
promotion,4
recover,4
fall,4
date,4
cancellation,4
option,4
golden,4
mailing,4
earliest,4
anyti,4
respond,4
hesitate,4
dollar,4
expes,4
insurance,4
viewpoint,4
notify,4
ensign,3
lieutenant,3
captain,3
shred,3
theatre,3
intodarkness,3
exclusive,3
fish,3
sunday,3
complaint,3
webinar,3
thrilled,3
pacific,3
eastern,3
milestone,3
buying,3
supervalu,3
malware,3
launch,3
percent,3
president,3
contest,3
grand,3
model,3
thats,3
compliance,3
blue,3
weak,3
teacher,3
affiliate,3
second,3
recognition,3
exact,3
mountain,3
owner,3
session,3
couesy,3
sholy,3
introductory,3
susceptible,3
bigger,3
buck,3
reply,3
graduate,3
limit,3
everything,3
video,3
roll,3
pick,3
donation,3
couple,3
loyalty,3
planning,3
economy,3
orig,3
librarian,3
girlbosses,3
pokemon,3
downtime,3
get,3
calculator,3
lesson,3
demconvention,3
backpack,3
affect,3
unlocked,3
hotel,3
enjoy,3
pack,3
xbut,3
labor,3
prepared,3
awesome,3
fight,3
guest,3
promote,3
cause,3
wednesdaywisdom,3
settlement,3
employment,3
agreement,3
debatenight,3
gooders,3
assistant,3
daughter,3
investigate,3
retail,3
taxfraud,3
breakout,3
dina,3
behavior,3
source,3
method,3
congratulation,3
special,3
winner,3
inbox,3
journey,3
promise,3
income,3
nice,3
cost,3
internetofthings,3
identifiable,3
derek,3
oppounity,3
challenge,3
bihday,3
digitalsafety,3
affair,3
voice,3
xthe,3
guideline,3
allman,3
stress,3
unfamiliar,3
unusual,3
station,3
retailer,3
enable,3
outside,3
federal,3
determine,3
fill,3
loss,3
ton,3
block,3
permission,3
clear,3
padlock,3
huge,3
grateful,3
note,3
worldpasswordday,3
springcleaning,3
culture,3
passcode,3
authentication,3
vote,3
investment,3
comms,3
itpsychic,3
xcan,3
clean,3
stas,3
potential,3
cybercrime,3
force,3
summit,3
jimmy,3
wrong,3
practice,3
encryption,3
multiple,3
intent,3
quaer,3
deal,3
sarita,3
drop,3
freeze,3
test,3
largest,3
reset,3
reinstall,3
phon,3
advance,3
general,3
proper,3
spot,3
approach,3
donna,3
jack,3
positive,3
license,3
become,3
fulfill,3
button,3
uber,3
allow,3
facebook,3
turn,3
happens,3
repoed,3
screenshot,3
course,3
preference,3
active,3
membe,3
hire,3
assure,3
passing,3
coverage,3
term,3
channel,3
variety,3
require,3
servi,3
law,3
house,2
carpet,2
star,2
initiate,2
chris,2
arrest,2
lockman,2
theater,2
stephen,2
academy,2
innaccurate,2
incorrect,2
beam,2
commanderlevel,2
enthusiasm,2
shread,2
joining,2
space,2
curious,2
effective,2
surroundings,2
woh,2
headache,2
bih,2
phish,2
justice,2
prisoner,2
seoane,2
grant,2
heableed,2
katrina,2
dictionary,2
nobody,2
application,2
retrieval,2
retrievable,2
pattern,2
weight,2
newbeginnings,2
replacement,2
cindy,2
scientist,2
treasure,2
morell,2
katie,2
author,2
minnesota,2
john,2
paperwork,2
bait,2
pocket,2
browser,2
present,2
california,2
suspicious,2
connection,2
chatzky,2
jean,2
lemon,2
instruction,2
premiere,2
concerned,2
worker,2
csicyber,2
cross,2
young,2
voicemail,2
wage,2
humanity,2
habitat,2
infographic,2
investigation,2
nation,2
wonderful,2
receives,2
invaluable,2
highest,2
contention,2
substance,2
disagree,2
bobbi,2
lifelockhackathon,2
handy,2
eye,2
aists,2
suppoed,2
android,2
cloud,2
damage,2
stuff,2
smaphones,2
nationaladoptionday,2
cou,2
applicant,2
excellent,2
beach,2
cybercriminals,2
supervisor,2
mini,2
country,2
beat,2
registry,2
gon,2
period,2
phase,2
cash,2
rental,2
pair,2
past,2
executive,2
memphis,2
passwordday,2
fostercaremonth,2
explains,2
price,2
protected,2
mobileapps,2
internetsafetymonth,2
software,2
gether,2
securitycat,2
abuse,2
elder,2
speed,2
save,2
interview,2
vulnerability,2
boy,2
peep,2
july,2
ttot,2
taxi,2
rideshare,2
firework,2
authenticself,2
bag,2
spread,2
lesser,2
super,2
career,2
job,2
scanner,2
workshop,2
basic,2
storm,2
stanford,2
friday,2
brown,2
condolence,2
close,2
warren,2
cory,2
train,2
plane,2
unplugging,2
xclost,2
field,2
mondaymotivation,2
leadership,2
stand,2
aicle,2
gottacatchemall,2
tuesdaymotivation,2
passion,2
anthem,2
random,2
stack,2
fridge,2
passcodes,2
intern,2
crook,2
approves,2
healthy,2
technique,2
hackathon,2
offender,2
labordayweekend,2
neverforget,2
compliment,2
gear,2
pres,2
opinion,2
warns,2
collaboration,2
blueshiday,2
anniversary,2
creative,2
balance,2
double,2
celebrity,2
laugh,2
face,2
youth,2
cybhersecurity,2
deadline,2
filer,2
extension,2
reality,2
footprint,2
election,2
washingtondc,2
october,2
staed,2
touch,2
respondent,2
discount,2
register,2
russian,2
linkedin,2
diet,2
dark,2
knowledge,2
theives,2
researcher,2
cyberattack,2
finger,2
professional,2
husband,2
cell,2
fool,2
clarification,2
notice,2
recap,2
related,2
nmember,2
meeting,2
amount,2
thinking,2
fingerprint,2
flashbackfriday,2
holidayshoppers,2
operation,2
plenty,2
female,2
cute,2
exposure,2
plug,2
popularity,2
cookie,2
ceain,2
auto,2
food,2
default,2
green,2
xnot,2
beautiful,2
dataprivacyday,2
delighted,2
prepare,2
organization,2
total,2
decision,2
utah,2
nonprofit,2
caught,2
painful,2
hu,2
move,2
jell,2
official,2
elementary,2
curry,2
davis,2
teddy,2
behm,2
scott,2
signal,2
occurs,2
atm,2
submission,2
rise,2
spent,2
class,2
fantastic,2
former,2
veteran,2
taxseason,2
prevention,2
xonline,2
successful,2
pain,2
root,2
filing,2
george,2
suppos,2
series,2
improvement,2
tighten,2
visiting,2
contain,2
tablet,2
laptop,2
strategy,2
environment,2
attachment,2
guide,2
expose,2
biggest,2
vigilant,2
burglar,2
transition,2
development,2
po,2
restaurant,2
fathersday,2
nglad,2
possibility,2
college,2
choose,2
fuh,2
else,2
experienced,2
nsorry,2
dice,2
xwith,2
commit,2
write,2
dispute,2
accept,2
nthe,2
serious,2
statement,2
item,2
nfor,2
xlisa,2
creditcards,2
reader,2
jamie,2
circumstance,2
september,2
incident,2
dept,2
mistake,2
approx,2
adjust,2
incre,2
issu,2
inquiry,2
sweet,2
amanda,2
gary,2
fast,2
large,2
confirmation,2
allen,2
annoyance,2
forgot,2
unwanted,2
sister,2
conduct,2
generation,2
towards,2
smaer,2
shredder,2
verification,2
fico,2
component,2
xaor,2
status,2
confirm,2
hang,2
occur,2
laura,2
lawmaker,2
city,2
integral,2
staer,2
monday,2
offended,2
raise,2
nplease,2
collect,2
finish,2
threshold,2
todd,2
wireless,2
acce,2
aske,2
resident,2
pea,2
anyt,2
estimate,1
treasury,1
grab,1
pass,1
feeling,1
groundhogday,1
shadow,1
traveltip,1
rougher,1
premier,1
hollywood,1
taxtime,1
valentinesday,1
relationship,1
presidentsday,1
identitythieves,1
identityfraudjavelin,1
securitytip,1
basis,1
regular,1
smash,1
worried,1
protecting,1
opening,1
saturday,1
angeles,1
topcomplaintsny,1
ncpw,1
net,1
facial,1
clock,1
daylightsavingstime,1
rapid,1
ralphie,1
preparation,1
lucky,1
brighter,1
happybihday,1
merchandise,1
agency,1
collection,1
switch,1
lindsey,1
earlene,1
tina,1
merry,1
megan,1
fan,1
prof,1
vice,1
lady,1
combat,1
adviser,1
broker,1
indictment,1
clue,1
maiden,1
boston,1
tragedy,1
prayer,1
episode,1
xcspaces,1
livingsocial,1
worry,1
cincodemayo,1
whole,1
mother,1
ease,1
movie,1
engage,1
cathy,1
betsy,1
alison,1
eah,1
tiffany,1
alisa,1
alicia,1
command,1
outfit,1
wayne,1
vigilance,1
stephanie,1
warp,1
okay,1
used,1
repeat,1
maneuver,1
evasive,1
truth,1
impressive,1
hmmm,1
compnay,1
enters,1
identityprotection,1
hangin,1
somebody,1
shoulder,1
stolen,1
propeies,1
mention,1
dust,1
lifetime,1
lockdown,1
lifestyle,1
refrain,1
encrypt,1
representation,1
father,1
keywords,1
relax,1
route,1
scenic,1
definition,1
streamline,1
passpo,1
photocopy,1
mailbox,1
independent,1
carry,1
upgrade,1
lifelockultimate,1
pile,1
advantage,1
crew,1
baggage,1
autofill,1
skip,1
traveling,1
firewall,1
antivirus,1
hus,1
souvenir,1
afraid,1
recovery,1
moment,1
proect,1
entry,1
neighbor,1
menu,1
toe,1
august,1
expensive,1
withdrawal,1
unlimited,1
pool,1
consent,1
weather,1
football,1
ceificate,1
grandparentsday,1
ciara,1
urge,1
finder,1
convenient,1
lifelockwallet,1
united,1
xgrim,1
navy,1
mastermind,1
massive,1
confirms,1
sentenced,1
ring,1
deductible,1
representative,1
aleed,1
xtax,1
category,1
ampt,1
payroll,1
summary,1
hashtag,1
usernames,1
debut,1
nelson,1
randy,1
repoer,1
graphic,1
deputy,1
tale,1
wear,1
appt,1
csuite,1
taser,1
panel,1
austin,1
speaker,1
idvoices,1
panelist,1
currency,1
xcdata,1
idvictims,1
byers,1
angela,1
attorney,1
borrow,1
xadid,1
xstrong,1
prez,1
dear,1
conerns,1
crack,1
harder,1
florida,1
unused,1
tribulation,1
trial,1
voiceprint,1
detect,1
caller,1
distress,1
thwa,1
shed,1
discontinue,1
geolocation,1
significant,1
remiss,1
earlier,1
internship,1
temp,1
prone,1
divorce,1
wary,1
communication,1
journalist,1
trained,1
usual,1
jaramy,1
adorable,1
xalong,1
awesomeness,1
panered,1
difficult,1
protects,1
scary,1
credential,1
analysis,1
trove,1
miscommunication,1
odds,1
depot,1
homeowner,1
pmpt,1
camelback,1
hometown,1
kindness,1
role,1
pledge,1
intact,1
clarify,1
fatigue,1
vital,1
lose,1
married,1
walk,1
blank,1
leave,1
legitimacy,1
reliable,1
evening,1
penalty,1
shellshock,1
bulletin,1
discontent,1
aim,1
ello,1
hide,1
campaigner,1
undermine,1
greater,1
berners,1
iphone,1
cop,1
guardian,1
larger,1
refers,1
regulator,1
powerful,1
deleted,1
pruzinsky,1
fehrman,1
beazley,1
insurer,1
carexpo,1
expo,1
realtor,1
association,1
fbileeda,1
capitalize,1
domesticviolence,1
excuse,1
manner,1
leaf,1
postal,1
emotional,1
xinternet,1
malicious,1
juicy,1
resist,1
international,1
webcast,1
lowest,1
applies,1
schedule,1
recipient,1
picture,1
rough,1
purchase,1
spon,1
teenager,1
thanksgiving,1
shoer,1
half,1
hero,1
spirit,1
irvine,1
clothes,1
smile,1
francisco,1
fear,1
unsecure,1
unencrypted,1
airline,1
mileage,1
itrc,1
happyholidays,1
along,1
dime,1
joyride,1
discrepancy,1
figure,1
sony,1
enhancement,1
prediction,1
timely,1
pinpoint,1
transfer,1
explainer,1
audience,1
weasel,1
everyday,1
nicole,1
verner,1
mika,1
announces,1
count,1
disclosure,1
scale,1
factor,1
troubleshoot,1
nursing,1
indiana,1
feed,1
americasavesweek,1
america,1
identityfraud,1
passbook,1
university,1
actor,1
nteam,1
guess,1
vivint,1
fostercare,1
hurdle,1
cyberattackers,1
premera,1
prefer,1
protectyourself,1
january,1
tuesdaytips,1
bottom,1
park,1
heavy,1
sojourner,1
diego,1
club,1
survivor,1
bicycle,1
building,1
blur,1
arizona,1
homeless,1
xlargest,1
umom,1
sunnyvale,1
contribution,1
achievement,1
mesa,1
smallbusiness,1
alias,1
frame,1
secret,1
steer,1
survive,1
tag,1
luggage,1
payout,1
joy,1
xtalks,1
xcmo,1
choosing,1
insecurity,1
memorialdayweekend,1
died,1
xthat,1
epic,1
medial,1
comedy,1
righttolaugh,1
kidalliance,1
title,1
huffington,1
paicular,1
baseball,1
treat,1
ptaconv,1
choice,1
hiring,1
strives,1
unclear,1
heard,1
foot,1
cold,1
ptcampglobal,1
empowers,1
javelin,1
kidssafety,1
hargis,1
blueshield,1
bluecross,1
excellus,1
functional,1
race,1
win,1
brainy,1
steady,1
caffeine,1
sugar,1
goofing,1
attsecurityconf,1
toolkit,1
insight,1
complacent,1
anybody,1
takeastand,1
reception,1
assisrance,1
xayour,1
spill,1
horizon,1
deepwater,1
allege,1
reinstalled,1
oversight,1
letting,1
regardless,1
miss,1
customized,1
lie,1
memorable,1
poetry,1
knew,1
robbery,1
whiz,1
unsubscribe,1
tami,1
ideal,1
mannes,1
alternate,1
landlord,1
notifies,1
disney,1
nlife,1
inform,1
readiness,1
tour,1
nsteve,1
orlando,1
committed,1
cable,1
machine,1
hijack,1
lookout,1
pump,1
xfor,1
colorado,1
ball,1
listen,1
phony,1
bravo,1
basketball,1
original,1
albuquerque,1
alive,1
prosecution,1
removal,1
registration,1
leann,1
undeand,1
stealer,1
hater,1
single,1
varies,1
coworkers,1
tree,1
assemblymember,1
calif,1
hall,1
miami,1
physical,1
undergone,1
facility,1
sloane,1
xdvo,1
unpair,1
audio,1
speaking,1
griffith,1
rating,1
priscilla,1
colleague,1
sexual,1
denimday,1
behalf,1
son,1
steve,1
happen,1
accidental,1
strengthen,1
lengthen,1
loved,1
mission,1
karen,1
tyler,1
surfer,1
lifesmas,1
select,1
proposal,1
xeplease,1
player,1
milwaukee,1
accts,1
utility,1
phonescam,1
kodewithklossy,1
womenintech,1
rock,1
frugal,1
cellphone,1
sentiment,1
similar,1
car,1
craigslist,1
tuesday,1
informationsecurity,1
enterprise,1
relation,1
necessary,1
unlock,1
salesman,1
chicago,1
preventative,1
backitup,1
bustle,1
hustle,1
nightmare,1
bridetobe,1
install,1
tunnel,1
socialmedia,1
polite,1
spearfishing,1
familiar,1
internetsafety,1
fresh,1
paw,1
meow,1
xctrespasser,1
breaux,1
josh,1
spin,1
alliance,1
otatrust,1
trusted,1
advocate,1
unrepoed,1
set,1
holistic,1
teamlifelock,1
maughan,1
doug,1
xdelicious,1
scene,1
highlight,1
thghts,1
prnts,1
wold,1
pace,1
elderfraud,1
exploitation,1
neglect,1
glam,1
nationalselfieday,1
founder,1
bayareawomen,1
admit,1
rescue,1
switcharoo,1
noted,1
nosy,1
human,1
authenticity,1
grocery,1
mock,1
luvd,1
seeker,1
addtl,1
hermoneypodcast,1
creditcardfraud,1
shis,1
wowza,1
analyst,1
squadgoals,1
ptacon,1
countingdownthedays,1
cybhersqaud,1
fouhofjulyweekend,1
happythofjuly,1
wknd,1
deets,1
cyberhersquad,1
daswani,1
innovative,1
infosec,1
dream,1
swag,1
final,1
rplace,1
reunite,1
smith,1
bingo,1
icebreaker,1
favebook,1
passionate,1
girlswhocode,1
altimeter,1
etlinger,1
susan,1
harvey,1
securitycodingchallenge,1
yard,1
library,1
optimistic,1
python,1
boneh,1
codelikeagirl,1
script,1
pivotal,1
renewal,1
unplug,1
feat,1
primeday,1
pokemongo,1
gendergap,1
overshare,1
vacay,1
con,1
pro,1
cafe,1
automobile,1
encouraging,1
enforce,1
plugged,1
emojis,1
coder,1
gold,1
mrrobot,1
wednesday,1
stick,1
fridayfeeling,1
xamongo,1
nottoolateto,1
sharing,1
self,1
authentic,1
pleased,1
doc,1
essential,1
unicorn,1
overseas,1
amazed,1
encourages,1
grow,1
gender,1
xamon,1
playing,1
subway,1
guardrail,1
goer,1
xcsafe,1
policing,1
strengthinnumbers,1
cultivate,1
rate,1
pressure,1
blood,1
working,1
delivery,1
decrease,1
staycation,1
banner,1
refer,1
monster,1
groundrules,1
reenforcement,1
crayon,1
pencil,1
smawatch,1
inspired,1
hunt,1
chatter,1
nationaltellajokeday,1
etiquette,1
introduce,1
dinner,1
xagainst,1
match,1
navigation,1
scholar,1
offering,1
traveltuesday,1
skill,1
gaming,1
considers,1
twist,1
heas,1
thankyou,1
agenda,1
septembeh,1
troop,1
regret,1
effos,1
plant,1
indianapolis,1
ngreat,1
productive,1
suggest,1
nro,1
xinclude,1
classroom,1
aparents,1
perspecitve,1
inspire,1
accessible,1
velasquez,1
yahoo,1
impacted,1
calia,1
lina,1
offline,1
granular,1
yahoobreach,1
attn,1
candidate,1
debate,1
electronic,1
pit,1
majority,1
dog,1
stray,1
band,1
doesnt,1
valley,1
west,1
nationalcybersecurityawarenessmonth,1
tank,1
paicipate,1
matata,1
hakuna,1
cybersecure,1
staers,1
techie,1
nonline,1
nfriend,1
apament,1
robber,1
jennifer,1
dayofthegirl,1
sector,1
viual,1
unlocking,1
body,1
pofolio,1
expansion,1
jenny,1
paicipants,1
alternative,1
cyberattacks,1
foreign,1
shoutout,1
snap,1
regulation,1
nationalbullyingpreventionmonth,1
thumb,1
everybody,1
possession,1
devicefreedinner,1
deep,1
proprietary,1
talent,1
medicare,1
paulscarwash,1
act,1
expiration,1
square,1
bell,1
closing,1
fintech,1
mobileapp,1
identifies,1
skin,1
concept,1
ddos,1
botnet,1
mirai,1
stripe,1
magnetic,1
broad,1
struggle,1
lender,1
awhile,1
illuminate,1
bulb,1
light,1
urgent,1
folder,1
voting,1
chas,1
earnings,1
steinke,1
chooseca,1
shape,1
selfies,1
nicki,1
wkly,1
unsecured,1
paypal,1
androidpay,1
applepay,1
passwrds,1
proactive,1
institution,1
demand,1
shoe,1
abcidday,1
promos,1
weekly,1
kevin,1
counterfeit,1
njenny,1
xwhen,1
cybermonday,1
symbol,1
computersafetyday,1
truck,1
daughterswhocode,1
pipeline,1
winter,1
shopse,1
rsvp,1
lates,1
rent,1
min,1
shopaholic,1
harmless,1
position,1
founate,1
mantra,1
shoptillyoudrop,1
following,1
slim,1
cyberherunicorn,1
unconventional,1
problematic,1
hottest,1
male,1
entice,1
nude,1
eligible,1
mike,1
dose,1
happiness,1
transform,1
science,1
exposed,1
scan,1
doubt,1
nhnh,1
blake,1
denise,1
cheer,1
edge,1
familiarity,1
suit,1
marianne,1
annualy,1
cynthia,1
onion,1
desk,1
companywide,1
protecti,1
reveal,1
gooder,1
tues,1
jeaniene,1
skim,1
mktg,1
washington,1
damaging,1
minimize,1
lending,1
predictive,1
someplace,1
squis,1
talked,1
toda,1
legal,1
nare,1
crabtree,1
counsel,1
corp,1
expand,1
cybercrooks,1
discussion,1
livestream,1
england,1
atlanta,1
halftime,1
chew,1
snack,1
watching,1
fixthatplay,1
fixtheplay,1
ouch,1
kick,1
mentor,1
unite,1
responsibili,1
franklin,1
patrol,1
cyberbullies,1
extensive,1
guy,1
xfrom,1
payday,1
ssns,1
migrates,1
platform,1
satisfactory,1
shakira,1
melissa,1
valentine,1
weighs,1
stride,1
mcauliffe,1
terry,1
tempekids,1
district,1
eric,1
ltor,1
inquire,1
provider,1
cody,1
bear,1
xone,1
snafu,1
blown,1
prop,1
corey,1
anxiety,1
leak,1
impersonation,1
aist,1
oldest,1
xcirs,1
sell,1
involve,1
phoney,1
automated,1
swipers,1
database,1
dealership,1
idthieves,1
unneeded,1
commission,1
trade,1
misuse,1
challen,1
vet,1
notch,1
military,1
assoc,1
maintain,1
bomb,1
marine,1
passwordmanagers,1
magicquadrant,1
chime,1
afterlife,1
death,1
cheddarlive,1
enfo,1
canal,1
hate,1
gwcsu,1
immersion,1
proceeds,1
thon,1
semi,1
stadium,1
sean,1
nationalpetday,1
dataanalytics,1
datascience,1
coho,1
expandability,1
compare,1
closet,1
cleaning,1
comp,1
complex,1
phot,1
clutter,1
passw,1
wipe,1
impoance,1
eahday,1
environmental,1
bestcc,1
taking,1
michelle,1
issued,1
rage,1
commitment,1
endorse,1
layerup,1
mana,1
psswrd,1
sensit,1
pose,1
unknown,1
gadget,1
reuse,1
yeah,1
deathstar,1
exhaust,1
backdoor,1
manual,1
presence,1
gamification,1
secondary,1
cisos,1
predicts,1
bump,1
fist,1
smacar,1
jason,1
greg,1
bihdate,1
intersection,1
brian,1
wannacry,1
disappoint,1
billing,1
appreci,1
interaction,1
virus,1
derryck,1
memorialday,1
getaway,1
sale,1
browse,1
latergram,1
nben,1
opted,1
grad,1
coincide,1
simon,1
burrito,1
tasty,1
chipotle,1
recommends,1
stig,1
kaycee,1
karl,1
primary,1
xaffor,1
stoked,1
sand,1
bury,1
strike,1
hesi,1
xafi,1
math,1
semester,1
lori,1
roger,1
mitch,1
fuhe,1
daily,1
mediate,1
strat,1
misskris,1
samantha,1
securel,1
ability,1
occasion,1
tried,1
jeff,1
neede,1
creditrepoerrors,1
discontinuation,1
xcstop,1
pizza,1
noon,1
lynn,1
unexpected,1
signing,1
calin,1
xcscan,1
probl,1
prob,1
understanding,1
whitney,1
population,1
history,1
unfounate,1
mine,1
technical,1
intermitt,1
load,1
joel,1
uninsta,1
answ,1
canada,1
heavier,1
xhow,1
increas,1
assis,1
average,1
missy,1
usage,1
intermitten,1
func,1
dramatic,1
julian,1
equifaxdatabreach,1
typo,1
kend,1
jerry,1
creditscore,1
invisible,1
elisa,1
anne,1
cheryl,1
rece,1
cont,1
strive,1
quality,1
boost,1
upcoming,1
receiving,1
detai,1
confi,1
harini,1
reinstate,1
brand,1
julie,1
notif,1
notified,1
gotten,1
andre,1
third,1
xato,1
purpose,1
scammed,1
securit,1
addres,1
priv,1
upbeat,1
cooky,1
thursday,1
identify,1
sophisticated,1
submi,1
promotional,1
welfarefraud,1
fighting,1
ficoscore,1
incentive,1
scenario,1
serv,1
wife,1
identitytheftprotection,1
ghoulish,1
qarmaine,1
disconnected,1
netflix,1
section,1
edit,1
leslie,1
bure,1
urban,1
interne,1
depa,1
unfounately,1
hunting,1
outage,1
holidayshopping,1
veri,1
advise,1
lesley,1
key,1
timeframe,1
plea,1
undergoing,1
gregg,1
paus,1
silent,1
databreaches,1
depam,1
addi,1
appreciated,1
justin,1
exceed,1
filter,1
scheme,1
immediat,1
servic,1
anytim,1
requested,1
regardl,1
persona,1
fund,1
reimbursement,1
package,1
lawyer,1
premium,1
restriction,1
xafor,1
unavailable,1
industry,1
banking,1
nlaura,1
ngive,1
anthony,1
transact,1
