mantech,176
contract,66
suppo,61
cyber,57
govcon,54
service,39
event,38
system,36
year,36
job,27
veteran,26
security,26
military,25
today,25
company,24
task,23
order,22
engineering,22
list,21
solution,20
mission,19
business,19
president,19
award,17
cybersecurity,16
defense,16
technology,16
interview,16
work,16
group,15
international,15
acquisition,15
join,15
thank,15
army,14
center,14
program,14
employer,13
name,13
mant,13
federal,13
announces,13
intelligence,13
software,12
financial,12
learn,12
proud,12
congrats,12
information,12
stop,12
click,11
senior,11
sponsor,11
leader,11
best,11
fiscal,10
vice,10
technical,10
quaer,10
release,10
earnings,10
help,10
leadership,10
career,10
team,10
phillips,10
naval,9
office,9
market,9
contractor,9
tech,9
oppounities,9
employee,9
conference,9
great,9
meet,9
call,8
schedule,8
tet,8
subsidiary,8
test,8
range,8
bill,8
post,8
network,8
open,8
connect,8
ready,8
thanks,8
kevin,8
health,8
provide,7
receives,7
view,7
logistics,7
george,7
developer,7
check,7
ausa,7
tomorrow,7
congratulation,7
wash,7
chief,7
professional,7
fairfax,6
result,6
operation,6
division,6
telescope,6
warfare,6
engineer,6
continue,6
varner,6
valuable,6
baltimore,6
full,6
land,6
next,6
development,6
executive,6
lounge,6
announce,6
networking,6
area,6
rick,6
talk,6
officer,6
industry,6
data,6
look,6
third,5
clearedjobfair,5
techexpo,5
silva,5
unit,5
navy,5
mcis,5
techshare,5
management,5
aircraft,5
corp,5
marine,5
clearance,5
need,5
register,5
visit,5
force,5
panel,5
bjornaas,5
mrap,5
time,5
agency,5
pedersen,5
position,5
afcea,5
week,5
advisory,5
wagner,5
sure,5
meetmantech,5
booth,5
wire,4
corporation,4
family,4
face,4
command,4
fedconnects,4
polygraph,4
malware,4
space,4
mclean,4
idiq,4
daniel,4
terrorism,4
paners,4
magazine,4
mchugh,4
brian,4
cloud,4
infrastructure,4
sunshield,4
maintenance,4
ship,4
analyst,4
enterprise,4
corporate,4
employeroftheweek,4
growth,4
share,4
strategy,4
student,4
deputy,4
annual,4
camp,4
nasa,4
pentagon,4
deal,4
oppounity,4
future,4
hope,4
sustainment,4
breakfast,4
symposium,4
discus,4
vervaet,4
winner,4
everyone,4
success,4
west,4
happy,4
fair,4
joint,4
excited,4
forget,4
vote,4
march,4
investigation,3
bureau,3
feed,3
fouh,3
dividend,3
chairman,3
ryan,3
terry,3
programmer,3
worldwide,3
poly,3
kjobsmission,3
hbgary,3
head,3
louis,3
anti,3
webb,3
show,3
america,3
huntsville,3
able,3
strategic,3
keefe,3
learningelite,3
vehicle,3
info,3
access,3
government,3
sale,3
dtic,3
border,3
tool,3
integration,3
surface,3
cissp,3
casp,3
vulnerability,3
penetration,3
customer,3
challenge,3
product,3
site,3
reston,3
secretary,3
platform,3
honor,3
afceacyber,3
prime,3
invitational,3
active,3
charge,3
recharge,3
innovation,3
virginia,3
threat,3
national,3
life,3
hiring,3
modernization,3
capability,3
little,3
book,3
govconawards,3
herndon,3
second,3
generation,3
discussion,3
many,3
world,3
news,3
global,3
jailbreak,3
yvonne,3
good,3
tonight,3
influential,3
recruiter,3
recruitmilitary,3
washington,3
spot,3
university,3
assurance,3
kudos,3
practice,3
hand,3
human,3
recruiting,3
himss,3
detail,3
committee,3
come,3
capture,3
qinetiq,2
additional,2
computer,2
facility,2
depament,2
unavailable,2
ambush,2
resistant,2
mine,2
state,2
communication,2
evolvent,2
nasdaq,2
bell,2
ceremony,2
closing,2
initiative,2
congressman,2
miss,2
webinar,2
gwac,2
addeo,2
eife,2
eric,2
alta,2
cttso,2
citrix,2
panership,2
blogger,2
guest,2
research,2
protection,2
country,2
civil,2
attacker,2
safety,2
hear,2
lead,2
local,2
channel,2
exhibit,2
cisr,2
viual,2
prestigious,2
play,2
delta,2
healthcare,2
exhibitor,2
fraud,2
workforce,2
pscyber,2
mark,2
evaluation,2
bishop,2
chris,2
dorman,2
john,2
endpoint,2
james,2
month,2
online,2
email,2
camo,2
multiple,2
dcgs,2
opening,2
sector,2
private,2
venture,2
document,2
vet,2
oasis,2
cafe,2
paner,2
enhances,2
mentor,2
bgov,2
largest,2
stem,2
womeninstem,2
devops,2
profit,2
danielkeefe,2
selects,2
multi,2
aggregation,2
tap,2
comment,2
friendly,2
advocate,2
outstanding,2
dipippa,2
judith,2
project,2
nexolve,2
jwst,2
goal,2
lunch,2
combat,2
secures,2
secu,2
allsource,2
field,2
planning,2
training,2
hyatt,2
repos,2
take,2
huge,2
meeting,2
safe,2
memorial,2
want,2
itjobs,2
manager,2
amazing,2
afceatechnet,2
schaad,2
laboratory,2
donate,2
sign,2
warfighters,2
finalist,2
push,2
readiness,2
secure,2
twomey,2
shout,2
consecutive,2
veteransday,2
digital,2
november,2
writes,2
pa,2
woman,2
gold,2
judy,2
showcase,2
infozen,2
innovative,2
prot,2
plan,2
transition,2
recognition,2
morning,2
february,2
paul,2
trust,2
public,2
cio,2
saic,2
rsvp,2
yesterday,2
brewing,2
wonderful,2
cast,2
watch,2
matter,2
impoant,2
number,2
edge,2
summit,2
expes,2
resource,2
food,2
successful,2
analytics,2
gain,2
director,2
landwarnet,1
paicipate,1
goldstein,1
scott,1
listen,1
radio,1
offic,1
operating,1
current,1
structure,1
fastest,1
foune,1
agric,1
tuccillo,1
ralph,1
journal,1
metro,1
october,1
iraq,1
battle,1
operate,1
comprehensive,1
geoint,1
afghanistan,1
cellular,1
sacrifice,1
mtcsc,1
house,1
medium,1
dutch,1
attend,1
drug,1
sustain,1
trantech,1
colombia,1
narcotic,1
april,1
depamen,1
gover,1
available,1
request,1
surv,1
developmental,1
attorney,1
ability,1
netwitness,1
energy,1
solar,1
fairfa,1
semi,1
initiation,1
fuel,1
youth,1
july,1
analytical,1
follow,1
thurman,1
deborah,1
aberdeen,1
smoothie,1
fruit,1
credit,1
close,1
analytic,1
ambiance,1
signature,1
carderock,1
michael,1
achievement,1
cody,1
muge,1
defeat,1
device,1
explosive,1
enters,1
darpa,1
integrated,1
chadason,1
general,1
omnibus,1
united,1
extension,1
navair,1
cat,1
consultant,1
nhbgary,1
dodiis,1
commercial,1
expands,1
relative,1
video,1
impressive,1
antech,1
ceiling,1
boot,1
hunter,1
free,1
nation,1
keep,1
independence,1
mar,1
mystery,1
uncover,1
august,1
chicago,1
demo,1
gfirst,1
bethesda,1
cougar,1
region,1
capital,1
lilley,1
presentation,1
thanx,1
angel,1
sids,1
race,1
discover,1
eagle,1
fluor,1
guardrail,1
ahlta,1
theater,1
tricare,1
win,1
marrio,1
instructor,1
delivery,1
lcmc,1
cecom,1
servic,1
http,1
highlight,1
frontlines,1
ttps,1
funding,1
flexibility,1
dialogue,1
aiculate,1
maintain,1
pick,1
search,1
assistance,1
counteerror,1
risk,1
vigilant,1
watchful,1
ale,1
pederson,1
cyberattacks,1
attitude,1
investor,1
survey,1
making,1
hired,1
dallas,1
challenging,1
detection,1
landscape,1
persistent,1
evasive,1
piece,1
enforcement,1
equipment,1
train,1
cisocyber,1
afcean,1
awarded,1
ha,1
custom,1
arlington,1
hotel,1
doubletree,1
ninnovations,1
small,1
fulfillment,1
reynolds,1
keynote,1
noblis,1
boozallen,1
manpower,1
insasummit,1
colleague,1
layer,1
template,1
manufacturing,1
complete,1
grumman,1
nohrop,1
move,1
flynn,1
adjudicator,1
registration,1
budget,1
question,1
answer,1
drill,1
cyberattack,1
light,1
response,1
incident,1
tip,1
evaluate,1
firm,1
ranked,1
option,1
oversee,1
goodrich,1
slot,1
promotes,1
listing,1
preview,1
gentile,1
degree,1
master,1
xpoly,1
build,1
colo,1
aurora,1
intell,1
aicle,1
recovery,1
charity,1
consulting,1
techexpos,1
candidate,1
attn,1
responder,1
version,1
updated,1
subisidiary,1
initial,1
sustainability,1
client,1
homeland,1
charleston,1
cook,1
bonnie,1
find,1
allied,1
winter,1
plain,1
reimbursement,1
tuition,1
talent,1
attract,1
personnel,1
excellence,1
category,1
columbia,1
retweet,1
crystalcity,1
chabot,1
pass,1
boarding,1
print,1
hall,1
expo,1
room,1
activedefense,1
update,1
bigdataanalyti,1
cognitivecomputi,1
saffron,1
fraudsters,1
offer,1
competitornews,1
globalidentitysummit,1
consoium,1
biometric,1
ncsam,1
fixthegap,1
remark,1
shaw,1
nswcdahlgren,1
seapo,1
trend,1
tough,1
normal,1
xcnew,1
tcgsecurityseries,1
andrew,1
shape,1
comber,1
stephen,1
give,1
fysbia,1
large,1
ausaglobal,1
closym,1
member,1
launch,1
writer,1
immediate,1
welkinassociates,1
expansion,1
eye,1
schulterbrandt,1
takisha,1
beat,1
inno,1
medical,1
carl,1
county,1
exciting,1
notch,1
profile,1
forbes,1
receive,1
honoree,1
paralyzed,1
completes,1
maritime,1
delivers,1
fedramp,1
congratulate,1
first,1
tent,1
afceaglobalid,1
hide,1
deliver,1
unemployment,1
disabled,1
employ,1
employment,1
afceahealthit,1
premier,1
component,1
informational,1
board,1
rioja,1
jose,1
east,1
island,1
amelia,1
counter,1
saturday,1
stafford,1
outlook,1
street,1
figure,1
bump,1
forecast,1
saudi,1
mellon,1
carnegie,1
environmental,1
coastal,1
water,1
southwest,1
prepare,1
congratulates,1
organization,1
bices,1
spring,1
control,1
present,1
krieger,1
value,1
publication,1
hosting,1
instrumental,1
thrilled,1
proposal,1
process,1
counterintelligence,1
missiledefense,1
biometrics,1
liskouski,1
suzanne,1
edward,1
collaboration,1
excellent,1
paicipants,1
whsr,1
provider,1
secret,1
rank,1
atlantic,1
spawarsyscen,1
observatory,1
washtech,1
buy,1
bolster,1
xlost,1
survive,1
recoup,1
washingtonexec,1
sgedinner,1
insaexcom,1
welcome,1
apmpnca,1
categorymanagement,1
infragardncr,1
day,1
boost,1
behalf,1
xaisr,1
potential,1
analysis,1
sensor,1
dankeefe,1
bordersecurity,1
usnavy,1
sponsorship,1
donation,1
generous,1
gxtake,1
dmix,1
dhms,1
subcontract,1
graduate,1
trench,1
damian,1
fedtalks,1
strawderman,1
rogers,1
mccaleb,1
ernest,1
critical,1
cool,1
dinner,1
insaleadership,1
suppoed,1
awesom,1
tour,1
alumnus,1
purdue,1
fedtech,1
promotion,1
merger,1
acquires,1
weapon,1
secur,1
counterintellligence,1
intermediate,1
securi,1
window,1
specialist,1
desk,1
affair,1
focus,1
operational,1
campus,1
statlercareerfair,1
session,1
spaceflight,1
stratcom,1
airforce,1
game,1
cleared,1
lesson,1
regency,1
stage,1
gather,1
attendee,1
scene,1
fly,1
xaservices,1
alexandria,1
identity,1
institute,1
usarbihday,1
usarmyreserve,1
soldier,1
citizen,1
bihday,1
strong,1
nmood,1
case,1
salute,1
thing,1
coun,1
assistant,1
crew,1
headquaers,1
kid,1
debt,1
cash,1
string,1
resurgence,1
foundation,1
patriot,1
shareholder,1
moment,1
stay,1
weekend,1
relax,1
load,1
dcos,1
ninja,1
individual,1
sans,1
summer,1
surf,1
topwt,1
turn,1
weathered,1
breach,1
prevent,1
glad,1
architecture,1
interoperability,1
subk,1
higher,1
referral,1
scope,1
people,1
talented,1
nmantech,1
scramble,1
golf,1
warrior,1
inaugural,1
money,1
putt,1
cause,1
rific,1
institutiona,1
propulsion,1
transform,1
manage,1
environment,1
toy,1
designer,1
meetup,1
tuesday,1
depends,1
wise,1
betw,1
wednesday,1
drive,1
blood,1
nowings,1
blvd,1
brook,1
location,1
staunton,1
hero,1
ride,1
valley,1
bicycle,1
constant,1
link,1
unified,1
break,1
terror,1
act,1
know,1
patriotday,1
sunrise,1
flag,1
commemoration,1
others,1
legacy,1
september,1
medicare,1
medicaid,1
civilian,1
ink,1
columbus,1
dominance,1
unique,1
speaks,1
andy,1
optimization,1
activity,1
recent,1
storm,1
strongest,1
spear,1
monster,1
xcbest,1
commitment,1
serious,1
revoluti,1
front,1
cybercon,1
nextgen,1
moderate,1
pleased,1
lending,1
womenbiz,1
johnson,1
sheila,1
execution,1
xcgreat,1
genderbias,1
cdcasummit,1
reception,1
speaker,1
uscis,1
volunteer,1
defenseintel,1
ngeorge,1
featuring,1
ce,1
founding,1
maryland,1
consider,1
january,1
tune,1
federalgovernment,1
priority,1
bajinder,1
technica,1
announcement,1
incoming,1
fo,1
meade,1
compan,1
caboose,1
much,1
headset,1
dot,1
stick,1
fire,1
amazon,1
raffle,1
sound,1
spread,1
evening,1
conseque,1
impactful,1
inductee,1
mosaic,1
exceptional,1
place,1
exec,1
hea,1
valentine,1
florida,1
jacksonville,1
attention,1
academy,1
happypresidentsday,1
building,1
unity,1
strength,1
recruit,1
story,1
read,1
way,1
milit,1
brody,1
jeff,1
course,1
wish,1
agile,1
hungry,1
association,1
major,1
select,1
testifies,1
anniversar,1
celebrate,1
collection,1
perspective,1
fresh,1
hello,1
mantastic,1
caer,1
sarah,1
