cybersecurity,93
cybercriminals,30
mpower,22
security,21
cybercrime,21
cyber,17
threat,17
cyberattacks,13
cyberattack,11
best,10
work,9
company,9
attack,9
world,9
look,9
data,8
business,8
industry,8
mcafee,8
skill,7
late,7
protect,7
time,7
group,7
conference,6
ransomware,6
malware,6
learn,6
tool,6
tech,6
future,6
hacker,6
rsac,5
week,5
join,5
cloud,5
year,5
today,5
stop,5
personal,5
find,4
discussion,4
vega,4
help,4
discuss,4
code,4
repo,4
cybehreats,4
summit,4
risk,4
problem,4
people,4
close,4
sydney,4
endpoint,4
machine,4
come,4
wannacry,4
'while,4
research,4
target,4
change,4
blog,4
professional,4
landscape,4
newmcafee,3
community,3
friend,3
cybehreat,3
happen,3
job,3
leader,3
loss,3
human-machine,3
webinar,3
podcast,3
workforce,3
chief,3
use,3
place,3
talk,3
customer,3
strong,3
evolve,3
last,3
hackable,3
share,3
hunt,3
stay,3
tip,3
secure,3
prevent,3
scoop,3
news,3
intelligence,3
detail,3
mind,3
insight,3
scientist,3
team,3
game,3
home,3
campaign,3
relationship,3
rise,3
hack,3
link,3
shankar,3
bitcoin-stealing,3
international,3
phone,2
innovation,2
safer,2
independent,2
large,2
steal,2
solution,2
commitment,2
shamoon,2
great,2
online,2
face,2
petya,2
recent,2
thrive,2
well,2
global,2
defeat,2
lesson,2
watch,2
morning,2
tell,2
user,2
teaming,2
fight,2
tune,2
bring,2
medium,2
social,2
sector,2
womenintech,2
increase,2
explains,2
securityindustry,2
unite,2
sponsor,2
dflabs,2
list,2
strategy,2
human,2
organization,2
winner,2
mcafeepaners,2
paners,2
race,2
real,2
worley,2
detection,2
impact,2
free,2
way,2
good,2
night,2
breach,2
deal,2
blackfriday,2
apps,2
point,2
control,2
holiday,2
hand,2
suppo,2
proactive,2
prediction,2
need,2
miss,2
piece,2
process,2
pull,2
dollar,2
bitcoin,2
operation,2
consumer,2
explore,2
explores,2
defense,2
deficit,2
power,2
technique,2
discus,2
session,2
advance,2
prime,2
smaer,2
vulnerable,2
valentinesday,2
advice,2
give,2
lazarus,2
theft,2
shaila,2
current,2
aggressive,2
cyberbullying,1
laugh,1
'kids,1
cybehieves,1
bank,1
account,1
access,1
unable,1
intimidate,1
cyberalliance,1
challenge,1
togetherispo,1
cyberwarriors,1
passionate,1
respect,1
breakfast,1
woman,1
amazing,1
alive,1
spirit,1
integrating,1
integrate,1
unified,1
everyone,1
stand,1
fought,1
infosec,1
avoid,1
lack,1
demand,1
mean,1
incentive,1
misalign,1
protectio,1
infrastructure,1
hearing,1
congressional,1
witness,1
expe,1
montgomery,1
scott,1
nice,1
incident,1
see,1
survive,1
wave,1
sound,1
possible,1
pure-play,1
excite,1
beware,1
lucrative-commerce,1
focus,1
emerge,1
relate,1
offering,1
darkweb,1
sell,1
friday,1
witsdc,1
oppounity,1
recruit,1
togetherispower,1
collaboration,1
bolder,1
big,1
lead,1
intro,1
govn,1
chance,1
yesterday,1
spoke,1
staed,1
amazon,1
seller,1
third-pay,1
cash,1
fake,1
post,1
credential,1
camera,1
more,1
beat,1
private,1
enforcement,1
initiative,1
nomoreransom,1
browser,1
valid,1
scam,1
investigative,1
snowball,1
interface,1
count,1
testify,1
depew,1
showcase,1
revelation,1
line,1
fault,1
major,1
concern,1
info,1
vendor,1
cybersec,1
enterprise-class,1
describes,1
cringe,1
computer,1
representation,1
hollywood,1
benefit,1
website,1
notice,1
source,1
authority,1
slow,1
nstac,1
priority,1
fellow,1
efficiency,1
automation,1
cashman,1
alternative,1
shoage,1
drive,1
gain,1
unfilled,1
amount,1
scheme,1
princess,1
effect,1
combat,1
decide,1
timeframe,1
steganographic,1
image,1
keep,1
safeconnect,1
activity,1
true,1
interview,1
fascinate,1
misdirection,1
decryption,1
offer,1
trend,1
small,1
device,1
infect,1
copycat,1
grow,1
evidence,1
machine-learning,1
dilemma,1
prisoner,1
'threat,1
cyberrisk,1
london,1
lloyd,1
cryptopay,1
month,1
library,1
newbs,1
combine,1
cyber-defense,1
concerned,1
bright,1
sure,1
generation,1
awesome,1
aificialintelligence,1
worry,1
register,1
wait,1
susceptible,1
call,1
record,1
cyber-attack,1
crime,1
critical,1
combination,1
powerful,1
'human-machine,1
lifeatmcafee,1
greve,1
paula,1
amazonappdev,1
iosdeveloper,1
classroom,1
survey,1
school,1
'time,1
wiredsecurity,1
employee,1
enjoyed,1
thanks,1
deep,1
thing,1
wrong,1
measure,1
boardroom,1
doubt,1
advantage,1
series,1
subscribe,1
podcasts,1
october,1
android,1
development,1
trojan,1
wheelhouse,1
'these,1
hacklable,1
cure,1
fever,1
tactic,1
follow,1
happens,1
guy,1
sept,1
'free,1
shape,1
hear,1
exposure,1
ddos,1
health,1
strategist,1
technical,1
'candace,1
cybercrminals,1
script-based,1
past,1
'pseudo-ransomware,1
arsenal,1
architect,1
topic,1
'automation,1
expensive,1
next,1
spending,1
build,1
evasivemalware,1
block,1
cybersecuritysummit,1
exception,1
cybercrime\xcstegware,1
meet,1
steganography,1
ancient,1
picture,1
text,1
hide,1
message,1
belong,1
twitter,1
architectural,1
ideal,1
agile,1
bullet,1
silver,1
resource,1
impoant,1
kind,1
applies,1
communicate,1
run,1
inte,1
pxgrid,1
demo,1
krishnaprasad,1
'today,1
terrorism,1
culture\xcassume,1
stage,1
blogger,1
truth,1
matrix,1
mind-blowing,1
pill,1
taking\xcblue,1
many,1
incredible,1
employed,1
pseudo-ransomware,1
darkness\xcwelcome,1
nation,1
plunge,1
disguise,1
honored,1
patel,1
raja,1
arm,1
rule,1
rewrite,1
issue,1
tackle,1
serious,1
advisor,1
europol,1
struggle,1
cyber-attacks\xcact,1
declare,1
curve,1
candace,1
speed,1
ancestor,1
honor,1
november,1
malaysian,1
massive,1
country,1
others,1
response,1
*free*,1
fly,1
aptitude,1
pool,1
talent,1
confer,1
latte,1
barista,1
hard,1
nobody,1
fuel,1
platform,1
connect,1
inspiration,1
greysanatomy,1
surface,1
sony,1
gift,1
check,1
notable,1
appear,1
mobile,1
clear,1
intention,1
shopper,1
slew,1
retailer,1
cybermonday,1
model,1
\xchow,1
predictio,1
outline,1
with\xcculture,1
empower,1
feel,1
mess,1
threats\xcculture,1
investment,1
practice,1
\xcculture,1
tnwny,1
warn,1
have\xculture,1
together\xcyou,1
tools,1
element,1
bitc,1
stole,1
boom,1
want,1
margin,1
service,1
culture,1
cybercriminal,1
underground,1
recruiting\xcapprentice,1
learning,1
system,1
leverage,1
malwa,1
spread,1
gang,1
suspect,1
arrest,1
aid,1
lab,1
breaking,1
role,1
aificial,1
limitation,1
busine,1
sustainable,1
widget,1
layer,1
primetime,1
break,1
anatomy,1
grey,1
cyber-safe,1
prosperous,1
happy,1
wishing,1
diversity,1
believe,1
spectre,1
meltdown,1
high-profile,1
fiction,1
fact,1
separating,1
identity,1
occur,1
cyber-resolutions,1
habit,1
emea,1
century,1
differentiate,1
manage,1
cancer,1
battle,1
celeste,1
engineer,1
principal,1
senior,1
defend,1
probability,1
'chief,1
playtow,1
shift,1
paradigm,1
cloud-centered,1
riddle,1
never-ending,1
winter,1
'mcafee,1
themselve,1
fan,1
olympic,1
sma,1
valentine,1
lazar,1
analyst,1
open,1
olympics,1
make,1
date,1
question,1
career,1
blue,1
'roses,1
korea,1
noh,1
update,1
against-,1
think,1
defender,1
campai,1
