cyber,132
cybersecurity,89
threat,50
cyberaware,44
njccic,26
bulletin,23
join,20
incident,19
security,18
month,17
ale,17
read,16
today,16
business,15
victim,14
infosec,14
attack,14
njcyber,11
advisory,11
repo,11
analyst,11
girl,11
analysis,10
work,10
awareness,10
criminal,10
cyberlog,9
webinar,9
learn,9
critical,9
notification,9
train,9
career,9
protect,9
weekly,9
national,9
benefit,8
'week,8
infrastructure,8
membership,8
safe,8
state,8
sector,8
director,7
info,7
culture,7
update,7
intelligence,7
week,7
share,6
organization,6
integration,6
blog,6
jersey,6
online,6
late,5
group,5
scam,5
create,5
tactic,5
risk,5
student,5
next,5
communication,5
podcast,5
event,5
cyberspace,5
summit,5
resource,5
panership,5
free,5
challenge,5
activity,5
post,4
extoion,4
global,4
cyberattacks,4
thank,4
operation,4
local,4
intelunclass,4
season,4
holiday,4
everyone,4
professional,4
cyberawarenj,4
tipoftheday,4
promote,4
look,4
need,4
plan,4
cybersta,4
high,4
help,4
target,4
malicious,4
malware,4
workshop,3
tool,3
use,3
ransomware,3
cell,3
talk,3
@,3
moderate,3
geraghty,3
njohsp,3
capability,3
cybeerrorism,3
information,3
form,3
profile,3
register,3
member,3
rodriguez,3
company,3
cyber-attack,3
nation,3
happeningnow,3
great,3
discuss,3
cybercrime,3
'always,3
want,3
safety,3
annual,3
issue,3
room,3
receive,3
campaign,3
secure,3
badge,3
sign,3
defense,3
program,3
staying,3
steal,3
world,3
system,3
natural,3
paner,3
girlsgocybersta,3
viual,3
advice,3
'happy,3
chance,3
best,2
opmbreach,2
defender,2
head-sta,2
attacker,2
simple,2
advanced,2
landscape,2
trend,2
sept,2
close,2
aware,2
homeland,2
tune,2
chatstc,2
building,2
tell,2
injection,2
rise,2
'weekly,2
hospital,2
conference,2
intel,2
more,2
many,2
enhance,2
healthcare,2
'threat,2
welcome,2
onlinesafety,2
news,2
board,2
software,2
ddos,2
response,2
tip,2
cybermonday,2
tuesday,2
seminar,2
trade,2
espionage,2
russian,2
live,2
policy,2
opening,2
damage,2
cause,2
financial,2
personal,2
data,2
resiliency,2
initiative,2
bank,2
ukrainian,2
energy,2
impact,2
industry,2
real,2
'today,2
barrier,2
camp,2
disruptive,2
consequence,2
trust,2
public,2
community,2
economy,2
brief,2
stem,2
physical,2
'october,2
center,2
california,2
corner,2
normal,2
aftermath,2
immediate,2
crime,2
file,2
address,2
internet,2
host,2
list,2
come,2
protecting,2
listen/download,2
episode,2
preparedness,2
check,2
joint,2
utility,2
kick,2
keep,2
'want,2
network,2
social,2
friend,2
njcybersecurity,2
desk,2
access,2
credential,2
release,2
bureau,2
success,2
woman,2
technology,2
'senior,2
theft,2
identitytheft,2
sure,2
>,2
identity,2
taxseason,2
good,2
sandra,2
pro,2
water,2
day,2
glance,2
last,2
talent,2
cyber-attacks,2
educational,2
interested,2
school,2
attractive,2
education,2
isi,2
korean,2
noh,2
happy,2
valentine,2
request,2
telephone,1
njcitizens,1
real-time,1
goal,1
public-private,1
njgmis,1
table,1
stop,1
sandy,1
lesson,1
applying,1
mission,1
adapt,1
emerge,1
monitor,1
design,1
sharing,1
prog,1
defend,1
employer,1
law,1
mewa,1
change,1
offense,1
foe,1
reinforces,1
proactive,1
entity,1
recommend,1
deputy,1
weinstein,1
david,1
fellow,1
announces,1
training,1
territorial,1
tribal,1
control,1
government,1
reinforce,1
legislation,1
sweeping,1
pass,1
china,1
commit,1
microsoft,1
cyber-risk,1
much,1
vehicle,1
speed,1
pull,1
chase,1
society,1
cyber-crime,1
entry,1
raise,1
patch,1
systems-date,1
town,1
wordpress,1
apple,1
exploitkits,1
fall,1
officer,1
liaison,1
side-side,1
current,1
njtv,1
njtvnewsroom,1
conversation,1
|,1
njohspwebinar,1
trouble,1
disturb,1
weeklybulletin,1
cyberinthenews,1
police,1
commission,1
'federal,1
vulnerability,1
become,1
'registration,1
registration,1
listen,1
ohspwebinar,1
visit,1
tipoftheweek,1
hack,1
bulk,1
chatter-check,1
pope,1
academy,1
account,1
hard,1
authentication,1
-factor,1
urls,1
source,1
open,1
click,1
tomorrow,1
grow,1
focus,1
'national,1
generation,1
inspire,1
forum,1
photo,1
small,1
halloween,1
kid,1
mobile,1
/,1
sheet,1
trick,1
treat,1
fill,1
insurance,1
fawkes,1
password,1
dridex,1
scheme,1
extorion,1
actor,1
primary,1
njfirstnews,1
radio,1
richeyrules,1
ltps,1
contest,1
socialmedia,1
fight,1
frontline,1
proud,1
exec,1
pharma,1
mitigate,1
expensive,1
official,1
magazine,1
level,1
announcement,1
discussion-sign,1
standard,1
leader,1
select,1
isao,1
deal,1
care,1
health,1
kidnapping,1
cyberales,1
watch,1
state-level,1
model,1
ciso,1
shop,1
building-stop,1
assist,1
series,1
voluntary,1
approach,1
center-style,1
fusion,1
consolidate,1
'become,1
'here,1
morning,1
useful,1
amount,1
tremendous,1
manage,1
phenomenal,1
video,1
infection,1
viral,1
cure,1
backup,1
chair,1
panel,1
associate,1
trinity,1
frameworkpos,1
-join,1
meet,1
slow,1
climb,1
teex,1
exercise,1
cybe,1
apply,1
symposium,1
speak,1
cyberattack,1
rfun,1
grid,1
power,1
ukraine,1
division,1
oppounities,1
break,1
cyberaw,1
size,1
matter,1
effect,1
devastate,1
effos,1
fuel,1
likely,1
internet-things,1
ncsam,1
mark,1
'yesterday,1
profit-motivated,1
vulnerable,1
=,1
facility,1
successful,1
pa,1
njleague,1
tailor,1
food,1
agriculture,1
cisrmonth,1
freightrail-sector,1
mike,1
steel,1
secret,1
thyssenkrupp,1
priva,1
digital,1
alliance,1
undermine,1
bad,1
naive,1
perpetual,1
engage,1
adversary,1
grizzly,1
statement,1
odni,1
united,1
committee,1
service,1
arm,1
senate,1
stream,1
procedure,1
clear,1
kill,1
face,1
hazard,1
terrorism,1
evaluate,1
snapshot,1
intent,1
possess,1
terrorist,1
cou,1
federal,1
sentence,1
loss,1
responsible,1
ringleader,1
hacking,1
financ,1
flourish,1
technical,1
chief,1
costly,1
long-lasting,1
most-tech,1
intercept,1
submit,1
teex-,1
'students,1
mandiant-trends,1
breach,1
indictment,1
april,1
date,1
developm,1
monmouth-ocean,1
hometown,1
first-ever,1
begin,1
scout,1
ready,1
cyberattack\xthe,1
virus,1
unknown,1
firm,1
private,1
commercial,1
'reuters,1
'ukrainian,1
unit,1
multiple,1
logistics,1
transpo,1
impo,1
estate,1
boot,1
agency,1
title,1
present,1
serious,1
london,1
teen,1
patel,1
krupa,1
\xcpeople,1
july,1
thursday,1
destructive,1
disruptive/destructive,1
line,1
bottom,1
confidence,1
increasi,1
pose,1
cost,1
impose,1
norm,1
governance,1
integrate,1
prosperity,1
petya,1
wannacry/,1
pursue,1
schmidt,1
rand,1
describe,1
serf,1
framework,1
nice,1
disaster,1
harm,1
asset,1
season-,1
hurricane,1
jewel,1
digital\xccrown,1
restoration,1
recover,1
enforcement,1
bill,1
state/local,1
authority,1
discover,1
device,1
cybera,1
rewa,1
ble,1
explore,1
comprehensive,1
fileless-malware,1
afterschool,1
team,1
'mentor,1
child,1
surf,1
cell\xcnjccic,1
intelli,1
cyberh,1
cybercareerweek,1
dayofcyber,1
delaware,1
resident,1
securit,1
email,1
wednesday,1
field,1
wondering,1
shopping,1
sta,1
taxpayer,1
impoan,1
fouh,1
president,1
continuous,1
study,1
floor,1
meeting,1
cybersecurityclub,1
increase,1
moneytaker,1
gratefulpos,1
cyber-espionage,1
patchwork,1
cautious,1
attend,1
resilience,1
concern,1
snow,1
case,1
clean,1
crimin,1
office,1
card,1
conceal,1
schoo,1
track,1
institute,1
'press,1
panerships,1
contribute,1
young,1
interest,1
depament,1
hire,1
cybers,1
know,1
character,1
nefarious,1
thief,1
cyberse,1
development,1
connection,1
olympics,1
pyeongchang,1
unsu,1
prevalent,1
competition,1
regi,1
basic,1
teach,1
skill,1
unite,1
girlcoders,1
addition,1
tech,1
blast,1
cybernews,1
range,1
globe,1
institution,1
govtech,1
girlsintech,1
prove,1
sma,1
word,1
spread,1
round,1
qualifier,1
centurion,1
luck,1
beckham\xcpizza,1
pizza,1
thei,1
test,1
female,1
future,1
relevant,1
strategy,1
modifies,1
stay,1
decline,1
