network,676
alto,572
palo,554
security,474
week,430
cybersecurity,348
unit,317
learn,308
cloud,229
join,220
threat,210
news,176
prevention,141
channel,134
trap,134
webinar,131
today,121
data,120
next,120
scoop,120
share,119
ignite,118
saas,115
ransomware,114
endpoint,109
attack,101
secure,98
breach,96
register,92
malware,92
recap,89
protection,86
prevent,86
igniteyoursecurity,79
relax,76
protect,75
service,75
cyber,74
enjoy,73
catch,70
review,68
application,68
challenge,68
event,66
latest,66
organization,63
session,63
help,63
team,62
repo,61
credential,60
customer,59
generation,57
platform,55
firewall,54
business,52
live,51
check,50
vulnerability,48
tomorrow,48
watch,48
rsac,47
series,47
year,47
control,45
strategy,43
provider,43
researcher,42
thanks,42
mobile,41
user,41
environment,40
ready,40
labyrenth,39
detail,39
center,38
research,38
public,38
apeure,37
prediction,37
best,37
theft,37
brief,37
intelligence,36
government,36
step,34
recommendation,34
open,34
campaign,34
practice,34
tip,34
japan,33
critical,33
drive,33
insight,33
time,33
february,32
tech,32
automation,32
discus,32
federal,32
globalprotect,31
conference,31
download,31
demo,31
enable,31
target,31
group,31
office,30
track,30
talk,30
question,30
solution,29
leader,29
risk,29
device,29
thing,29
digital,29
meet,28
approach,28
technology,28
safe,28
feature,28
industry,28
healthcare,28
look,28
people,27
book,27
epiccloudsecurity,27
trojan,27
recent,27
future,27
hand,27
cyberpredictions,26
apps,26
exploit,26
trust,26
innovation,25
antivirus,25
happy,25
compliance,25
emea,25
need,25
colossal,24
full,24
performance,24
awesomejerry,23
copy,23
global,23
access,23
last,23
test,23
policy,23
system,23
company,23
malicious,23
available,23
family,22
panel,22
infrastructure,22
android,22
technical,22
hardware,22
spot,22
choice,21
winner,21
preventbreaches,21
guide,21
information,21
attacker,21
evolution,21
trick,21
auscybersummit,20
dummy,20
info,20
leadership,20
paper,20
cyberattacks,20
possible,20
list,20
activity,20
suppo,20
award,19
show,19
impoance,19
right,19
microsoft,19
please,19
paner,19
world,19
visibility,19
financial,19
dive,19
read,19
framework,19
viual,18
vmworld,18
update,18
great,18
game,18
modern,18
avoid,18
power,18
doc,18
expes,18
discovers,18
cybercrime,18
fight,18
advendpoint,17
igniteconf,17
post,17
technique,17
architecture,17
management,17
stop,17
seat,17
product,17
stay,17
john,17
shamoon,16
gdpr,16
summit,16
woman,16
hour,16
good,16
board,16
takeaway,16
mistake,16
email,16
apac,15
davis,15
diversity,15
log,15
paners,15
abuse,15
adoption,15
action,15
sector,15
asia,15
line,15
congrats,15
autofocus,15
consideration,15
call,15
explains,15
discover,15
ngfw,15
value,15
spotlight,15
version,15
experience,15
kit,15
benefit,15
answer,14
trend,14
way,14
tool,14
vote,14
store,14
free,14
sure,14
method,14
discussion,14
january,14
weighs,14
pay,14
analysis,14
epic,14
sta,14
professional,14
multiple,14
model,14
europe,14
ultimate,13
bracket,13
ciso,13
minute,13
small,13
common,13
adversary,13
miss,13
increase,13
oilrig,13
remote,13
kick,13
member,13
actor,13
range,13
traffic,13
effos,13
sofacy,13
japanese,12
insider,12
guardian,12
window,12
bhusa,12
paloaltontwksday,12
cloudsecurity,12
proof,12
phish,12
serious,12
program,12
deployment,12
pacific,12
pa,12
huddle,12
documentation,12
highlight,12
zero,12
work,12
cover,12
problem,12
level,12
first,12
contact,12
awesome,11
visit,11
tokyo,11
wildfire,11
private,11
round,11
education,11
community,11
defense,11
match,11
intel,11
operation,11
link,11
flash,11
software,11
prevents,11
site,11
mining,11
document,11
analytics,11
jerry,10
responsible,10
gillis,10
booth,10
complete,10
want,10
launch,10
career,10
prepare,10
devops,10
december,10
talent,10
blog,10
middle,10
sma,10
machine,10
examines,10
come,10
bank,10
deadline,10
integration,10
buying,10
azure,10
advanced,10
march,10
life,10
girl,10
shift,10
point,10
cyberalliance,9
metal,9
simple,9
success,9
underground,9
australian,9
conversation,9
awareness,9
workforce,9
chance,9
result,9
better,9
david,9
identifies,9
human,9
high,9
executive,9
release,9
real,9
submission,9
hear,9
change,9
internet,9
capability,9
google,9
tactic,9
tune,9
multi,9
response,9
source,9
criminal,9
role,9
badge,9
kriz,8
danielle,8
minemeld,8
keynote,8
mosaic,8
photo,8
edition,8
champion,8
actionable,8
xccybersecurity,8
rise,8
ryan,8
measure,8
subscriber,8
defend,8
sierra,8
connect,8
october,8
president,8
upcoming,8
exam,8
retail,8
bitcoin,8
issue,8
auto,8
traditional,8
engineering,8
reinvent,8
uncovers,8
legacy,8
playbook,8
stas,8
fuel,8
unique,8
second,8
content,8
large,8
major,8
topic,8
grab,8
xcthe,8
advice,8
institution,8
many,8
path,8
project,8
market,8
chairman,8
cryptocurrency,8
skill,8
behavioral,8
reserve,8
disruption,8
infection,7
readiness,7
bundle,7
sign,7
moody,7
lucas,7
petya,7
state,7
enhancement,7
easy,7
magic,7
panorama,7
espionage,7
cyberpedia,7
mark,7
training,7
macos,7
delivery,7
everyone,7
exposure,7
ncsam,7
force,7
biggest,7
productivity,7
care,7
view,7
regional,7
duca,7
sean,7
clara,7
santa,7
november,7
blockbuster,7
cost,7
attendee,7
custom,7
present,7
effective,7
employee,7
uncover,7
cooperation,7
overview,7
scale,7
popular,7
wave,7
note,7
alliance,7
final,7
break,7
wrap,7
day,7
operator,7
posture,7
impact,7
economic,7
class,7
pcnse,7
podcast,7
official,7
season,7
sensitive,7
suppoed,6
election,6
singh,6
navneet,6
nigerian,6
peopleofpanw,6
pedal,6
misuse,6
block,6
infosec,6
prix,6
grand,6
requirement,6
june,6
vancouver,6
mitigate,6
banking,6
risky,6
request,6
submit,6
cyberspace,6
saudi,6
ecosystem,6
matt,6
troubleshoot,6
victim,6
follow,6
house,6
distribution,6
washington,6
overlay,6
landscape,6
awkward,6
scene,6
freemilk,6
demand,6
hacker,6
celebration,6
hopper,6
grace,6
guideline,6
accidental,6
national,6
engineer,6
workload,6
eastern,6
variant,6
unknown,6
lead,6
east,6
welcome,6
resource,6
speak,6
successful,6
proud,6
hard,6
enterprise,6
chain,6
disclosure,6
gift,6
announce,6
protects,6
essential,6
date,6
sale,6
thank,6
costly,6
side,6
third,6
field,6
speaker,6
give,6
white,6
cisos,6
backdoor,6
practical,6
manage,6
guest,6
offering,6
klarich,6
malspam,6
adobe,6
study,6
video,6
davos,6
template,6
hyper,6
capture,6
workshop,6
accelerate,6
student,6
growth,6
scout,6
ceo,6
darker,5
breachprevention,5
breakingawayfy,5
admin,5
periscope,5
manager,5
lightboard,5
rapid,5
hint,5
happyclouds,5
weekend,5
csos,5
surf,5
leak,5
bolster,5
page,5
preparation,5
wanacryptr,5
quiz,5
take,5
impoant,5
matter,5
cybehreat,5
july,5
anything,5
monetization,5
quadrant,5
agility,5
code,5
saassecurity,5
west,5
innovategovt,5
hybrid,5
pick,5
prize,5
cool,5
annual,5
revenue,5
orchestration,5
toast,5
survey,5
splunkconf,5
investment,5
month,5
favorite,5
asean,5
history,5
driver,5
diverse,5
govware,5
cybercriminals,5
international,5
developer,5
comment,5
privacy,5
hall,5
build,5
building,5
hill,5
locky,5
detection,5
automatic,5
rule,5
plan,5
nation,5
mind,5
sunorcal,5
ce,5
door,5
branch,5
coin,5
perfect,5
collaboration,5
australia,5
retailer,5
pricing,5
early,5
advantage,5
reference,5
barcelona,5
congress,5
friday,5
comprehensive,5
compromise,5
black,5
recognition,5
directive,5
focus,5
address,5
leverage,5
director,5
senior,5
oppounity,5
safety,5
online,5
shape,5
camera,5
phishing,5
terraform,5
sophisticated,5
hancitor,5
find,5
current,5
smaer,5
confidence,5
entire,5
examine,5
deliver,5
legitimate,5
forum,4
suicidesquad,4
volume,4
cynja,4
trial,4
intern,4
datacenter,4
checklist,4
privilege,4
sicwsg,4
genius,4
episode,4
school,4
winterfeld,4
design,4
sweep,4
subscribe,4
venti,4
grande,4
tall,4
moscone,4
industrial,4
stage,4
powerful,4
exclusive,4
canon,4
university,4
builder,4
hipaa,4
adware,4
april,4
responsibility,4
subscription,4
flag,4
preview,4
imminent,4
stakeholder,4
innovator,4
evasive,4
fast,4
ipsec,4
congratulation,4
outcome,4
germany,4
general,4
mean,4
regulation,4
summer,4
place,4
united,4
arabia,4
story,4
connectivity,4
xcboundless,4
showcase,4
cyberwar,4
collaborate,4
worry,4
suit,4
xcpatient,4
reveal,4
segmentation,4
morning,4
begin,4
webcast,4
layer,4
various,4
health,4
spy,4
local,4
wednesday,4
xcdark,4
kernel,4
size,4
browser,4
badrabbit,4
assist,4
development,4
clear,4
iiot,4
exec,4
military,4
bear,4
engineersatwork,4
mundhenk,4
cybersec,4
idea,4
gccs,4
openstack,4
fest,4
presentation,4
spark,4
amazon,4
casb,4
equal,4
aificial,4
dialogue,4
unauthorized,4
dilemma,4
category,4
room,4
higher,4
persistence,4
integrity,4
something,4
bird,4
organisation,4
veteran,4
woerner,4
pleased,4
hygiene,4
coverage,4
obfuscation,4
status,4
unlock,4
enough,4
whole,4
brand,4
thought,4
mine,4
knowledge,4
hunt,4
american,4
innovative,4
governance,4
xcgood,4
officer,4
valuable,4
william,4
luminositylink,4
total,4
reason,4
theme,4
script,4
staed,4
frictionless,4
protocol,4
introduces,4
monero,4
russian,4
deal,4
decryption,4
detailed,4
isps,3
fedforum,3
offer,3
toronto,3
mellen,3
cybersummer,3
speaking,3
unix,3
hea,3
sans,3
crime,3
zombie,3
komplex,3
territory,3
spam,3
sound,3
irvine,3
ass,3
positive,3
relies,3
sleep,3
independent,3
tutorial,3
weak,3
toolset,3
dragonok,3
external,3
keepcloudshappy,3
password,3
deserve,3
vendor,3
former,3
noh,3
instagram,3
twitter,3
profit,3
function,3
xagent,3
york,3
save,3
continue,3
gain,3
persistent,3
headline,3
political,3
fill,3
sholy,3
targeted,3
ale,3
bare,3
identify,3
wicys,3
discount,3
word,3
strong,3
imperative,3
toughest,3
implement,3
quote,3
countdown,3
barrier,3
olympic,3
agenda,3
methodology,3
container,3
recovery,3
disaster,3
sho,3
instruction,3
incident,3
everything,3
ursnif,3
finish,3
racer,3
difficult,3
inclusion,3
spydealer,3
cyberforce,3
defeat,3
expectation,3
stem,3
speaks,3
richard,3
region,3
communication,3
sense,3
deploy,3
dynamic,3
oppounities,3
curious,3
fingeips,3
shot,3
skohunt,3
consecutive,3
ganer,3
cybehreats,3
explores,3
geopolitics,3
strengthen,3
apology,3
understand,3
xcpalo,3
chin,3
lawrence,3
breed,3
mission,3
blueprint,3
clean,3
process,3
loyalty,3
apple,3
singapore,3
interpol,3
keep,3
consistency,3
define,3
september,3
calendar,3
closer,3
tanneryway,3
logging,3
announces,3
course,3
suppos,3
face,3
key,3
cyberattack,3
meeting,3
cambridgecyber,3
beta,3
defender,3
contender,3
honor,3
form,3
newest,3
imposter,3
cybergirlscouts,3
capitol,3
firm,3
treat,3
everybody,3
dark,3
notification,3
tunnel,3
money,3
hasib,3
mansur,3
special,3
authentication,3
multifactor,3
advance,3
contest,3
price,3
country,3
behavior,3
superior,3
texas,3
plano,3
boston,3
announced,3
pas,3
blockchain,3
automate,3
america,3
soderlund,3
karl,3
disrupt,3
holiday,3
feed,3
ansible,3
border,3
botnet,3
dream,3
element,3
corner,3
supply,3
planning,3
unwrap,3
make,3
effo,3
concept,3
bheu,3
tale,3
outline,3
powershell,3
excitement,3
social,3
priority,3
thursday,3
desk,3
reject,3
downtime,3
meltdown,3
spectre,3
moonshot,3
hello,3
mindset,3
anaheim,3
phone,3
xmrig,3
capacity,3
balance,3
ease,3
move,3
mentality,3
purchasing,3
catalyst,3
bigger,3
player,3
fundamental,3
smaphones,3
vulnerable,3
medical,3
person,3
myth,3
ceification,3
monitoring,3
magnifier,3
xcdon,3
enhance,3
panic,3
academy,3
boost,3
preventive,2
deck,2
cybersecurityblockers,2
italian,2
andromeda,2
powerware,2
walkthrough,2
cyberchallenges,2
gathering,2
cryptxxx,2
switch,2
afraidgate,2
propagation,2
meti,2
spynote,2
safari,2
daly,2
stride,2
plugin,2
unusual,2
orcus,2
cybernetics,2
denmark,2
radoor,2
louise,2
charger,2
tilton,2
combo,2
threatintel,2
overlap,2
darkhotel,2
cookles,2
homekit,2
baked,2
fresh,2
squad,2
suicide,2
patsalas,2
bounty,2
dotw,2
respect,2
sddc,2
cardboard,2
vive,2
hughes,2
installment,2
emulation,2
binary,2
xaoh,2
unicorn,2
python,2
spending,2
describes,2
internfest,2
hacking,2
dualtoy,2
mile,2
promo,2
supercar,2
kaplan,2
secret,2
clark,2
robe,2
applewatch,2
paradox,2
racing,2
end,2
steer,2
website,2
confucius,2
preventable,2
culture,2
difference,2
hutchinson,2
marie,2
dawn,2
neutrino,2
angler,2
eitest,2
inaugural,2
random,2
warren,2
pamela,2
minister,2
awscloud,2
cseu,2
poland,2
exfiltration,2
stiennon,2
xcthere,2
jakaa,2
reader,2
proactive,2
shoer,2
blacklist,2
spambot,2
clever,2
negotiable,2
atm,2
houdini,2
hworm,2
psychology,2
teach,2
coffee,2
prince,2
ross,2
damon,2
csaw,2
preventative,2
administration,2
qradar,2
unrestricted,2
preventing,2
hawaii,2
afceatechnet,2
standard,2
testing,2
remarkable,2
god,2
xcagainst,2
cureton,2
linda,2
warbuon,2
recruitment,2
relation,2
osborne,2
district,2
township,2
maine,2
fossil,2
taiwanese,2
brian,2
blacknurse,2
dramatic,2
xcdroidplugin,2
pluginphantom,2
hash,2
iocs,2
steve,2
explore,2
canadian,2
persist,2
personnel,2
proliferation,2
crack,2
toolsets,2
samsa,2
driven,2
ireland,2
confront,2
worldwide,2
prosperity,2
resiliency,2
confronts,2
search,2
smbs,2
matrix,2
compatibility,2
darkleech,2
pseudo,2
setting,2
picture,2
cause,2
race,2
client,2
pppoe,2
dhcp,2
refine,2
stegano,2
thwas,2
spin,2
fintech,2
pace,2
nest,2
unravel,2
quasar,2
downeks,2
wreck,2
mccann,2
license,2
paloaltonetworks,2
appliance,2
bittianda,2
giveaway,2
darknet,2
stegbaus,2
limited,2
audience,2
budget,2
stream,2
formal,2
empowers,2
scalable,2
menupass,2
analyze,2
complexity,2
conscious,2
openness,2
leakage,2
solidifies,2
easier,2
nist,2
opennfv,2
kiosk,2
emotional,2
excellence,2
gamaredon,2
iframes,2
play,2
sharp,2
purpose,2
listen,2
intelligent,2
journey,2
msrc,2
extend,2
keylogger,2
ranran,2
xccan,2
igniteyoursec,2
snag,2
marchmadness,2
opening,2
rooting,2
competition,2
collegiate,2
petersburg,2
win,2
droidplugin,2
aggressive,2
keystone,2
github,2
dimnie,2
thai,2
rat,2
moonwind,2
trochilus,2
resilience,2
dvrs,2
linux,2
sequel,2
micropsia,2
kasperagent,2
choose,2
upgrade,2
mask,2
titus,2
magnitude,2
fitness,2
puzzle,2
tackle,2
bite,2
law,2
jennifer,2
cardinal,2
pipeline,2
sneak,2
defence,2
input,2
fake,2
surveillance,2
whitepaper,2
deter,2
governmental,2
menu,2
repeatability,2
kazuar,2
attention,2
buchanan,2
lab,2
evolves,2
nemucod,2
teaser,2
eager,2
vetsintech,2
animal,2
spirit,2
term,2
inadequate,2
swag,2
rethink,2
european,2
alabama,2
impress,2
cyberhygiene,2
interest,2
tule,2
falcon,2
contract,2
desktop,2
specialization,2
sniff,2
norm,2
france,2
kingdom,2
sponsor,2
consume,2
flip,2
interface,2
night,2
lionel,2
workplace,2
visible,2
harder,2
culley,2
adrian,2
decline,2
commission,2
stamp,2
plugx,2
loss,2
determine,2
phoenix,2
boundless,2
pilot,2
virginia,2
gamification,2
interview,2
emirate,2
arab,2
turkey,2
monthly,2
evasion,2
inspirational,2
king,2
xintangibles,2
progressive,2
propey,2
intellectual,2
machinery,2
textile,2
honeypot,2
host,2
affect,2
panership,2
korea,2
xctick,2
greenbug,2
lesson,2
front,2
whodunit,2
webshell,2
xcfoudre,2
xcinfy,2
stats,2
clientless,2
expanded,2
agreement,2
exchange,2
ticket,2
survival,2
foune,2
seventh,2
quicker,2
achieve,2
awssummit,2
contractor,2
individual,2
chthonic,2
notepad,2
case,2
skowhatweremadeof,2
nisp,2
trip,2
coast,2
wehireleaders,2
claim,2
configuration,2
breakout,2
citizen,2
khrat,2
xcspies,2
winkler,2
usage,2
number,2
draft,2
learning,2
snowball,2
breakdown,2
example,2
hiroshi,2
execution,2
scada,2
vmware,2
gap,2
gear,2
press,2
msignite,2
touch,2
efficiency,2
availability,2
agenttesla,2
sea,2
xcconfluence,2
production,2
reliability,2
spyware,2
finspy,2
xcwomen,2
initiative,2
surface,2
reduces,2
collect,2
name,2
probe,2
raymond,2
eric,2
bazaar,2
cathedral,2
hogan,2
butler,2
spear,2
hijack,2
cambridge,2
understanding,2
panerships,2
sicw,2
combat,2
staysmaonline,2
injector,2
mafia,2
delay,2
minimize,2
gold,2
safeguard,2
influence,2
fame,2
jump,2
type,2
philadelphia,2
founefuture,2
celebrate,2
confident,2
subaat,2
underworld,2
inpage,2
javascript,2
static,2
opex,2
predictable,2
bubble,2
weekly,2
mandatory,2
educational,2
cetpa,2
clause,2
xcright,2
inspection,2
legislation,2
prepared,2
expansion,2
communicator,2
xcalma,2
harness,2
revolution,2
teddy,2
spent,2
volunteer,2
mongodb,2
elasticsearch,2
patient,2
space,2
paicipants,2
indonesia,2
crucial,2
myanmar,2
vietnam,2
operational,2
samsung,2
sample,2
invite,2
reverse,2
storage,2
close,2
roundtable,2
ramah,2
gary,2
guardduty,2
invent,2
uboatrat,2
inline,2
promise,2
weather,2
payment,2
healthpaners,2
xclife,2
rugby,2
barnes,2
wendy,2
blur,2
shopper,2
invoice,2
mestre,2
automator,2
instance,2
brightest,2
boldest,2
heard,2
perimeter,2
attend,2
chat,2
womenincyber,2
presidency,2
cross,2
scam,2
horizon,2
twoface,2
plague,2
slovakia,2
joy,2
exfiltrate,2
infect,2
compromised,2
uncommon,2
requir,2
xcciso,2
cybehieves,2
xcdarkmarket,2
registration,2
refuels,2
rompetrol,2
lucrative,2
ransom,2
reach,2
expe,2
discovering,2
powerstager,2
defen,2
francisco,2
fuher,2
migration,2
architect,2
cybe,2
orgs,2
stealthiest,2
decoy,2
expeise,2
austin,2
holistic,2
quick,2
accounting,2
fouh,2
road,2
silk,2
mastermind,2
kingpin,2
comnie,2
tcea,2
etay,2
unpatched,2
livestream,2
inevitable,2
entrepreneur,2
tweet,2
resistance,2
chief,2
reveals,2
mail,2
sorry,2
xcworld,2
calatayud,2
paul,2
curve,2
xccyberlaw,2
prevalence,2
dead,2
account,2
fraudulent,2
utilize,2
transpoation,2
footage,2
happen,2
strange,2
woh,2
several,2
poal,2
oopsie,2
roll,2
router,2
appreciate,2
secu,2
payload,2
prot,2
signal,2
entity,2
bittorrent,2
promotion,2
overcomes,2
specialty,2
simpler,2
broker,2
creator,2
think,2
endpoin,2
achievable,1
mncs,1
fifth,1
nextwave,1
hierarchy,1
simplify,1
mrrobot,1
internetexplorer,1
beat,1
rebel,1
crypto,1
keyloggers,1
tenant,1
indy,1
phenomenal,1
reaction,1
architectural,1
suggestion,1
material,1
bypass,1
guidance,1
interpret,1
coolest,1
movie,1
combination,1
youth,1
exhibit,1
nextgensecurityplatform,1
guess,1
regtech,1
language,1
mclaughlin,1
seatbelt,1
buckle,1
boardofdirectors,1
differs,1
cloudbytes,1
wefightsma,1
olympics,1
knife,1
army,1
xcswiss,1
layered,1
false,1
decision,1
slow,1
august,1
followfriday,1
finserv,1
nhtt,1
fighter,1
aveo,1
canadatech,1
dimitris,1
peek,1
uptick,1
marc,1
saarc,1
india,1
explosion,1
chas,1
opswat,1
foundational,1
preparedness,1
saturday,1
xccode,1
dose,1
healthy,1
exploration,1
quiktrip,1
score,1
goody,1
citigroup,1
elsey,1
arm,1
palm,1
inflection,1
cyberaware,1
homeland,1
secretary,1
readabookday,1
feedback,1
scenario,1
xabut,1
functional,1
billingtonsummit,1
solicit,1
commends,1
agency,1
xato,1
consider,1
outsider,1
logon,1
shine,1
scribe,1
decade,1
mallesons,1
wood,1
cheng,1
chair,1
lineup,1
falk,1
rachel,1
wise,1
brilliant,1
retired,1
auscybersecurity,1
youtube,1
dilesh,1
fantastic,1
checking,1
offensive,1
smaest,1
pleasure,1
reading,1
sdks,1
rolled,1
zone,1
xcsafe,1
hunting,1
xcif,1
beware,1
nice,1
sight,1
infoandinsights,1
cyberspies,1
replacement,1
nysummit,1
luck,1
laybrenth,1
resilient,1
comms,1
gitex,1
consultation,1
flow,1
sneaky,1
slick,1
wait,1
vnfs,1
catalog,1
attain,1
cybersecurityconvention,1
oltsik,1
divide,1
greg,1
dealerschoice,1
czar,1
stand,1
aisa,1
narrative,1
revelation,1
megennis,1
pelfrey,1
xafmi,1
iphone,1
cybersp,1
anderson,1
cyconus,1
novel,1
reappearance,1
scary,1
halloween,1
godzilla,1
disable,1
option,1
voice,1
improvement,1
significant,1
modernization,1
viualfirewall,1
pro,1
electionday,1
madam,1
ally,1
evening,1
ayiotis,1
christina,1
hostage,1
fire,1
aloha,1
packet,1
splunksecurity,1
mondaymotivation,1
kannry,1
scott,1
poison,1
autoscaling,1
trooper,1
tropic,1
filter,1
repos,1
create,1
updated,1
predicts,1
ghci,1
humansofcybersecurity,1
nthe,1
push,1
membership,1
destructive,1
main,1
broadcast,1
cyberdefence,1
vector,1
bucket,1
strict,1
cnbc,1
maritime,1
brake,1
oiled,1
robust,1
outside,1
recruiter,1
nastiness,1
ransomworm,1
sharin,1
cyberse,1
dig,1
resolution,1
bos,1
sick,1
aftehought,1
kicki,1
aicle,1
entry,1
xcwe,1
configure,1
grid,1
preserve,1
responsive,1
proxy,1
goodbye,1
urgency,1
lie,1
default,1
interzone,1
intrazone,1
hurry,1
concludes,1
xbpay,1
xbafter,1
xbrsa,1
xbhottest,1
xbattend,1
xbto,1
xboppounity,1
xbmiss,1
internship,1
sits,1
tomlinson,1
steffan,1
visionary,1
minus,1
sweet,1
foot,1
lot,1
kicking,1
askpanw,1
send,1
love,1
yousef,1
marketplace,1
comparison,1
easiest,1
connects,1
welcoming,1
distinguish,1
threatprevention,1
command,1
typical,1
detect,1
amazing,1
rundown,1
representative,1
compare,1
ttps,1
prime,1
ethernet,1
walk,1
fasten,1
loader,1
head,1
reception,1
rockin,1
appoints,1
custo,1
delivers,1
tee,1
wristband,1
science,1
fairy,1
chaos,1
battlefield,1
weapon,1
vision,1
appear,1
thwa,1
aim,1
pic,1
decrease,1
lose,1
towards,1
different,1
proposition,1
funding,1
much,1
coordinator,1
introduction,1
infamous,1
expand,1
seek,1
buena,1
yerba,1
marquis,1
marriott,1
tagging,1
iteration,1
hound,1
alias,1
addition,1
mac,1
collaborative,1
emotion,1
mixed,1
theatre,1
xcthreat,1
pablo,1
spread,1
slate,1
blank,1
investigate,1
breakthrough,1
observed,1
tricky,1
grateful,1
assign,1
math,1
correctable,1
encodedcommand,1
cuain,1
sfblog,1
latin,1
investigates,1
statement,1
ncaa,1
ncsc,1
nexuslogger,1
cast,1
limit,1
swing,1
commits,1
cybermoonshot,1
jsacyber,1
fear,1
someone,1
tesser,1
massimiliano,1
perseverance,1
safest,1
know,1
rudimentary,1
xcstories,1
mainstream,1
practitioner,1
disttrack,1
xanow,1
dftz,1
malaysia,1
wake,1
ride,1
fan,1
ewind,1
validate,1
normal,1
select,1
breeze,1
destruction,1
endpointsecurity,1
xacloud,1
advic,1
fallacy,1
depth,1
canaday,1
operationalize,1
unites,1
miller,1
aaron,1
ignit,1
coordinate,1
glimpse,1
gala,1
inductee,1
maythefouhbewithyou,1
starwarsday,1
slas,1
negotiate,1
mssps,1
assistance,1
transnational,1
vicky,1
positivity,1
trustwohy,1
past,1
teamwork,1
teampaloaltonetworks,1
implementation,1
proper,1
diligence,1
arrive,1
let,1
shi,1
additional,1
xcceifications,1
print,1
oppounitie,1
adapt,1
parenting,1
hug,1
standc,1
pepper,1
lizard,1
monkey,1
sethi,1
rinki,1
indicates,1
outsma,1
receive,1
byod,1
securing,1
ingredient,1
ursniff,1
behaviour,1
xcbest,1
heading,1
resolve,1
message,1
direct,1
xcindustry,1
vet,1
scan,1
passpo,1
largest,1
sneaker,1
igniteyo,1
robot,1
embracingdiversity,1
inspiration,1
collaborates,1
girlsinst,1
crashoverride,1
igniteyoursecu,1
jacob,1
kill,1
escape,1
anti,1
protected,1
ceoaction,1
mnos,1
metric,1
wrong,1
alternative,1
bloomberg,1
coalition,1
job,1
clue,1
sdns,1
controller,1
excited,1
gateway,1
deep,1
astrums,1
craziest,1
deterrence,1
reynolds,1
commander,1
astrum,1
wall,1
xgreat,1
goblin,1
horseback,1
friend,1
merit,1
xccrypto,1
steven,1
foundation,1
congressman,1
xchow,1
hubbard,1
douglas,1
navigate,1
complicate,1
amnesia,1
mirai,1
robotics,1
remediation,1
nextgeneration,1
xathe,1
headquaers,1
aerial,1
plunkett,1
debora,1
pane,1
mentorship,1
vads,1
acceptable,1
click,1
theater,1
throw,1
automated,1
explorer,1
securit,1
secures,1
verge,1
popularity,1
fading,1
half,1
cut,1
hire,1
stake,1
goldmine,1
interactive,1
chrome,1
popups,1
hoefleext,1
cyberespionage,1
inconvenience,1
changetheworld,1
babar,1
uncovered,1
economy,1
alley,1
recruit,1
hoshina,1
profitable,1
closing,1
trouble,1
discussing,1
monetizatio,1
atmapac,1
enables,1
pipe,1
reinforces,1
oreo,1
older,1
eplus,1
tmrw,1
benefiting,1
stock,1
wide,1
lucky,1
raffle,1
paicipate,1
table,1
soccon,1
struc,1
gender,1
womenintech,1
voting,1
adventure,1
belarusian,1
cmstar,1
underway,1
bottom,1
ngfws,1
glen,1
racecar,1
battle,1
hidden,1
goliath,1
xcdata,1
inquiry,1
preventionispossible,1
vehicle,1
igniteyoursecur,1
ssow,1
introduce,1
factor,1
inform,1
engagement,1
govt,1
pledge,1
kish,1
commerce,1
dayofthegirl,1
nail,1
vpcs,1
cryptocurrencies,1
adapts,1
sacrifice,1
taker,1
cryptocurrencie,1
champ,1
traceroute,1
educati,1
tracero,1
talen,1
counteerrorism,1
assistant,1
havoc,1
rabbit,1
victory,1
tap,1
telkom,1
haunt,1
hoodie,1
salesemea,1
blame,1
playing,1
trickbot,1
distribute,1
qtbot,1
silo,1
noise,1
nederlandsche,1
christopher,1
cohen,1
commandment,1
basis,1
daily,1
schedule,1
roadmap,1
concern,1
tie,1
furr,1
inconsistent,1
bring,1
intrusion,1
rating,1
compliant,1
duty,1
active,1
busin,1
compl,1
activ,1
bhasin,1
anil,1
delhi,1
hackathon,1
likelihood,1
korean,1
thon,1
peace,1
reboot,1
xfintech,1
involvement,1
failure,1
scaling,1
inflicted,1
lacklustre,1
banker,1
capitalcyber,1
warm,1
sinamo,1
surung,1
economi,1
adaptive,1
context,1
granular,1
contro,1
consiste,1
tidal,1
migratio,1
premise,1
vega,1
presentati,1
depl,1
ballroom,1
premier,1
upcomin,1
traffi,1
movement,1
lateral,1
journ,1
leading,1
chose,1
achievi,1
autom,1
capaci,1
hype,1
beginner,1
disrupttoronto,1
personal,1
execute,1
fruit,1
brazilian,1
adopt,1
structure,1
visibil,1
perso,1
brazilia,1
recommen,1
digita,1
progress,1
viseg,1
achievement,1
estonia,1
regis,1
jedi,1
war,1
star,1
simultaneous,1
conviction,1
speedy,1
colleague,1
caree,1
estonian,1
situation,1
frame,1
freeze,1
scratch,1
record,1
copley,1
rush,1
weiner,1
jack,1
minecraft,1
dorm,1
exist,1
kiwi,1
grows,1
webin,1
scalability,1
aspi,1
maturity,1
top,1
forrester,1
joyful,1
admins,1
balanc,1
necessary,1
thrive,1
giant,1
unlocks,1
xput,1
pass,1
moderator,1
capable,1
peak,1
booklet,1
regi,1
weigh,1
disclos,1
seeker,1
thrill,1
segment,1
insecure,1
compliment,1
achie,1
avoi,1
satori,1
segmen,1
shar,1
medium,1
gigawatts,1
depament,1
predict,1
bringing,1
facial,1
secops,1
coverin,1
unveil,1
ovation,1
standing,1
utility,1
moner,1
observes,1
dwell,1
prescri,1
headache,1
damage,1
reputation,1
effect,1
daniel,1
michael,1
integrati,1
becomes,1
effectiveness,1
devious,1
cryptominer,1
others,1
secur,1
fine,1
iotca,1
categorize,1
distinguishes,1
stress,1
informative,1
vermin,1
aust,1
bummer,1
usher,1
noon,1
beautiful,1
futurist,1
author,1
super,1
thats,1
absorb,1
schlumberger,1
auditor,1
transfor,1
xcit,1
announcement,1
exciting,1
legiti,1
himss,1
appro,1
minimal,1
steep,1
frictionle,1
transformation,1
yurek,1
base,1
experienced,1
stretch,1
connec,1
true,1
administrator,1
uneventful,1
overcome,1
recogniti,1
exceptional,1
guard,1
shut,1
ruggedized,1
deeper,1
characteristic,1
believe,1
packer,1
inner,1
amsterdam,1
valid,1
foreign,1
generat,1
optimize,1
investigation,1
governm,1
characteristi,1
steal,1
alters,1
stealer,1
currency,1
scou,1
evaluati,1
deak,1
zoltan,1
spanbauer,1
mike,1
badnews,1
weaponized,1
patchwork,1
shoage,1
location,1
