email,774
threat,497
infosec,451
proofpoint,367
attack,296
cybersecurity,268
office,248
security,177
fraud,171
compliance,158
ransomware,158
malware,154
socialmedia,153
business,138
protection,136
repo,133
dmarc,128
visibility,118
risk,116
malicious,114
humanfactor,108
organization,108
learn,108
customer,106
data,104
digital,103
people,100
defense,99
infographic,93
gdpr,91
social,90
confidence,88
attacker,87
protect,85
connect,85
microsoft,82
authentication,81
time,78
research,76
campaign,75
mobile,75
digitalrisk,75
stop,72
phishing,72
message,70
secure,69
cyber,67
target,65
domain,65
reason,64
hacker,60
human,60
brand,60
reach,60
transformation,60
user,59
strategy,58
compromise,55
step,55
company,55
actor,54
employee,54
work,53
exploit,53
advanced,53
problem,53
credential,53
impostor,51
today,51
volume,50
firm,50
great,50
tool,48
gateway,48
government,48
matter,47
join,47
scam,45
someone,45
team,45
trend,45
fraudulent,45
inbox,43
solution,43
best,43
webinar,42
datenschutz,42
trojan,41
help,41
fake,40
deployment,40
account,40
medium,39
click,39
guide,38
hour,38
ganer,37
biggest,37
relationship,37
gain,37
free,37
block,37
online,37
apps,36
network,36
cryptocurrency,35
information,35
record,35
finra,35
individual,34
year,34
paners,34
market,32
bitcoin,32
average,32
control,32
personal,32
thing,32
world,31
latest,31
spoofing,31
researcher,31
recommendation,31
fine,30
avoid,30
healthcare,30
rank,29
director,29
nature,29
enough,29
bank,28
watch,28
sta,28
group,27
entire,27
dollar,27
concern,27
spam,26
google,26
link,26
vulnerability,26
traffic,26
wifi,26
recent,25
epstein,25
kevin,25
criminal,25
question,25
everyone,25
look,25
botnet,25
put,25
way,25
vendor,25
url,25
safeguard,25
industry,25
omnichannel,25
humain,24
intelligence,24
need,24
xbcr,24
mail,24
future,24
flash,23
tip,23
banking,23
device,23
android,23
eternalblue,23
occur,23
election,22
thursday,22
trick,22
victim,22
suite,22
superior,22
native,22
imposter,22
machine,22
cloud,22
financial,22
promise,22
access,21
saas,21
service,21
operation,21
degree,21
chose,21
peril,21
revolution,21
backdoor,20
many,20
facteur,20
representative,20
prevention,20
payment,20
focus,20
scammer,20
prevent,20
chrome,19
steal,19
file,19
download,19
impact,19
delivers,19
mitigate,19
common,19
infiltrate,19
mining,19
smominru,19
last,19
rise,19
studie,19
attachment,18
dkim,18
detail,18
system,18
dangerous,18
facebook,18
cybers,18
xaes,18
checklist,18
bentley,18
quaer,18
lifeatpfpt,18
series,18
video,18
enterprise,18
ebook,18
ryan,18
accurate,18
buying,18
hottest,18
global,18
handbook,18
incident,17
faktor,17
discover,17
anatomy,17
script,17
australian,17
want,17
application,17
spread,17
tech,17
cost,17
cybercrime,17
protects,17
coincide,17
efficiency,17
monero,17
complete,17
kalember,17
create,17
president,17
weekday,16
personality,16
key,16
dans,16
full,16
fact,16
patrick,16
agency,16
address,16
detection,16
survival,16
playbook,16
impoant,16
extension,15
scheme,15
dust,15
combo,15
money,15
kovter,15
wheeler,15
potential,15
finsec,15
organisation,15
loss,15
strong,15
vector,15
offer,15
dsgvo,15
germany,15
wayward,15
shop,15
coffee,15
password,14
retefe,14
worker,14
kovcoreg,14
achilles,14
dridex,14
challenge,14
keep,14
response,14
australia,14
ready,14
effect,14
page,14
compliant,14
standalone,14
component,14
coinminers,14
definitive,14
repos,14
france,14
know,14
visit,14
high,13
pick,13
russian,13
mensch,13
factor,13
discus,13
wannacry,13
october,13
europe,13
half,13
federal,13
real,13
rapid,13
vice,13
channel,13
authenticate,13
tactic,13
increase,13
domainspoofing,13
readiness,13
reality,13
perception,13
disconnect,13
effectiveness,12
nutzerverhalten,12
original,12
safe,12
race,12
percent,12
lure,12
approach,12
conformit,12
fran,12
rgpd,12
lazarus,12
mistake,12
career,12
ordinary,12
expe,12
happy,12
directive,12
open,12
booth,12
miner,12
context,11
responder,11
analysie,11
chain,11
xavoile,11
forrester,11
monde,11
previous,11
force,11
towards,11
vulnerable,11
country,11
prediction,11
targeting,11
nouveau,11
profile,11
donn,11
instant,11
cyberattaque,11
impersonate,11
easy,11
quadrant,11
leader,11
entreprises,11
conversation,11
mean,11
urgency,11
foreign,11
number,11
corporate,11
breach,11
talk,11
affiliate,10
cybehreats,10
commitment,10
betrugsmasche,10
restaurant,10
annuel,10
analyst,10
trust,10
malveillant,10
logiciel,10
vote,10
seeing,10
beware,10
action,10
update,10
advancedemail,10
messenger,10
fiction,10
computer,10
demand,10
star,10
date,10
percentage,10
process,10
deadline,10
first,10
quick,10
integrity,10
investor,10
iiroc,10
reveal,10
finance,10
unternehmen,10
digitalriskdefense,10
award,10
deutsche,10
adgholas,9
defray,9
hipaa,9
blindspots,9
minute,9
swiss,9
thanks,9
tendances,9
xable,9
xasultats,9
word,9
plong,9
event,9
banken,9
good,9
right,9
tackle,9
tough,9
plane,9
footprint,9
borne,9
life,9
holiday,9
leverage,9
essential,9
site,9
interesting,9
card,9
serum,9
xaaise,9
entreprise,9
xbut,9
rappo,9
risen,9
window,9
internal,9
type,9
ass,9
comment,9
analysis,9
speed,9
product,9
story,9
pa,9
center,9
xattaques,9
spike,8
info,8
likely,8
spot,8
mandate,8
identify,8
private,8
blindsided,8
build,8
place,8
officer,8
eine,8
thief,8
xaellement,8
point,8
fight,8
weapon,8
powerful,8
ability,8
regulator,8
post,8
stopper,8
xvolution,8
platform,8
emailfraud,8
paper,8
respond,8
sixth,8
magic,8
live,8
operator,8
awareness,8
finalist,8
bedrohungstrends,8
front,8
nachholbedarf,8
firmen,8
selon,8
hand,8
ovidiy,7
stealer,7
track,7
guidance,7
virus,7
turla,7
pour,7
ceification,7
criterion,7
fedramp,7
trouble,7
pharma,7
discovery,7
sure,7
infection,7
xbcgbarkeit,7
verf,7
undgarantiee,7
erweite,7
suit,7
trade,7
month,7
city,7
war,7
health,7
available,7
sale,7
privacy,7
faille,7
cybergang,7
cybercriminels,7
precaution,7
cybercriminals,7
menace,7
actionable,7
merlin,7
vincent,7
capable,7
middle,7
regulation,7
cornerstone,7
fraude,7
standard,7
validates,7
organi,7
server,7
osterman,7
face,7
unauthorized,7
posture,7
conse,7
healthit,7
sophisticated,7
acquisition,7
largest,7
coin,7
experience,7
malveising,6
outcome,6
cyberattaques,6
lab,6
session,6
breakout,6
toughest,6
carbanak,6
bateleur,6
hijacking,6
surge,6
cryptocurrencies,6
cybercrimals,6
advisor,6
browser,6
xsecure,6
xcompliant,6
sweet,6
pay,6
javascript,6
refreshes,6
status,6
achieves,6
meet,6
trojaner,6
expose,6
bear,6
fancy,6
attempt,6
theft,6
framework,6
policy,6
sender,6
abgesehen,6
schweizer,6
bill,6
different,6
austrian,6
register,6
govsec,6
phony,6
fastest,6
noh,6
wenn,6
practice,6
flaw,6
week,6
korea,6
landscape,6
researc,6
nach,6
phishers,6
envir,6
dataloss,6
evolution,6
fantastic,6
neuen,6
immer,6
globeimposter,6
credit,6
knowledge,6
xcvital,6
xacurit,6
personnelles,6
enhances,6
change,6
successful,6
white,6
leak,6
rate,6
xbsung,6
identity,6
state,6
regulatory,6
vecteur,6
ransomwares,6
next,6
technology,6
code,6
provider,6
candidate,5
astrum,5
coeur,5
bhusa,5
annual,5
peer,5
pyramid,5
executive,5
targeted,5
care,5
variant,5
invisible,5
continue,5
throne,5
cook,5
socialcompliance,5
womenintech,5
nouvelles,5
sont,5
sociaux,5
xaseaux,5
traveler,5
mittelpunkt,5
wallet,5
litecoin,5
cyberangriffen,5
stand,5
itsa,5
education,5
chronique,5
fall,5
improve,5
national,5
lethan,5
bericht,5
excellent,5
larger,5
frontline,5
carestream,5
internet,5
discovers,5
season,5
korean,5
give,5
senior,5
angriffe,5
sicherheitsl,5
language,5
consequence,5
unable,5
robot,5
visier,5
chip,5
spectre,5
deliver,5
bitten,5
congratulation,5
geben,5
auftrag,5
umfrage,5
benchmark,5
tritt,5
kraft,5
cyberkriminelle,5
millennials,5
engage,5
solve,5
saga,5
wargames,5
hollywood,5
turn,5
blog,5
person,5
meilleure,5
xarer,5
nous,5
pouvons,5
directeur,5
urgent,5
wary,5
massive,5
topfive,5
natural,5
second,5
crook,5
environment,5
hybrid,5
game,5
toujours,5
prote,5
suppo,5
international,5
trimestre,5
wait,5
complimentary,5
spoofed,5
grow,5
coolest,5
stay,5
wombat,5
outgunned,5
mind,5
himss,5
invest,5
scream,4
circle,4
inner,4
scawardseurope,4
trump,4
mole,4
persuasive,4
clock,4
fintech,4
versager,4
erpressung,4
cyper,4
personnalit,4
monitoring,4
faible,4
maillon,4
july,4
oauth,4
silver,4
jscript,4
oppounity,4
miss,4
webcast,4
counterfeit,4
warns,4
factfriday,4
sight,4
pricing,4
bottom,4
chinese,4
review,4
bigger,4
impersonating,4
implement,4
dream,4
barbara,4
veicals,4
encore,4
spammer,4
expensive,4
focused,4
tide,4
cyberaware,4
supercharges,4
westinghouse,4
program,4
auch,4
attaque,4
conseils,4
charles,4
consumer,4
defence,4
generation,4
ganersym,4
espionage,4
itwire,4
evaluation,4
test,4
healthtech,4
proper,4
bedrohungen,4
supreme,4
reign,4
triple,4
itch,4
entrepreneurial,4
roll,4
warnen,4
survey,4
demo,4
transfer,4
gift,4
multi,4
expes,4
field,4
bearing,4
direction,4
xcthe,4
totaling,4
sind,4
xaglementation,4
cinq,4
xune,4
technique,4
drop,4
spring,4
emerg,4
small,4
nordkorea,4
secret,4
meltdown,4
adoption,4
dimension,4
prepare,4
xahrden,4
plattformen,4
xbnnte,4
verwundbares,4
scawards,4
einnahmequellen,4
suche,4
show,4
tony,4
proxy,4
patch,4
onion,4
avec,4
mine,4
threaten,4
downtime,4
request,4
term,4
crypto,4
fedtech,4
rival,4
ransom,4
send,4
betrugsabwehr,4
subject,4
xame,4
check,4
news,4
role,4
morning,4
least,4
normal,4
current,4
tomorrow,4
cream,3
nitro,3
liquid,3
june,3
subscription,3
crimeware,3
order,3
political,3
wan,3
samba,3
petya,3
einfallstor,3
legal,3
revenge,3
credibility,3
basic,3
citizen,3
fifth,3
fewer,3
girl,3
visent,3
quatre,3
mitigation,3
lead,3
worm,3
sign,3
brandfraud,3
unleashes,3
wannabe,3
mutation,3
paysage,3
nicolas,3
mass,3
wire,3
wednesday,3
eventful,3
xcransomworms,3
listen,3
pro,3
surprise,3
task,3
erweiterungen,3
steele,3
gary,3
instagram,3
profiler,3
bigdata,3
sensitive,3
strain,3
understand,3
continuity,3
lull,3
contre,3
canal,3
dropper,3
decoy,3
invite,3
major,3
reset,3
destination,3
study,3
xathique,3
xacessaire,3
domotique,3
wrong,3
odds,3
podcast,3
presentation,3
launch,3
xbnnen,3
hotspot,3
rogue,3
geht,3
woman,3
disruption,3
worldwide,3
workflow,3
centralize,3
communication,3
pumpkin,3
critical,3
wird,3
player,3
plan,3
november,3
speaker,3
hear,3
strike,3
quaal,3
malveillante,3
jointe,3
xace,3
sofacy,3
anti,3
cyberspies,3
dealerschoice,3
pas,3
combine,3
blockieren,3
erkennen,3
xbsungen,3
integrieer,3
umfassende,3
bietet,3
monday,3
gibt,3
menschen,3
doch,3
braucht,3
nthe,3
pres,3
nominee,3
bankkunden,3
heimische,3
trojanerangriff,3
expeen,3
gegen,3
kitchen,3
throw,3
greater,3
christmas,3
day,3
panda,3
zeus,3
depaments,3
nation,3
sechs,3
touch,3
midas,3
gsmag,3
computi,3
sou,3
robe,3
journaliste,3
wave,3
tidal,3
xbccke,3
collaboration,3
bankingtrojans,3
fina,3
staff,3
uber,3
escalating,3
follow,3
public,3
store,3
informatique,3
name,3
retard,3
pointer,3
convergent,3
varonis,3
xacemment,3
xatudes,3
plusieurs,3
seraient,3
xaaises,3
peine,3
trail,3
honor,3
xangelo,3
activity,3
giant,3
ursnif,3
millio,3
goal,3
release,3
kriminelle,3
agreement,3
single,3
mixed,3
gehackt,3
werden,3
trek,3
lesson,3
valley,3
silicon,3
development,3
interest,3
motivated,3
jump,3
enforcement,3
vigorous,3
hausse,3
cibles,3
trimestriel,3
prot,3
inboxes,3
krypto,3
twitter,3
sorry,3
fraudsters,3
erpresser,3
databreach,3
xbcber,3
milliarden,3
nicht,3
presque,3
fraudes,3
responsibility,3
organizational,3
responsible,3
unit,3
early,3
cloudsecurity,3
conference,3
freshfinance,3
viual,3
become,3
attendee,3
grand,3
intruder,2
cobalt,2
xccampaigns,2
clara,2
santa,2
hmrc,2
yesteryear,2
techco,2
invit,2
xaraudsudreau,2
xarard,2
xagi,2
privil,2
systemen,2
vernetzung,2
sicherheitsaspekte,2
unternehmens,2
faktoren,2
drei,2
kick,2
profit,2
tirer,2
tentent,2
food,2
bancaire,2
durch,2
schaden,2
university,2
autumn,2
introduce,2
scout,2
blitzer,2
jetzt,2
infizie,2
malveisers,2
efficacy,2
centre,2
winner,2
shallow,2
american,2
nouvelle,2
institute,2
weakness,2
backlog,2
tardis,2
commentary,2
threatinsight,2
erfolgreich,2
wieder,2
bekannte,2
bedrohungsbericht,2
paukenschlag,2
einem,2
endet,2
ruhiges,2
tonight,2
headache,2
added,2
cheap,2
text,2
apa,2
tell,2
hard,2
techrepublic,2
preis,2
verification,2
macron,2
ladepeche,2
xamunir,2
anniversary,2
auvil,2
paul,2
comprehensive,2
gene,2
spree,2
issue,2
student,2
college,2
basement,2
bargain,2
reddits,2
hackern,2
nutzen,2
label,2
publisher,2
celebrity,2
debut,2
speaking,2
infiltrie,2
gameofthrones,2
harvey,2
unceainties,2
attaques,2
emailsecurity,2
modern,2
anyone,2
archive,2
wommawebinar,2
equifax,2
management,2
payload,2
prevalent,2
cast,2
german,2
betreffen,2
besonders,2
schwierig,2
prognosen,2
groko,2
klaro,2
arsenal,2
feature,2
leveraged,2
flag,2
false,2
neue,2
xasentie,2
line,2
wissen,2
hackergruppe,2
musst,2
casino,2
gefahr,2
colleague,2
xefaktor,2
xbffentlicht,2
faktors,2
ausnutzung,2
breachpreventionweek,2
balance,2
perfect,2
ipexpo,2
bevor,2
congrats,2
utilisateurs,2
foune,2
alexa,2
cible,2
xenvergure,2
result,2
cafe,2
savethedate,2
betroffen,2
betriebssysteme,2
alle,2
adobe,2
cyberangriff,2
xatect,2
adblock,2
fausse,2
reputation,2
destroy,2
cybercriminalit,2
case,2
inofsec,2
military,2
bereits,2
prize,2
website,2
amazing,2
read,2
soar,2
spearphishes,2
toll,2
gang,2
history,2
globb,2
cold,2
maintain,2
implementation,2
vengeance,2
return,2
hidden,2
safer,2
riskiq,2
threatconnect,2
xacouvee,2
renseignement,2
gestion,2
zukunft,2
enters,2
capability,2
weblife,2
ihren,2
optimieren,2
kampf,2
sunnyvale,2
space,2
summit,2
frequent,2
forever,2
shopper,2
advantage,2
orgs,2
undocumented,2
gare,2
effos,2
paial,2
nord,2
pyongyang,2
exposed,2
staed,2
timer,2
xadictions,2
socialmediafraud,2
minimize,2
design,2
drive,2
xadlinge,2
macro,2
xachtiger,2
mac,2
confirms,2
apple,2
reel,2
currency,2
greift,2
xbglicht,2
sicherheit,2
xanieur,2
aplenty,2
brief,2
smaer,2
rocket,2
price,2
software,2
fair,2
january,2
lock,2
malveillantes,2
broad,2
large,2
nfor,2
fluctuation,2
veulent,2
monaten,2
bitcoins,2
figur,2
schlechteste,2
machen,2
vergleichsstudie,2
patc,2
cybercriminal,2
zealand,2
attaqu,2
cryptomonnaie,2
wild,2
sich,2
wenden,2
move,2
creator,2
botnets,2
rake,2
xacialiste,2
xager,2
betr,2
anstieg,2
magicquadrant,2
weathe,2
extreme,2
disaster,2
databreaches,2
forum,2
economic,2
local,2
bremst,2
significant,2
lucrative,2
technik,2
yesterday,2
able,2
resource,2
engagement,2
talented,2
notification,2
legislation,2
tues,2
conf,2
marketing,2
noms,2
usurpation,2
olympiques,2
jeux,2
diskriminierend,2
betrug,2
rsac,2
february,2
respondent,2
tuesday,2
hospital,2
share,2
march,2
authority,2
commission,2
exchange,2
privacyaware,2
workshop,2
tour,2
contact,2
resear,2
admin,2
multiple,1
institution,1
integrates,1
better,1
fiduciary,1
adviser,1
bos,1
securityautomation,1
wotc,1
foley,1
unpatched,1
starker,1
boston,1
commodity,1
something,1
philadelphia,1
nato,1
weakest,1
victory,1
forecast,1
weather,1
glad,1
love,1
corporation,1
xcbest,1
scawardeurope,1
night,1
ireland,1
nohern,1
ecosystem,1
xcwe,1
personnalis,1
weak,1
roadmap,1
paicular,1
innovative,1
kind,1
method,1
house,1
note,1
canadian,1
law,1
york,1
xbcrozeit,1
besten,1
xaufiger,1
angreifer,1
strukturen,1
technische,1
instanz,1
erster,1
ihre,1
xallen,1
meisten,1
expire,1
infosecuritymag,1
gender,1
third,1
succumb,1
fileless,1
sorb,1
warrior,1
nbafinals,1
broker,1
brokerage,1
round,1
xcplus,1
ignite,1
bacon,1
bourbon,1
view,1
hospitality,1
savvy,1
reste,1
xaatre,1
integrated,1
water,1
tricky,1
interview,1
general,1
shoo,1
csmny,1
speaks,1
angler,1
updated,1
plut,1
xhumain,1
plus,1
reposent,1
claim,1
clicking,1
zusy,1
past,1
scare,1
technologiques,1
uniquement,1
personnes,1
fresh,1
sinnvoll,1
smaphos,1
schutz,1
infect,1
womenthatcode,1
xand,1
moon,1
photo,1
selfie,1
manager,1
astrumek,1
decline,1
door,1
parliament,1
cyberattackers,1
highlight,1
unlock,1
xaholt,1
deutschland,1
gootkit,1
xahrlicher,1
offenbar,1
doublepulsar,1
entwendete,1
sait,1
majeure,1
mondiale,1
london,1
homefront,1
conflict,1
cyberwarfare,1
override,1
crash,1
prey,1
gefahren,1
lauern,1
netzwerke,1
soziale,1
choice,1
educational,1
ongoing,1
sponsore,1
finding,1
shoener,1
infects,1
cio,1
munich,1
stage,1
efficient,1
lightweight,1
reducing,1
chatbots,1
schnapper,1
explain,1
camp,1
barrier,1
teen,1
cover,1
holistic,1
chairman,1
hahn,1
eric,1
starwars,1
ciso,1
tarkin,1
moff,1
rogueone,1
deal,1
dark,1
catch,1
auszuspionieren,1
anwender,1
wurm,1
copy,1
purpose,1
botfrei,1
schnappchen,1
august,1
threatresponse,1
shocuts,1
emmanuel,1
publishes,1
wikileaks,1
regional,1
union,1
competitive,1
classic,1
xcbateleur,1
cana,1
colorado,1
texas,1
celebrated,1
mailfiance,1
doit,1
cloudfiance,1
apprec,1
culture,1
brightest,1
hiring,1
cybehreat,1
prioritize,1
detect,1
archivierung,1
zack,1
zdnet,1
werbung,1
xbcnschte,1
unerw,1
verbreiten,1
cyberattack,1
kopiluwak,1
hamburg,1
nehmen,1
booby,1
mike,1
economy,1
aquarium,1
cyberattacks,1
popular,1
ransomwa,1
malwar,1
custom,1
manufacturing,1
sandbox,1
magazin,1
document,1
hype,1
xegame,1
propager,1
xabgame,1
spoiler,1
utilisent,1
forbes,1
virenfalle,1
fan,1
locken,1
resolve,1
difficult,1
lack,1
vision,1
tunnel,1
nachricht,1
vorsicht,1
wide,1
hurricane,1
xafense,1
syst,1
lookalike,1
proofpointprotect,1
official,1
worse,1
letter,1
irma,1
nflkickoff,1
football,1
fantasy,1
irmahurricane,1
aid,1
additional,1
requirement,1
meeting,1
power,1
usurp,1
domaines,1
xavention,1
emergency,1
socialmediacompliance,1
truth,1
klingenden,1
xahnlich,1
proaktiv,1
summary,1
template,1
win,1
extra,1
adopts,1
infrastructure,1
messaging,1
modernize,1
reveals,1
coder,1
female,1
toaster,1
sma,1
haben,1
september,1
bundestagswahlen,1
asap,1
globe,1
breakfast,1
asset,1
soci,1
vorher,1
aufkommen,1
sagt,1
driver,1
xbthe,1
poll,1
correlate,1
chatstc,1
kickoff,1
effo,1
lernt,1
woche,1
raubt,1
schlaf,1
sicherheitsexpeen,1
thank,1
cyberenergy,1
classification,1
internship,1
xahrlich,1
xbcgerische,1
stoppt,1
others,1
seminar,1
guest,1
electronic,1
iezzoni,1
christopher,1
soapbox,1
paint,1
envizyon,1
takeover,1
chat,1
nutzt,1
theatre,1
carm,1
insecure,1
unmanaged,1
finraadreg,1
connection,1
highjack,1
example,1
atteignent,1
xelles,1
avant,1
bloquez,1
xatectez,1
darkness,1
itsecurity,1
vorbei,1
kommen,1
hijack,1
infose,1
sicheristsicher,1
favorite,1
apparent,1
aggressive,1
purveyor,1
secu,1
schief,1
etwas,1
schnell,1
reagieren,1
erreichen,1
stoppen,1
besuchen,1
jahr,1
diesis,1
hair,1
reputational,1
prompt,1
police,1
sho,1
adressie,1
measure,1
magazine,1
value,1
downloading,1
torpedo,1
mysterious,1
understanding,1
agree,1
deploy,1
worried,1
undetectable,1
exploiter,1
empresse,1
china,1
supervise,1
badrabbit,1
sent,1
tie,1
belief,1
aktuelle,1
angriffen,1
detects,1
rabbit,1
ausgenutzt,1
xbcngste,1
lineup,1
please,1
innovategovt,1
stas,1
xcemail,1
await,1
shis,1
swing,1
onward,1
worst,1
locky,1
dritten,1
attacken,1
zunahme,1
investment,1
strengthens,1
austria,1
angriff,1
neuer,1
xsterreich,1
xoffre,1
purchase,1
cloudmark,1
boost,1
securityisateamgame,1
hershey,1
sector,1
siliconrepublic,1
xcsteal,1
overall,1
kuroda,1
duane,1
erkennung,1
socialmediascams,1
webinars,1
socialgov,1
acquisiti,1
enhance,1
coupon,1
xacle,1
majeur,1
xafi,1
marque,1
xaputation,1
maker,1
decision,1
govcon,1
angelo,1
pfpt,1
incontournable,1
commodit,1
bient,1
xacuris,1
passerelle,1
fund,1
install,1
compete,1
presenting,1
denis,1
compre,1
form,1
shoppe,1
dprk,1
lazarusgroup,1
arnaques,1
xabl,1
cadeaux,1
infras,1
instance,1
lifecycles,1
perspective,1
tradecraft,1
fundraising,1
motivation,1
quelles,1
bancaires,1
xarober,1
prosperous,1
wish,1
happyholidays,1
xbcffeln,1
schn,1
konzerne,1
protec,1
tremen,1
manufacturer,1
xclike,1
cybersecuritypredictions,1
swarm,1
allows,1
halt,1
schauer,1
herv,1
xalectroniques,1
composants,1
graf,1
xintel,1
frappent,1
sicherheitslecks,1
kritische,1
schlie,1
venir,1
pire,1
intel,1
gdprcountdown,1
newsweek,1
fix,1
vacances,1
prennent,1
cent,1
engineering,1
triton,1
seasonal,1
premier,1
dernier,1
leaf,1
fedsec,1
abstand,1
schon,1
gehen,1
selbst,1
instable,1
trop,1
prix,1
pirate,1
interesse,1
zahlungsmittel,1
depament,1
grundverordnung,1
spen,1
phenomenon,1
huge,1
dispropoio,1
xtax,1
xxero,1
brandnames,1
xalivre,1
chaque,1
comme,1
dataprivacyday,1
aificielle,1
surfer,1
veut,1
threa,1
honour,1
dictionary,1
english,1
oxford,1
caught,1
xautres,1
xaons,1
volent,1
quand,1
cybehieves,1
deception,1
diveed,1
crims,1
fellow,1
upgrading,1
massivement,1
active,1
double,1
ceo,1
simulation,1
cash,1
press,1
abzubauen,1
stil,1
xfen,1
xahrungen,1
digitale,1
versuchen,1
announce,1
pleased,1
channelnews,1
rach,1
kryptomining,1
missbraucht,1
riesiges,1
propage,1
mineur,1
maliciel,1
setting,1
configure,1
danger,1
gros,1
woh,1
benefit,1
training,1
consolidation,1
sits,1
cramer,1
beseiti,1
betrugs,1
einer,1
auswirkungen,1
verheerenden,1
sensibilisation,1
proofpo,1
langu,1
bloquer,1
xatecter,1
permettent,1
xagr,1
xate,1
compl,1
gamme,1
fournit,1
xaviter,1
naturelles,1
lors,1
don,1
collecte,1
imitat,1
xbcgereien,1
weiterer,1
intrusio,1
exposure,1
assessment,1
xahmt,1
heise,1
inundate,1
consecutiv,1
community,1
imitating,1
seltener,1
forderungen,1
olympic,1
pyeongchang,1
proactive,1
willen,1
wider,1
xbbr,1
tail,1
coat,1
launched,1
forscher,1
dienten,1
wurden,1
gesendet,1
xandern,1
mehr,1
cdwsummits,1
external,1
procrastinator,1
domaine,1
cryptomonnaies,1
noire,1
environnement,1
armes,1
trafic,1
completes,1
agenda,1
hope,1
availability,1
exploi,1
rochester,1
involvin,1
heal,1
innovation,1
unfold,1
discussion,1
exhibition,1
unfou,1
familiar,1
thou,1
ferrara,1
family,1
let,1
panership,1
alto,1
palo,1
cssuk,1
flawedammyy,1
source,1
