splunk,1234
data,334
security,294
splunkconf,278
learn,213
share,175
splunker,161
blog,153
customer,152
join,151
analytics,133
time,116
webinar,116
help,115
week,102
enterprise,100
team,98
today,97
check,90
devops,90
splunksecurity,89
cloud,88
year,88
latest,87
insight,87
great,86
paner,82
event,80
cybersecurity,76
thanks,75
post,73
business,73
machine,68
service,64
real,64
session,62
next,61
intelligence,60
talk,60
splunklive,60
register,59
rsac,58
reinvent,58
answer,58
threat,58
solution,56
case,55
siem,55
haiyan,52
song,50
user,50
bigdata,50
company,49
booth,48
live,47
cheer,46
experience,46
work,46
visibility,45
award,44
itsi,43
detail,43
best,42
sma,42
organization,41
response,41
recap,40
splunklife,40
last,40
discus,39
tomorrow,39
demo,39
full,39
highlight,39
congrats,39
ready,39
ransomware,38
tech,38
success,37
step,37
infrastructure,35
thing,35
operation,34
series,34
thank,34
attack,33
watch,33
good,32
leader,32
technology,31
digital,31
splunkers,31
bhusa,30
tip,30
sta,30
paners,30
month,30
visit,30
woman,29
operational,29
market,29
winner,29
news,28
public,28
detection,28
value,28
question,28
adaptive,28
splunkcloud,27
splunkliveldn,27
world,27
splunkwit,26
stop,26
hear,26
management,26
healthcare,26
govsummit,25
video,25
conf,25
explains,25
platform,25
drive,25
need,25
performance,25
story,25
system,25
global,25
dashboard,24
state,24
group,24
proud,24
innovation,24
house,24
free,24
critical,24
pa,24
preview,23
welcome,23
keynote,23
guide,23
monitoring,23
awesome,23
feature,23
network,23
address,23
staed,23
cyber,23
software,22
initiative,22
community,22
product,22
practice,22
issue,22
summit,22
machinedata,22
everything,21
application,21
tool,21
people,21
womenintech,21
sure,21
publicsector,21
morning,21
sale,21
sector,21
presentation,21
splunknews,20
miss,20
power,20
transformation,20
search,20
open,20
problem,20
integration,19
education,19
prediction,19
show,19
london,19
gain,19
meet,19
incident,19
panership,19
discover,19
expes,19
repo,19
chief,18
stage,18
sponsorship,18
revolution,18
read,18
channel,18
manage,18
download,18
office,18
challenge,18
investigation,18
email,18
better,18
government,18
info,17
sign,17
high,17
podcast,17
want,17
break,17
compliance,17
chance,17
happy,17
metric,17
agency,17
capability,17
available,17
program,17
look,17
fraud,16
cost,16
shi,16
sponsor,16
holiday,16
journey,16
update,16
store,16
minute,16
monitor,16
access,16
right,16
automation,16
list,16
apps,16
code,15
area,15
level,15
student,15
conference,15
source,15
future,15
splunktrust,15
leadership,15
efficiency,15
tonight,15
leverage,15
place,15
first,15
stream,15
game,15
secure,15
come,15
tweet,14
proudpaners,14
interview,14
connect,14
ciso,14
splunkgood,14
schedule,14
yesterday,14
industry,14
head,14
much,14
impact,14
hand,14
protect,14
city,14
everyone,14
panel,14
member,14
force,13
log,13
executive,13
amazing,13
meeting,13
driver,13
line,13
legacy,13
breach,13
detect,13
stay,13
posture,13
discussion,13
recent,13
risk,13
benefit,13
ale,13
please,13
host,13
track,13
theater,13
guest,13
nccoe,12
awssummit,12
datasherlock,12
release,12
cisco,12
architecture,12
attendee,12
culture,12
suppo,12
survey,12
way,12
different,12
spot,12
follow,12
sorry,12
employee,12
itops,12
trend,12
congratulation,12
karma,12
analysis,12
center,12
devweek,11
splunkgirlgeekdinner,11
aicle,11
magazine,11
hour,11
takeaway,11
thursday,11
science,11
test,11
research,11
scale,11
turn,11
actionable,11
excited,11
role,11
environment,11
conversation,11
engineer,11
le,11
course,11
serverless,11
himss,11
dockercon,10
fabric,10
clus,10
digest,10
trick,10
lesson,10
comment,10
itoa,10
career,10
play,10
focus,10
driven,10
essential,10
valuable,10
room,10
deployment,10
project,10
study,10
friend,10
prevent,10
marketing,10
kinesis,10
activity,10
amazon,10
book,10
workshop,10
analyst,10
veteran,10
newest,10
automate,10
change,10
super,10
view,10
huge,10
move,10
kick,10
paper,10
command,10
pay,10
life,10
nonprofit,9
increase,9
learning,9
registration,9
nice,9
visualization,9
online,9
sherlock,9
shis,9
biggest,9
emea,9
growth,9
night,9
behavior,9
basic,9
annual,9
resource,9
asset,9
wait,9
cool,9
moment,9
possible,9
financial,9
create,9
human,9
content,9
potential,9
technical,9
lot,9
early,9
love,9
easy,9
many,9
transform,9
vendor,9
operationalintelligence,8
license,8
alliance,8
example,8
input,8
min,8
announce,8
interested,8
lookup,8
advantage,8
school,8
common,8
storage,8
road,8
pricing,8
action,8
strategy,8
mainframe,8
ability,8
dallas,8
episode,8
quality,8
buttercup,8
space,8
marketplace,8
contest,8
powerful,8
analyze,8
ganer,8
diversity,8
approach,8
date,8
ingest,8
major,8
information,8
tune,8
link,8
grab,8
enable,8
airpo,8
result,8
offer,8
visualize,8
site,8
oppounity,8
field,8
call,8
machinelearning,8
indy,7
catch,7
prevention,7
friday,7
symposium,7
pofolio,7
file,7
uptime,7
advice,7
decision,7
nomination,7
august,7
wotc,7
website,7
glad,7
delivers,7
theme,7
luck,7
give,7
care,7
sneak,7
sullivan,7
process,7
version,7
final,7
dynamic,7
honor,7
simple,7
installment,7
hall,7
bos,7
agenda,7
ninja,7
forum,7
training,7
delivery,7
afternoon,7
knowledge,7
win,7
awsreinvent,7
goodness,7
reason,7
pledge,7
device,7
impoant,7
adversary,7
awareness,7
retail,7
season,7
demand,7
energy,7
skill,7
tutorial,7
advance,7
vulnerability,7
health,7
term,7
engine,7
scalable,7
meetup,7
small,7
seattle,7
silo,7
generation,7
secret,7
pick,7
officer,7
effective,7
day,7
university,7
competition,7
patient,7
toolkit,7
emcworld,6
collector,6
http,6
single,6
splunklight,6
lambda,6
scawards,6
engineering,6
continuous,6
star,6
find,6
weekend,6
wannacry,6
black,6
availability,6
mobile,6
docker,6
repos,6
dora,6
davis,6
visual,6
splun,6
tera,6
turnout,6
scene,6
michael,6
brian,6
godfrey,6
thecube,6
endpoint,6
peak,6
make,6
quick,6
combat,6
safe,6
cover,6
successful,6
gold,6
strategic,6
digitaltransformation,6
cyberaware,6
strong,6
page,6
ultimate,6
context,6
tuesday,6
epic,6
saas,6
feedback,6
dive,6
speaker,6
splunkitsi,6
unknown,6
gon,6
nist,6
campus,6
alexa,6
food,6
configure,6
container,6
light,6
brand,6
woh,6
youtube,6
firehose,6
healand,6
military,6
speed,6
deliver,6
score,6
pony,6
number,6
name,6
corner,6
server,6
contact,6
impressive,6
seat,6
wednesday,6
know,6
hourofcode,5
ganerbi,5
fan,5
ciscoucs,5
optimize,5
overview,5
evangelist,5
summer,5
suite,5
insider,5
microsoft,5
governance,5
choice,5
reach,5
america,5
respond,5
commitment,5
countdown,5
wrong,5
production,5
consultant,5
language,5
infosec,5
stas,5
trellis,5
able,5
table,5
eric,5
point,5
idea,5
path,5
mark,5
clue,5
close,5
peta,5
hoursoflesplunk,5
family,5
solve,5
take,5
review,5
pipeline,5
submit,5
john,5
board,5
traffic,5
strengthen,5
improve,5
modern,5
aiops,5
computer,5
saml,5
race,5
size,5
local,5
correlate,5
true,5
rest,5
travel,5
james,5
jump,5
drop,5
copy,5
large,5
collaboration,5
fantastic,5
mission,5
chris,5
domain,5
finalist,5
puppet,5
nick,5
depament,5
deep,5
architect,5
fall,5
hiring,5
little,5
enables,5
someone,5
curious,5
send,5
window,5
splunkpaners,5
offering,5
become,5
privacy,5
peek,5
lead,5
building,5
hackathon,5
ciscops,4
paris,4
tower,4
core,4
long,4
debate,4
usage,4
kevin,4
ganersym,4
velocity,4
proactive,4
twiet,4
prize,4
attend,4
inspire,4
interactive,4
photo,4
national,4
social,4
ceification,4
germany,4
location,4
custom,4
melbourne,4
hybrid,4
revenue,4
bayareabptw,4
easier,4
happens,4
april,4
victim,4
linkedintopcompanies,4
cluster,4
stateofdevops,4
luke,4
staff,4
greater,4
heavy,4
vega,4
wrap,4
foundation,4
deadline,4
record,4
lunch,4
poll,4
mind,4
excellence,4
nominate,4
orlando,4
largest,4
viual,4
nothing,4
outage,4
merkel,4
client,4
double,4
cyberattacks,4
industrial,4
busiest,4
doug,4
happen,4
intro,4
educational,4
main,4
adoption,4
button,4
excellent,4
intel,4
reliable,4
scalability,4
enhance,4
teach,4
solid,4
difference,4
category,4
improvement,4
entire,4
face,4
fight,4
lean,4
botn,4
money,4
implement,4
wearable,4
toolbox,4
disease,4
genetic,4
interesting,4
goal,4
simeon,4
provider,4
explore,4
louisiana,4
orgs,4
beer,4
cause,4
collection,4
ecosystem,4
lounge,4
feed,4
rock,4
announces,4
sound,4
sits,4
avoid,4
depth,4
intelligent,4
inaugural,4
roll,4
home,4
innovative,4
bot,4
tell,4
cybersight,4
guy,4
launch,4
situational,4
escu,4
rick,4
compete,4
simon,4
medium,4
weighs,4
finserv,4
ball,4
plan,4
type,4
late,4
declan,4
fire,4
refresher,4
snag,4
amount,4
federal,4
expeise,4
bigger,4
default,4
splu,4
corporate,4
arrow,4
speak,4
festive,4
enjoy,4
familiar,4
runway,4
function,4
erick,4
model,4
anyone,4
kickoff,4
impoance,4
fast,4
folk,4
word,4
brilliant,4
pro,4
joint,4
mean,4
message,4
mike,4
splunkgps,4
fuel,4
present,4
devsecops,4
hard,4
francisco,4
favorite,4
ganerda,4
alexander,3
keith,3
nation,3
webcast,3
inbox,3
ctgsummit,3
bravetheshave,3
splunka,3
integra,3
sfba,3
javascript,3
hoover,3
script,3
splunkgov,3
foot,3
emcelect,3
samplecode,3
eurocup,3
morale,3
bias,3
workplace,3
unique,3
splunkdisco,3
boat,3
trail,3
campaign,3
azure,3
volume,3
touch,3
quadrant,3
splunkbase,3
shift,3
defense,3
modular,3
internet,3
error,3
flexible,3
snehal,3
incl,3
goldberg,3
appoints,3
pitch,3
passenger,3
splunkdays,3
builder,3
class,3
transaction,3
scary,3
smaer,3
bring,3
worldwide,3
cha,3
scope,3
optimized,3
pas,3
austin,3
anomaly,3
ansible,3
receive,3
ueba,3
twitter,3
breakfast,3
joke,3
pattern,3
warrior,3
purpose,3
print,3
syslog,3
dinner,3
splunklivesf,3
atlanta,3
universal,3
speaking,3
kamisha,3
biometrics,3
apac,3
build,3
battle,3
region,3
diagnostics,3
crew,3
fellow,3
forwarders,3
dellemc,3
dellemcworld,3
bleech,3
travis,3
bundle,3
loyalty,3
multiple,3
outcome,3
bird,3
june,3
xcbest,3
soapa,3
synergy,3
developer,3
competency,3
framework,3
hero,3
perspective,3
weapon,3
europe,3
massive,3
petya,3
bjerke,3
johan,3
investigates,3
rise,3
collect,3
malicious,3
begin,3
dark,3
clear,3
upgrade,3
admin,3
defcon,3
charitable,3
shopping,3
compliant,3
santana,3
higher,3
metadata,3
steve,3
gender,3
workload,3
fastest,3
stats,3
stoner,3
ganercat,3
complexity,3
dataanalytics,3
passion,3
regional,3
wave,3
hurricane,3
pizzini,3
lynne,3
montana,3
raise,3
hunt,3
atlassiansummit,3
bottom,3
hea,3
threatintelligence,3
coast,3
ingestion,3
suppos,3
centric,3
cube,3
classic,3
swing,3
goldfarb,3
merritt,3
cubegems,3
modernization,3
crawl,3
exciting,3
threatintel,3
chock,3
intern,3
brew,3
jennifer,3
oppounities,3
resolve,3
akhtar,3
talent,3
vote,3
mile,3
union,3
xcaha,3
coolest,3
listen,3
general,3
position,3
cope,3
itsa,3
safety,3
badrabbit,3
wear,3
satisfaction,3
collaborative,3
understand,3
anne,3
train,3
handle,3
algorithm,3
favourite,3
glimpse,3
pizza,3
levenshtein,3
hyde,3
instance,3
bank,3
swag,3
brain,3
sweet,3
element,3
sendur,3
beat,3
matt,3
smile,3
plenty,3
trap,3
death,3
discount,3
entry,3
australia,3
enter,3
traditional,3
integrated,3
kind,3
hong,3
superhero,3
floor,3
fewer,3
third,3
preso,3
helpful,3
herjavec,3
white,3
johnson,3
legendary,3
gift,3
kubecon,3
grieser,3
history,3
treat,3
chat,3
couple,3
miller,3
documentation,3
cross,3
stronger,3
player,3
frank,3
method,3
screen,3
replay,3
identify,3
sholy,3
trip,3
press,3
murray,3
balance,3
cleur,3
second,3
interest,3
announced,3
manager,3
daughter,3
tree,3
chairman,3
traveler,3
dean,3
topic,3
denver,3
explores,3
evil,3
troubleshoot,3
hang,3
valentinesday,3
predictive,3
crash,3
bill,3
serve,3
landscape,3
collectd,3
workbench,3
phone,3
form,3
worry,3
describe,3
robe,3
anything,3
specialist,3
serious,3
clara,3
santa,3
inspired,3
owner,3
january,3
trust,3
codeday,2
reader,2
cybe,2
tier,2
biggame,2
bucket,2
staups,2
mgmt,2
define,2
ctoworld,2
academy,2
blackridge,2
runals,2
brewing,2
prepared,2
tyson,2
noh,2
heidi,2
incredible,2
businessanalytics,2
stadium,2
thru,2
loft,2
ocracy,2
collab,2
gcpnext,2
strataconf,2
hiatus,2
diego,2
maintenance,2
rapid,2
detroit,2
origin,2
enviro,2
losangeles,2
awakens,2
myemcworld,2
middleton,2
busy,2
matter,2
soma,2
stewa,2
thurs,2
networking,2
impressed,2
rsvp,2
nimish,2
carb,2
unveils,2
devopsdays,2
linkedintopattractors,2
ceo,2
moderate,2
seoul,2
italy,2
budget,2
flipboard,2
attractor,2
hapless,2
unconscious,2
ponyup,2
splunkenterprise,2
mason,2
limit,2
binary,2
accenture,2
processing,2
acdp,2
chain,2
thread,2
fouh,2
mint,2
stem,2
ganercatalyst,2
savvy,2
infographic,2
splunkblogs,2
sunnyvale,2
pdsummit,2
logistics,2
html,2
forwarder,2
ldap,2
exec,2
tremendous,2
normal,2
lower,2
beautiful,2
famous,2
credit,2
blow,2
dedication,2
statement,2
soldier,2
speaks,2
dunkin,2
buttercupgo,2
teacher,2
middle,2
relationship,2
exhibit,2
achieve,2
kafka,2
antani,2
physical,2
celebration,2
roth,2
govit,2
announcement,2
meaningful,2
dot,2
touhill,2
complete,2
splunkterns,2
bheu,2
programming,2
underpin,2
enhances,2
xcubiquitous,2
blueprint,2
material,2
juniper,2
breakdown,2
python,2
sharp,2
headquaers,2
spend,2
tap,2
devsummit,2
botnet,2
understood,2
map,2
tough,2
foundry,2
native,2
blogger,2
official,2
predict,2
vehicle,2
suricata,2
botnets,2
heating,2
pellet,2
academic,2
umbrella,2
sense,2
decide,2
attendance,2
itsecurity,2
itprotv,2
watcher,2
march,2
payload,2
cloudbleed,2
updated,2
professional,2
reseller,2
hashtag,2
satellite,2
marchmadness,2
satisfy,2
cybehreats,2
ireland,2
tourism,2
writes,2
permission,2
assign,2
beginner,2
rate,2
sensor,2
thumb,2
rule,2
keep,2
confirm,2
index,2
enablement,2
harry,2
imperative,2
editable,2
criterion,2
niap,2
module,2
oxfamtrailwalker,2
namaste,2
yoga,2
boost,2
magic,2
mine,2
ongoing,2
volunteerrecognitionday,2
fraudster,2
phishers,2
punycode,2
conte,2
david,2
indispensable,2
switzerland,2
datasets,2
paicular,2
accolade,2
linux,2
spice,2
bittner,2
robb,2
carousel,2
simplexml,2
animate,2
ralf,2
attribute,2
zuber,2
format,2
measure,2
scan,2
wall,2
wonder,2
cou,2
advocate,2
chicago,2
funding,2
guess,2
included,2
wire,2
enough,2
chicagoland,2
flex,2
shoot,2
protection,2
bihday,2
spent,2
skokos,2
pure,2
netto,2
nerve,2
natural,2
designer,2
virginia,2
ciopva,2
breadcrumb,2
poland,2
brute,2
amato,2
nina,2
cysca,2
harris,2
theatre,2
evolution,2
side,2
order,2
prospect,2
recognition,2
dbta,2
cwhkawards,2
base,2
methodology,2
powershells,2
subscribe,2
featuring,2
behalf,2
similar,2
steer,2
packed,2
walk,2
pressure,2
expectation,2
disassemble,2
scotty,2
cue,2
attentive,2
crystal,2
gaze,2
save,2
tstats,2
ouch,2
champion,2
fashion,2
sommer,2
tribute,2
consider,2
scientist,2
ethical,2
chen,2
yanpei,2
transit,2
streamstats,2
graduate,2
citizen,2
internal,2
drone,2
airfield,2
plane,2
mapping,2
spatial,2
broader,2
individual,2
reinforce,2
varies,2
discovery,2
audience,2
possibility,2
morris,2
retention,2
blob,2
insane,2
accelerate,2
jenkinsworld,2
forest,2
modernize,2
fund,2
deputy,2
development,2
effect,2
excitement,2
datascience,2
shout,2
soni,2
somesh,2
contributor,2
athlete,2
wheelchair,2
kill,2
lap,2
exasperation,2
expensivegreymiata,2
showcase,2
engagement,2
country,2
taste,2
retweet,2
opening,2
hopper,2
grace,2
director,2
west,2
milestone,2
lab,2
iteration,2
launching,2
xcwhere,2
url,2
couesy,2
shah,2
amit,2
washington,2
raspberrypi,2
body,2
rubik,2
boundary,2
pavillion,2
gamer,2
coverage,2
dead,2
splunkcon,2
bigdatabeard,2
humantrafficking,2
suppoed,2
election,2
pavilion,2
beane,2
finish,2
coho,2
inducted,2
fuse,2
advancement,2
relive,2
hack,2
target,2
dividend,2
investment,2
king,2
explosion,2
thought,2
mccahy,2
nozzle,2
strain,2
others,2
rookie,2
cohen,2
syncso,2
keegan,2
whoop,2
checkout,2
staup,2
echo,2
emergency,2
sent,2
houston,2
flight,2
trics,2
town,2
headline,2
aggregation,2
suppoer,2
slack,2
alldaydevops,2
solar,2
roundup,2
expo,2
flexibility,2
county,2
spike,2
advisory,2
fine,2
halloween,2
deal,2
connects,2
capture,2
upcoming,2
similarity,2
ass,2
workspace,2
unlock,2
ironstream,2
viualreality,2
treatment,2
heel,2
boston,2
adapt,2
car,2
hope,2
collaborate,2
discrete,2
packaging,2
positive,2
false,2
october,2
itconsolidation,2
celebrate,2
sydney,2
turkeytrotsv,2
firm,2
competitive,2
toilet,2
unioned,2
addtotals,2
math,2
splunks,2
splunktern,2
storm,2
faster,2
transforms,2
scoop,2
awshackathon,2
tshis,2
tshi,2
stack,2
matthew,2
teamwork,2
girdharry,2
appreciation,2
voice,2
atlassian,2
xcsplunk,2
sweeney,2
erin,2
eger,2
domnick,2
maker,2
waitomo,2
witawards,2
utrecht,2
console,2
priority,2
protecting,2
push,2
introduced,2
fitz,2
diacap,2
struggle,2
prem,2
kong,2
node,2
dziuba,2
grey,2
december,2
migration,2
dubbs,2
engaged,2
fact,2
winter,2
ceificates,2
hint,2
aspect,2
poppy,2
savory,2
resta,2
ease,2
november,2
signature,2
output,2
enteainment,2
poability,2
utility,2
abuse,2
predicts,2
mitigate,2
innovate,2
fresh,2
station,2
unleash,2
ambitious,2
music,2
moir,2
sarah,2
attacker,2
booz,2
remediate,2
evolve,2
doc,2
european,2
committee,2
dimina,2
secur,2
workstation,2
comfo,2
happened,2
soulmate,2
technologist,2
bright,2
fatherhood,2
village,2
ticket,2
american,2
slice,2
grow,2
apple,2
assurance,2
invests,2
wilson,2
highest,2
australian,2
mechanism,2
opensource,2
feel,2
multiplier,2
countless,2
giant,2
style,2
bathroom,2
coffee,2
vancouver,2
pleasure,2
buzz,2
tactic,2
anthony,2
task,2
andy,2
query,2
heard,2
mikula,2
gary,2
kyle,2
baseball,2
orchestration,2
inspiration,2
claim,2
everyday,2
phenomenal,2
backstage,2
distributor,2
onstage,2
movember,2
seller,2
cookie,2
february,2
ryan,2
piranha,2
shiny,2
answered,2
pacific,2
asia,2
howdy,2
think,2
scada,1
funk,1
trifecta,1
deloitte,1
muscle,1
forget,1
preventbreaches,1
auckland,1
statsday,1
backtothefuture,1
tennis,1
mixed,1
credential,1
suit,1
cooler,1
motion,1
levistadium,1
countererrorism,1
splunkshi,1
realtime,1
mindset,1
total,1
commsconnect,1
downside,1
brown,1
justin,1
tasty,1
breakout,1
xcanalytics,1
plano,1
devs,1
cram,1
summarizes,1
ownership,1
perm,1
incorrect,1
attempt,1
xcall,1
quote,1
leave,1
cookbook,1
chef,1
gaga,1
lady,1
laura,1
mobi,1
paperback,1
german,1
recognized,1
heasontwitter,1
heavsstar,1
hackatho,1
thingsee,1
codedayla,1
intimate,1
fantast,1
premier,1
dontpanic,1
hitchhiker,1
custserv,1
splunkuba,1
philip,1
contributed,1
finest,1
male,1
alamoace,1
apts,1
columbus,1
jaworski,1
smahome,1
mailbox,1
xbtzen,1
orionlabs,1
throwbackthursday,1
lasvegas,1
onyx,1
comms,1
backbone,1
bfks,1
splunkit,1
contextual,1
ceificate,1
compromised,1
vulnerable,1
turkeytrot,1
trot,1
proxy,1
drilldown,1
expe,1
actor,1
persistent,1
spam,1
julien,1
hacker,1
directv,1
beach,1
rosie,1
goteam,1
netscaler,1
elf,1
breaking,1
schon,1
archive,1
logger,1
resilience,1
assist,1
starwars,1
experimental,1
ciscoise,1
edition,1
firewall,1
kid,1
install,1
spread,1
ta,1
austech,1
applies,1
xcshiny,1
panic,1
actionab,1
disruptive,1
wish,1
nunav,1
direction,1
rain,1
cheap,1
di,1
primary,1
anyconnect,1
commonplace,1
deck,1
thankyou,1
writethedocs,1
charles,1
nimbusignite,1
sfbeerweek,1
belgian,1
beergeek,1
dreambigotm,1
intersection,1
splunkrookies,1
france,1
employer,1
prospective,1
hottest,1
thriving,1
championship,1
excit,1
stew,1
delicious,1
burch,1
cyberspace,1
mountain,1
rocky,1
regain,1
noise,1
filter,1
infection,1
preventing,1
mcgann,1
chuck,1
levi,1
estimate,1
mirage,1
cactus,1
compose,1
football,1
fantasy,1
intosec,1
caciocad,1
splunkninjas,1
coworker,1
database,1
salary,1
kitchen,1
jordan,1
status,1
current,1
ceremony,1
oagitm,1
hayes,1
analyzed,1
hexbinary,1
gtri,1
berlin,1
ciscolive,1
adopts,1
doyouknowsplunk,1
richmond,1
luncheon,1
developerweek,1
making,1
eeyores,1
ignore,1
distracts,1
stuck,1
keystone,1
exhaust,1
hidden,1
congress,1
futureofwork,1
brisket,1
barbecue,1
beef,1
sacramento,1
cacioacad,1
glibc,1
barrier,1
communication,1
unauthorized,1
attribution,1
identity,1
verizon,1
brin,1
zealand,1
shelde,1
drieger,1
philipp,1
fujara,1
smail,1
spring,1
backup,1
hello,1
dipa,1
flowtraq,1
supeuesday,1
breed,1
randomware,1
convos,1
south,1
wargame,1
berg,1
friea,1
brodsky,1
itam,1
conduct,1
daveconte,1
dougmerritt,1
haiyansong,1
godfreysullivan,1
champ,1
listing,1
surf,1
xpreparation,1
stock,1
democratization,1
technological,1
manipulation,1
extraction,1
regex,1
xchighlight,1
cooky,1
insurance,1
delhi,1
java,1
threshold,1
reuse,1
hotseat,1
dossola,1
aldo,1
distribution,1
colleague,1
tight,1
sleep,1
moneygram,1
minneapolis,1
coleman,1
job,1
awscloud,1
retailer,1
cubemadness,1
bhatt,1
ronak,1
behavioral,1
withsplunk,1
beforesplunk,1
specific,1
hype,1
yard,1
litany,1
cave,1
powershell,1
zinnovconfluence,1
ztalk,1
pint,1
sceuropefinalist,1
sholist,1
splunkrocks,1
sticker,1
lock,1
shave,1
nutanix,1
ledger,1
susan,1
bigda,1
datafabrics,1
bound,1
ftwdxb,1
audit,1
internetofthings,1
cyberstorm,1
exploitable,1
something,1
brewday,1
nationwide,1
stratahadoop,1
bigdatasv,1
sudhakar,1
muddu,1
hdfs,1
loop,1
marquis,1
marriott,1
forbes,1
sock,1
comprehensive,1
imperial,1
oracy,1
policy,1
affair,1
cohn,1
adam,1
iadgov,1
sami,1
casa,1
gisec,1
return,1
preference,1
reduces,1
cold,1
addition,1
ifornia,1
hotel,1
measurement,1
unit,1
infoscience,1
folder,1
chas,1
correlation,1
believe,1
riccardelli,1
experiment,1
logging,1
viral,1
killchain,1
mini,1
glass,1
pane,1
bailey,1
shelderick,1
principal,1
instruction,1
motor,1
thrilled,1
retain,1
bestinthebay,1
prob,1
factorial,1
calculate,1
requirement,1
howto,1
generate,1
transformative,1
edkins,1
tracy,1
color,1
police,1
devopsdaysvancouver,1
linkedin,1
millis,1
door,1
civilian,1
guidance,1
anniversary,1
shoe,1
boogie,1
depaments,1
array,1
flash,1
brittle,1
syrup,1
inventory,1
gopal,1
spending,1
webinarwednesday,1
regulation,1
elite,1
stockholm,1
yuval,1
image,1
fish,1
maythethbewithyou,1
starwarsday,1
goodie,1
oldie,1
companyshi,1
nerdshi,1
geekshioftheday,1
connection,1
mohamad,1
scenario,1
synchrony,1
bash,1
nifty,1
onecitysf,1
bvhmhs,1
circletheschool,1
unmissable,1
overall,1
zurich,1
succ,1
beau,1
spelunk,1
collective,1
casestudy,1
superb,1
geordie,1
anticipate,1
anywhere,1
ganerea,1
grandprix,1
wizard,1
humanize,1
silly,1
customerblog,1
vishal,1
climatechange,1
square,1
lifecycle,1
healthca,1
vahealthcare,1
geoint,1
podacast,1
gordie,1
bayarea,1
becomes,1
spicy,1
netherlands,1
autodeskwomen,1
awil,1
gendergap,1
unable,1
voting,1
digitalrevolution,1
mulesoft,1
reset,1
sunday,1
rene,1
preparation,1
cheering,1
delighted,1
sdtimes,1
moneyball,1
splunkpets,1
pooch,1
awsusers,1
brightness,1
doshi,1
astronomy,1
workflow,1
fit,1
ser,1
grill,1
visitor,1
romain,1
manish,1
assessment,1
inspector,1
euro,1
ganersec,1
ganeriom,1
lenny,1
computacenter,1
ehrs,1
productivity,1
england,1
lewis,1
kernel,1
timeline,1
gantt,1
parallelism,1
multichannel,1
damn,1
sponsored,1
mondaymusings,1
datascientist,1
punct,1
commerce,1
shaping,1
blast,1
scalarsecuritystudy,1
marcom,1
monagle,1
aoife,1
deficit,1
route,1
json,1
pair,1
eureka,1
document,1
sparkline,1
friendly,1
cyclist,1
match,1
followthearrow,1
chefconf,1
trouble,1
demonstration,1
beatthebreach,1
billboard,1
half,1
bitch,1
xchalf,1
sample,1
thai,1
educate,1
plantelligence,1
plant,1
conve,1
flashback,1
bigdatawomen,1
ashcraft,1
manner,1
timely,1
depends,1
deceptive,1
datacenter,1
wilde,1
subject,1
unsubscribe,1
newsletter,1
unwanted,1
cook,1
electric,1
datadriven,1
gzip,1
lauree,1
hosting,1
unusual,1
proudpaner,1
pain,1
responsibility,1
blackhat,1
splunkshis,1
introduce,1
cyberdefense,1
xahat,1
internationalcatday,1
reply,1
vacation,1
perez,1
panelist,1
splunkspl,1
character,1
translate,1
trunk,1
branch,1
junk,1
flunk,1
failing,1
splunkpaner,1
lumpur,1
kuala,1
reister,1
allegra,1
singapore,1
gobblegobble,1
unified,1
effos,1
splunktalk,1
cycle,1
mastery,1
lunchnlearn,1
crucial,1
sytems,1
swiss,1
splunkhealth,1
brody,1
attention,1
fail,1
replication,1
popular,1
length,1
intellect,1
sysinternal,1
compromise,1
android,1
browser,1
nthis,1
noted,1
objective,1
trace,1
qualys,1
impo,1
warning,1
memory,1
multisite,1
timezone,1
cybergood,1
businessofit,1
intrusion,1
sysmon,1
forward,1
flashstorage,1
nyes,1
fireeye,1
bullseye,1
taketheshoutofit,1
cycling,1
pedaltoparis,1
splunkatsplunk,1
splunkzero,1
gearsofwar,1
facemeltinglyawesome,1
creator,1
markup,1
asseion,1
chooseyourownadventure,1
longterm,1
cornerstone,1
worklifebalance,1
yahoo,1
instagram,1
miracosta,1
vtechawards,1
clint,1
buoy,1
brief,1
gunther,1
christian,1
mega,1
sqlite,1
adfs,1
ipthoughtleadersusa,1
charity,1
driving,1
selection,1
geospatial,1
separate,1
sourcetype,1
determine,1
authentication,1
prep,1
enhancement,1
donut,1
promotion,1
clayville,1
hipaa,1
professor,1
whole,1
effo,1
differentiator,1
practioners,1
let,1
nospoilers,1
login,1
bugging,1
rogers,1
josh,1
analyt,1
survive,1
changer,1
datafabric,1
emdf,1
toolchain,1
british,1
defence,1
ministry,1
stone,1
preaching,1
augment,1
bolton,1
thorstenson,1
tina,1
hubbard,1
talbot,1
julie,1
tenfold,1
measuring,1
intuit,1
ghauri,1
atif,1
educatio,1
lifting,1
undifferentiated,1
discussed,1
databreaches,1
viewer,1
canada,1
donutanalytics,1
armor,1
telemetry,1
realscifi,1
fool,1
tyre,1
rundown,1
enjoyed,1
static,1
appinspect,1
mvp,1
apply,1
reed,1
mirai,1
setup,1
encrypt,1
careersfair,1
flap,1
millionth,1
clean,1
forefront,1
informative,1
sibos,1
cancer,1
breast,1
crush,1
sister,1
slow,1
appliance,1
mostpowerfulwomenintech,1
quite,1
strategist,1
presidential,1
enforcement,1
frye,1
hometown,1
lego,1
miami,1
lunchtime,1
conversatio,1
chair,1
platin,1
attended,1
mcafee,1
contain,1
crop,1
average,1
openinnovation,1
external,1
detective,1
safetravels,1
mapreduce,1
elastic,1
multivalue,1
write,1
water,1
monkey,1
freedom,1
reactivity,1
mundane,1
investigate,1
gitex,1
worker,1
millennial,1
groom,1
george,1
prince,1
netho,1
humanitarian,1
disaster,1
kpis,1
splunkhotel,1
campione,1
guideline,1
gregory,1
fedciso,1
ross,1
wonk,1
amen,1
donation,1
touchdown,1
monday,1
guided,1
kahik,1
grant,1
mustache,1
feast,1
blackfriday,1
saver,1
kudos,1
givingtuesday,1
ground,1
integral,1
paial,1
danger,1
muni,1
leading,1
sopa,1
cubecards,1
fear,1
lack,1
latency,1
dare,1
mayhem,1
breaker,1
amazongo,1
youth,1
skyat,1
kryptonite,1
helper,1
govt,1
nhappy,1
globe,1
dana,1
discipline,1
resist,1
instructor,1
milton,1
happyholida,1
army,1
expand,1
drill,1
jumper,1
conclusion,1
indication,1
lobby,1
gorgeous,1
zzzz,1
lose,1
scinet,1
bizarre,1
hostage,1
williams,1
raspberry,1
desse,1
fohewin,1
queue,1
adaptiveresponse,1
expensive,1
immoality,1
ephemerality,1
explain,1
rank,1
orchestrate,1
delight,1
brent,1
fakenews,1
realm,1
onesie,1
cloudy,1
gephi,1
prom,1
nneed,1
interopitx,1
resolution,1
additional,1
incentive,1
bo,1
privacyaware,1
lifetime,1
outside,1
baby,1
techup,1
geographic,1
blame,1
playing,1
card,1
tracked,1
radar,1
exchange,1
foreign,1
govcompliance,1
lowe,1
stan,1
roadblock,1
bump,1
distraction,1
round,1
crawford,1
timery,1
deploy,1
useful,1
movie,1
gopro,1
vids,1
itpros,1
rockstar,1
socs,1
valentine,1
gpo,1
moscone,1
advanced,1
digitalresilience,1
redseal,1
standard,1
symantec,1
baltimore,1
hydrate,1
healthtech,1
applaud,1
splunksko,1
exceptional,1
meaning,1
healthy,1
installation,1
apis,1
tipsandtri,1
administrator,1
administration,1
ride,1
moore,1
blake,1
foifying,1
terminology,1
standardized,1
kavanagh,1
kellykavagh,1
complementary,1
kellykavanagh,1
extend,1
kellykanagh,1
recommendation,1
prime,1
token,1
indexed,1
perfect,1
venuenext,1
govtech,1
msps,1
beboldforchange,1
influence,1
befearless,1
sheinspiresme,1
internationalwomensday,1
saddle,1
definition,1
maturity,1
convo,1
interop,1
apls,1
advise,1
surrey,1
seminar,1
bracket,1
bracketology,1
stpatricksday,1
tgif,1
stretch,1
breathe,1
relic,1
itchannel,1
trial,1
weakland,1
splunklivedc,1
guard,1
weigh,1
mttr,1
relies,1
dfars,1
wide,1
jargon,1
norm,1
cisos,1
extra,1
calculator,1
cies,1
fuher,1
evening,1
girlgeekdinner,1
aspire,1
quipshis,1
buzzing,1
demographic,1
midst,1
select,1
pipe,1
focused,1
crack,1
alum,1
afterpay,1
lodo,1
shark,1
amongst,1
factory,1
aisanal,1
mystery,1
dwts,1
wehner,1
kris,1
splunkli,1
picture,1
template,1
agility,1
customersuccess,1
wonderful,1
cybehreat,1
statelocal,1
customerexperience,1
messy,1
discussing,1
nominated,1
nailed,1
secops,1
sanjose,1
transpoatio,1
housing,1
downloads,1
jose,1
mayor,1
abstract,1
csi,1
neural,1
fails,1
flattery,1
splunkindu,1
belvoir,1
mitigation,1
varonis,1
joining,1
splunkindustryforum,1
colorado,1
jeffrey,1
aspirin,1
flavor,1
headache,1
techn,1
mechler,1
smas,1
splunkpts,1
responsiveness,1
checked,1
universe,1
war,1
yeah,1
programmable,1
immersion,1
realizeyourdigitaltransformation,1
hold,1
appropriate,1
quincy,1
philadelphia,1
powe,1
xdata,1
ponypoll,1
shazammable,1
splunkl,1
buil,1
several,1
perkins,1
compare,1
whitepaper,1
empowers,1
dcdwebscale,1
hunter,1
nationaltechawards,1
cunningham,1
cloudny,1
anatomy,1
blend,1
batman,1
splunkanswers,1
founate,1
seek,1
chin,1
cheryln,1
epidemic,1
securitytechnology,1
land,1
devnetcreate,1
truth,1
granular,1
lined,1
drain,1
stateofsec,1
forever,1
special,1
grassroots,1
mapbox,1
introduces,1
vxrack,1
probability,1
scawardseurope,1
callie,1
spo,1
xcsecurity,1
awspssummit,1
herbalife,1
randy,1
sunglass,1
studio,1
choosing,1
fathersday,1
recruiter,1
florish,1
datamanagement,1
request,1
transpoation,1
operationa,1
showfloor,1
cyberattack,1
consequence,1
sophistication,1
notpetya,1
congratulate,1
unsexy,1
streamline,1
alto,1
palo,1
cast,1
varley,1
former,1
heas,1
unceainty,1
amet,1
dolor,1
ipsum,1
nlorem,1
shhhhh,1
investor,1
founder,1
complianc,1
spluker,1
weaken,1
pwnage,1
pentesters,1
collisionconf,1
recapping,1
panerpoal,1
mandalay,1
pawnage,1
mass,1
subscription,1
peace,1
sight,1
infamous,1
xalearn,1
deception,1
murphy,1
lineup,1
wardrobe,1
shankar,1
meera,1
guu,1
anurag,1
premise,1
malware,1
fulton,1
joel,1
techcraft,1
tradecraft,1
rib,1
svetlana,1
osint,1
flow,1
sysadminday,1
ciopbos,1
avenger,1
outfit,1
questionable,1
gang,1
chop,1
starek,1
christopher,1
trolley,1
tailor,1
financialservices,1
clock,1
mifidii,1
mentor,1
kirovskaya,1
dollar,1
dodiis,1
genius,1
lube,1
jiffy,1
arise,1
confront,1
datascientists,1
identifies,1
correct,1
poor,1
inflection,1
reveals,1
aificialintelligence,1
shanghai,1
sprint,1
pack,1
glue,1
monit,1
awssummitnyc,1
awssecurityjam,1
female,1
terabyte,1
leak,1
enhanced,1
horizontal,1
defend,1
adopt,1
siloed,1
criminal,1
edge,1
cybers,1
techzone,1
readysolutions,1
montreal,1
section,1
tried,1
college,1
integrate,1
contagious,1
movement,1
smacities,1
expansion,1
jenkins,1
york,1
password,1
unencrypted,1
expression,1
regular,1
gdpr,1
replacement,1
control,1
lottery,1
maryland,1
robot,1
relief,1
harvey,1
worried,1
vmworld,1
teaser,1
weekly,1
suffer,1
giddyup,1
xwatch,1
meeti,1
confetti,1
tacotuesday,1
imagine,1
internship,1
derive,1
snazzy,1
itil,1
itsm,1
transamrit,1
esque,1
flaq,1
gigamon,1
unqualif,1
experienced,1
taught,1
busmgmt,1
giddy,1
splunkc,1
deluge,1
squeeee,1
rehearsal,1
significant,1
celebrates,1
readysystems,1
adrian,1
underway,1
xstay,1
spinner,1
fidget,1
advancedsecops,1
crowdstrike,1
guidepoint,1
firsthand,1
sho,1
grasp,1
superheroes,1
bossofthesoc,1
exploitation,1
workforce,1
momentum,1
mainstream,1
brings,1
bonkers,1
splunkgo,1
bestconfever,1
baggage,1
international,1
hears,1
roadmap,1
recreates,1
ibbitson,1
leaderboard,1
throttle,1
usable,1
consumable,1
soable,1
searchable,1
profile,1
forwa,1
saturday,1
caltagirone,1
sherrie,1
accent,1
lousy,1
neighbor,1
unparalleled,1
merrit,1
splunkco,1
maritza,1
lush,1
pucker,1
soed,1
aside,1
telco,1
operator,1
cargo,1
pharmaceutical,1
cruise,1
narrative,1
merza,1
monzy,1
criminaljustice,1
voterregistration,1
ciscoumbrella,1
intergrations,1
optimal,1
invaluable,1
kitagawa,1
automotive,1
honest,1
vet,1
helpnet,1
tucker,1
allen,1
range,1
truly,1
spostech,1
bind,1
socanalys,1
uber,1
competitor,1
institution,1
skillsets,1
chaotic,1
oracle,1
reboot,1
twin,1
represent,1
hoodie,1
slam,1
exception,1
ellison,1
larry,1
simplify,1
internationalcoffeeday,1
espresso,1
escalation,1
elevate,1
longevity,1
cheplick,1
xcthe,1
aaron,1
rocana,1
mania,1
epicpod,1
opera,1
haystack,1
needle,1
turnaround,1
aircraft,1
capacity,1
krack,1
mahlerwein,1
rich,1
bolster,1
hearing,1
flagship,1
pynchon,1
tightens,1
offi,1
opps,1
founefuture,1
highereducation,1
account,1
ntweet,1
nashville,1
nclgisa,1
private,1
intermedia,1
customization,1
bumble,1
visbility,1
educause,1
punk,1
daft,1
golden,1
vodafone,1
repoing,1
expands,1
infestation,1
spectral,1
crunch,1
extends,1
happyhalloween,1
sugar,1
costume,1
tide,1
halt,1
approximatel,1
desk,1
spirit,1
bustin,1
spooky,1
veical,1
biology,1
espiode,1
pace,1
unprecedented,1
sentiment,1
consumer,1
luxury,1
gueneret,1
calvin,1
secu,1
stor,1
count,1
whodunnit,1
treatme,1
algorith,1
splunkforum,1
innovator,1
jonathan,1
organ,1
splunkpledge,1
oregonian,1
cyberoregon,1
costly,1
alive,1
oregon,1
least,1
tank,1
betrayal,1
ba,1
regi,1
juice,1
chaer,1
takeoff,1
truman,1
rupe,1
screenshot,1
securityjam,1
coolcoolcooltighttighttight,1
calm,1
visibili,1
aria,1
calendar,1
haddad,1
breeze,1
butt,1
skip,1
earn,1
metal,1
pedal,1
splunkeverywhere,1
minu,1
wealth,1
elia,1
hatch,1
drink,1
suspiria,1
restoration,1
jassy,1
dete,1
analytic,1
sellaku,1
wheel,1
scissors,1
nut,1
butter,1
peanut,1
chocolate,1
dream,1
sellak,1
questi,1
sellakumar,1
tshir,1
assistant,1
environme,1
raffle,1
pill,1
henderson,1
stephen,1
keil,1
camera,1
front,1
crowd,1
simulator,1
cubby,1
empty,1
agile,1
unpacks,1
sandbox,1
fridayfreebie,1
downlo,1
reinvention,1
aificial,1
digitalinfrastructure,1
threatdetection,1
guardduty,1
arabia,1
saudi,1
riyadh,1
silver,1
past,1
fifth,1
festivus,1
xtis,1
backg,1
barry,1
rooney,1
cash,1
bandit,1
launchpad,1
pang,1
paul,1
aists,1
eval,1
tack,1
difficult,1
conquer,1
battery,1
supercharge,1
incid,1
icon,1
rolemodel,1
inge,1
repository,1
toy,1
elephant,1
automatio,1
accurate,1
accessible,1
inclusion,1
cyberattackers,1
cangineering,1
ton,1
bin,1
progress,1
kicksta,1
usher,1
suck,1
brace,1
favorit,1
central,1
drug,1
embrace,1
transition,1
practical,1
zutshi,1
naveen,1
exposure,1
fireside,1
marketer,1
controversial,1
thoughtful,1
aim,1
securityanalytics,1
daimler,1
manufacturer,1
wiedemann,1
jeff,1
tonig,1
modernizin,1
cybersecur,1
homeland,1
testifies,1
othe,1
club,1
kuz,1
trustee,1
surreal,1
appearance,1
funny,1
greatest,1
feat,1
presence,1
helen,1
equal,1
tomas,1
cupid,1
presen,1
overwhelmed,1
brandon,1
barcelona,1
xaplease,1
henry,1
xcgolden,1
concept,1
tale,1
whiz,1
evey,1
father,1
flood,1
lerry,1
personal,1
configuration,1
increased,1
touc,1
visionary,1
slim,1
terminal,1
division,1
gap,1
bridge,1
describes,1
shallbetter,1
recruiting,1
commodit,1
precious,1
nighttoshine,1
proj,1
manufacturing,1
thes,1
inconvenience,1
bonus,1
empower,1
investigator,1
lurking,1
huntin,1
reputation,1
damage,1
meow,1
milliondatapoints,1
mechanic,1
balloon,1
fiscal,1
dabble,1
blue,1
violet,1
impacted,1
romance,1
spotless,1
wifi,1
plea,1
spectacular,1
peer,1
overcome,1
lunar,1
performan,1
someo,1
direct,1
discovered,1
angel,1
fly,1
rless,1
click,1
realize,1
buzzword,1
soulmates,1
remediation,1
experie,1
fina,1
troy,1
lie,1
ident,1
spoing,1
nail,1
xcif,1
glazy,1
pursuit,1
relentless,1
title,1
xcwe,1
mcginnis,1
mcaleer,1
determination,1
phantom,1
venture,1
referral,1
xaurora,1
longtime,1
beardgoals,1
registe,1
introduction,1
mcal,1
jake,1
conn,1
diving,1
icmyi,1
marketscape,1
texas,1
securitybydesign,1
prototype,1
shudder,1
