news,149
week,129
cyber,122
data,91
security,71
stanford,66
cybersecurity,64
privacy,47
bitcoin,42
facebook,42
work,41
election,38
internet,36
talk,36
blockchain,34
tech,33
policy,33
today,32
episode,31
online,28
bpase,26
apple,26
hack,25
time,25
year,25
people,24
great,24
conference,24
google,24
russian,23
china,22
hacker,22
surveillance,21
medium,21
social,21
encryption,21
system,20
breach,20
director,19
paper,19
world,19
help,19
cyberinsurance,18
day,18
future,18
real,18
student,18
post,18
initiative,18
research,17
crypto,17
algorithm,16
good,16
attack,16
computer,16
state,16
uber,15
user,15
company,15
repo,15
trump,14
russia,14
software,14
rule,14
fake,14
seminar,14
risk,14
blog,14
fellow,14
season,13
info,13
podcast,13
email,13
insurance,13
join,13
live,13
analysis,13
last,13
phone,13
employee,13
woman,12
technology,12
many,12
team,12
boneh,12
problem,12
best,11
human,11
american,11
malware,11
story,11
intelligence,11
video,11
researcher,11
engineering,11
public,11
snowden,10
discus,10
information,10
digital,10
record,10
business,10
discussion,10
project,10
bill,10
program,10
government,10
protocol,10
event,10
study,10
address,10
issue,10
white,9
next,9
device,9
call,9
robot,9
change,9
right,9
house,9
national,9
ethical,9
school,9
question,9
twitter,9
bear,9
cryptocurrency,9
machine,9
health,8
challenge,8
look,8
black,8
listen,8
car,8
service,8
feat,8
check,8
chance,8
flash,8
site,8
crowd,8
prof,8
job,8
worker,8
federal,8
target,8
threat,8
judge,8
suppo,8
money,8
market,8
password,8
tool,8
private,8
scalingbitcoin,8
account,8
class,8
want,8
open,8
latest,8
excellent,8
bigdata,7
tomorrow,7
access,7
concern,7
read,7
bounty,7
senate,7
comey,7
spy,7
watch,7
country,7
need,7
high,7
chief,7
society,7
infosec,7
consumer,7
valley,7
show,7
interested,7
case,7
cou,7
panel,7
voter,7
president,7
review,7
ethereum,7
silicon,7
tweet,7
nuclear,7
history,7
group,7
speaker,7
application,7
friend,6
friday,6
iphone,6
dark,6
monday,6
force,6
power,6
police,6
newsletter,6
room,6
affect,6
crime,6
ransomware,6
bank,6
tell,6
role,6
first,6
criminal,6
network,6
fancy,6
organization,6
insurer,6
scholar,6
agency,6
point,6
model,6
everyone,6
much,6
someone,6
apply,6
trust,6
kaspersky,6
impact,6
viual,6
others,6
california,6
ethic,6
defense,6
source,6
hear,6
platform,6
spring,6
thanks,6
york,6
office,6
least,6
repos,6
learn,6
noh,6
safe,6
trend,5
industry,5
different,5
yahoo,5
secret,5
reality,5
healthcare,5
medical,5
sanction,5
fingerprint,5
order,5
modern,5
chinese,5
website,5
norm,5
science,5
card,5
justice,5
limit,5
reminder,5
commission,5
apps,5
laptop,5
way,5
detail,5
democracy,5
life,5
congratulation,5
document,5
iranian,5
backdoor,5
former,5
free,5
bias,5
thing,5
secure,5
speech,5
consensus,5
update,5
minute,5
content,5
weekend,5
proposal,5
course,5
responsible,5
example,5
key,5
search,5
command,5
exploit,5
camp,5
boot,5
feinstein,4
jaron,4
grid,4
wassenaar,4
analogy,4
terrorism,4
value,4
suit,4
experience,4
prediction,4
herb,4
immigrant,4
guide,4
comment,4
hacking,4
lineup,4
effo,4
john,4
member,4
page,4
jeremy,4
presidential,4
enforcement,4
book,4
army,4
child,4
lawyer,4
flaw,4
wrccdc,4
anyone,4
harassment,4
file,4
photo,4
come,4
second,4
head,4
censorship,4
location,4
leak,4
process,4
nato,4
folk,4
entire,4
personal,4
terrorist,4
month,4
message,4
answer,4
stock,4
meeting,4
november,4
space,4
nation,4
bring,4
global,4
action,4
protect,4
attribution,4
critical,4
visit,4
patient,4
self,4
pass,4
political,4
whatsapp,4
signal,4
better,4
lead,4
legal,4
putin,4
congrats,4
naic,4
politics,4
fraud,4
stas,4
keynote,4
safety,4
faculty,4
interesting,4
technical,4
intern,4
everything,4
plan,4
professor,4
neutrality,4
browser,4
cyberattack,4
counter,4
journalism,4
chip,4
full,4
proud,4
interest,4
deal,4
chain,4
language,4
series,4
sma,4
hard,4
huge,4
turkey,4
signature,4
aicle,4
note,4
campus,4
price,4
pa,4
launch,4
korea,4
trading,4
guideline,4
meddling,4
collection,4
serious,4
focus,4
hall,3
stanfordcyber,3
madison,3
ale,3
medicine,3
electronic,3
lanier,3
cisa,3
profile,3
interaction,3
follow,3
welcome,3
economic,3
europe,3
weber,3
effect,3
brain,3
scene,3
actual,3
weekly,3
teen,3
corporate,3
isi,3
heard,3
useful,3
halloween,3
current,3
le,3
freedom,3
city,3
control,3
third,3
grad,3
major,3
design,3
wait,3
step,3
register,3
happy,3
contact,3
interview,3
clear,3
unique,3
level,3
producer,3
send,3
sta,3
sensitive,3
choice,3
trouble,3
triantis,3
george,3
debate,3
french,3
protest,3
warrant,3
bailenson,3
present,3
cscw,3
jennifer,3
theory,3
extra,3
troll,3
afternoon,3
number,3
anti,3
april,3
staup,3
impoant,3
civil,3
pay,3
financial,3
proof,3
cyberattacks,3
campaign,3
investigation,3
michael,3
executive,3
newest,3
tuesday,3
plate,3
license,3
final,3
weapon,3
turn,3
kind,3
center,3
governance,3
official,3
explores,3
sell,3
stop,3
code,3
nist,3
share,3
hospital,3
plant,3
valentine,3
repoer,3
unit,3
find,3
manager,3
damage,3
circuit,3
hacked,3
ddos,3
mind,3
fundamental,3
get,3
whole,3
think,3
protection,3
cloud,3
survey,3
exchange,3
johnson,3
mike,3
idea,3
turkish,3
know,3
fear,3
combat,3
manipulation,3
host,3
forum,3
person,3
cost,3
patch,3
pacemaker,3
holy,3
zcash,3
cryptography,3
test,3
speak,3
cover,3
amazon,3
terrible,3
upset,3
nate,3
estonia,3
innovation,3
korean,3
home,3
sound,3
intel,3
wallet,3
small,3
credit,3
prevent,3
feature,3
false,3
scale,3
ready,3
result,3
conf,3
sponsor,3
academic,3
progress,3
formal,3
position,3
authentication,3
slide,3
payment,3
truck,3
driverless,3
govt,3
behavioral,3
thank,3
coup,3
expes,3
favorite,3
reason,3
roundup,3
morning,3
registration,3
university,3
poelstra,3
authority,3
array,3
audience,3
custom,3
america,3
wonder,3
alexanyan,2
wednesday,2
hearing,2
telehealth,2
harder,2
duplicate,2
micropayments,2
military,2
affiliate,2
voice,2
espionage,2
piece,2
landscape,2
hendren,2
mobile,2
analytics,2
chrome,2
datalex,2
genomics,2
pentagon,2
rating,2
old,2
infrastructure,2
rsvp,2
hilton,2
cyberinitiativemonday,2
cybermonday,2
huang,2
baby,2
premiere,2
labor,2
beware,2
herzog,2
werner,2
stingray,2
drone,2
harbor,2
copyright,2
star,2
provider,2
iran,2
disagree,2
precedent,2
education,2
frontier,2
goldsmith,2
jack,2
firm,2
mental,2
print,2
killer,2
aificial,2
principle,2
mcafee,2
demand,2
town,2
unlocked,2
average,2
individual,2
awareness,2
brazil,2
jones,2
metadata,2
fewer,2
wrap,2
reflection,2
swift,2
cybercrime,2
ground,2
hand,2
journalist,2
berkeley,2
cooperation,2
israel,2
stranger,2
war,2
valuation,2
collect,2
pokemon,2
method,2
rate,2
defcon,2
communication,2
vote,2
measure,2
cuban,2
vulns,2
mitchell,2
adblock,2
pardon,2
circle,2
deputy,2
request,2
text,2
headline,2
costume,2
food,2
increase,2
libeies,2
crucial,2
nothing,2
internal,2
anything,2
outstanding,2
flag,2
trial,2
transit,2
asset,2
bomb,2
empathy,2
begin,2
gate,2
customer,2
adveising,2
county,2
driver,2
cenc,2
freeeeeer,2
rider,2
obama,2
loose,2
candidate,2
muslim,2
reveals,2
mail,2
claim,2
confidential,2
stay,2
income,2
board,2
advisory,2
punish,2
practice,2
click,2
tab,2
switch,2
grantee,2
meet,2
care,2
exact,2
applevsfbi,2
brief,2
attention,2
hidden,2
admits,2
verification,2
preview,2
lock,2
hash,2
onion,2
block,2
studio,2
senior,2
sure,2
community,2
immigration,2
notice,2
hollywood,2
upend,2
enables,2
available,2
reserve,2
arrest,2
street,2
homeland,2
mimblewimble,2
elaine,2
mass,2
expe,2
silence,2
microsoft,2
mexico,2
collision,2
permission,2
death,2
success,2
ntrump,2
editor,2
propaganda,2
game,2
term,2
style,2
philanthropy,2
enigma,2
indictment,2
isps,2
approach,2
create,2
image,2
fail,2
fall,2
standard,2
yesterday,2
netflix,2
treatment,2
word,2
manufacturer,2
broker,2
impossible,2
orgs,2
sunday,2
front,2
scrape,2
impoance,2
writes,2
early,2
column,2
love,2
pierson,2
traffic,2
unroll,2
missile,2
german,2
flexispy,2
structure,2
insane,2
letter,2
adam,2
march,2
james,2
worse,2
shadow,2
cast,2
committee,2
exploitable,2
biometric,2
aadhaar,2
economy,2
legislation,2
likely,2
commercial,2
fantastic,2
leaker,2
relationship,2
evidence,2
worry,2
activist,2
foreign,2
risky,2
reader,2
ultimate,2
historical,2
hardest,2
cook,2
clinical,2
blockchainforgood,2
strong,2
stronger,2
family,2
refugee,2
suspected,2
failure,2
building,2
supreme,2
congress,2
constitutional,2
gmail,2
academia,2
thread,2
maker,2
illegal,2
blame,2
wave,2
prototype,2
bernstein,2
field,2
math,2
excited,2
rogers,2
voting,2
insecure,2
split,2
officer,2
associate,2
staff,2
detection,2
cfaa,2
place,2
marketplace,2
effos,2
bot,2
submit,2
product,2
matter,2
chairman,2
something,2
oppounity,2
try,2
hire,2
equifax,2
regulation,2
culture,2
range,2
assistant,2
award,2
offensive,2
disclosure,2
special,2
mcfaul,2
learning,2
clinton,2
breaking,2
uncomfoable,2
name,2
worst,2
neutral,2
english,2
attacker,2
fight,2
close,2
tough,2
competitor,2
cptc,2
consequence,2
direct,2
become,2
recap,2
expose,2
stuff,2
ciso,2
litigation,2
fee,2
fund,2
easy,2
wifi,2
dead,2
stem,2
competition,2
brother,2
transcript,2
bullish,2
talent,2
penetration,2
collegiate,2
gothamelections,2
cyberspace,2
phishing,2
ease,2
cause,2
parity,2
decision,2
busy,2
roll,2
thursday,2
implication,2
commute,2
cop,2
bucket,2
international,2
animal,2
environmental,2
cloudflare,2
dutee,2
rise,2
germany,2
able,2
mirai,2
plea,2
european,2
wannacry,2
true,2
invasive,2
miner,2
error,2
memory,2
wrong,2
link,2
alarm,2
vulnerability,2
large,2
active,2
notification,2
davos,2
grant,2
submission,2
invite,2
silent,2
hello,2
side,2
script,2
contract,2
insight,2
argument,2
friendly,2
implement,2
cozy,2
roos,2
stefanie,2
root,2
continuous,2
kaizen,2
schnorr,2
reading,2
chaer,2
snooper,2
cryptocurrencies,2
stack,2
escrow,2
recent,2
whitepaper,2
andy,2
elite,2
depament,2
agree,2
gdpi,2
instagram,2
response,2
performance,2
bulletproofs,2
effective,2
flow,2
cryptographic,2
raid,2
summer,2
fellowship,2
iphones,2
object,2
institute,2
economics,2
deterrence,1
cirenza,1
patrick,1
stolen,1
functionality,1
firefox,1
mozilla,1
cooperates,1
roundtable,1
south,1
base,1
anthrax,1
sample,1
enemy,1
generation,1
fitbit,1
vendor,1
patriotact,1
mapped,1
sunset,1
bulk,1
duff,1
serve,1
administrator,1
chan,1
david,1
millennium,1
exemption,1
bizarre,1
mckinsey,1
boardroom,1
seawell,1
domestic,1
intrusion,1
operate,1
belief,1
lab,1
terbium,1
massive,1
management,1
personnel,1
reliable,1
kit,1
primary,1
enter,1
allows,1
tactic,1
medjack,1
showdown,1
replacement,1
sweat,1
selfies,1
breathalyzer,1
fact,1
verifiable,1
diplomat,1
danger,1
cardinal,1
broad,1
patent,1
negligent,1
congressional,1
cyberknife,1
depaments,1
piracy,1
vehicle,1
heist,1
elaborate,1
basis,1
leap,1
dementia,1
monitoring,1
electricity,1
icann,1
owner,1
basic,1
kid,1
temporary,1
nyse,1
goingdark,1
disc,1
light,1
lavabit,1
smaller,1
cyberespionage,1
cybersocial,1
recipient,1
bust,1
choose,1
introduction,1
gentle,1
automobile,1
butler,1
aboard,1
unite,1
automaker,1
zizek,1
slavoj,1
purpose,1
optional,1
fedora,1
stint,1
yearlong,1
passcode,1
petition,1
pretty,1
scroll,1
stunning,1
smith,1
hackback,1
drive,1
colleague,1
epic,1
separate,1
cnas,1
fitzgerald,1
printer,1
liable,1
casebook,1
alphabet,1
bankruptcy,1
volkswagen,1
injunction,1
reveal,1
bhusa,1
complete,1
lawn,1
insider,1
goal,1
taxpayer,1
implicate,1
featu,1
xcblack,1
wireless,1
telematics,1
auto,1
savage,1
stefan,1
engine,1
enterprise,1
starship,1
golden,1
removal,1
xright,1
summary,1
nussbaum,1
brian,1
garden,1
scanner,1
telemedicine,1
caer,1
secdef,1
jailbroken,1
adobe,1
backlash,1
imessages,1
shopping,1
storefront,1
equips,1
stupidity,1
yale,1
clinic,1
funding,1
gap,1
invader,1
arm,1
wall,1
contracting,1
digitalprivacy,1
lunch,1
regulator,1
commodity,1
currency,1
growth,1
concerned,1
date,1
transcription,1
sends,1
grumman,1
norhtrop,1
spectrum,1
dystopian,1
compel,1
webcast,1
theft,1
conduct,1
announces,1
pres,1
karma,1
gchq,1
behalf,1
itunes,1
subscribe,1
trade,1
ivory,1
companion,1
inference,1
recommendation,1
scissorhands,1
edward,1
amount,1
benevolent,1
johari,1
ashley,1
ruling,1
suppoers,1
morris,1
ryan,1
gerdes,1
chris,1
face,1
extension,1
proliferates,1
stage,1
genomic,1
smallbusinesses,1
casbs,1
paranoia,1
targeted,1
infographics,1
tradeoff,1
pwsyn,1
solid,1
comeback,1
trait,1
carrier,1
svcs,1
hippocratic,1
native,1
conscience,1
acct,1
brennan,1
strangedata,1
strange,1
advice,1
press,1
convince,1
unfixed,1
wide,1
assessment,1
mean,1
difficulty,1
walton,1
fisa,1
hostage,1
forgives,1
nightmarefueldog,1
smalldog,1
bigdog,1
engagement,1
washington,1
fluctuates,1
anonymous,1
zerocoin,1
asks,1
nugget,1
gold,1
beanie,1
smell,1
nose,1
creep,1
activity,1
admiral,1
offline,1
lethal,1
cruz,1
resilience,1
stanfordcyberday,1
exec,1
rock,1
emotion,1
jpmorgan,1
encourages,1
xvepafewqhxivdtdzsavmcd,1
plxugkop,1
keybase,1
allyberke,1
expression,1
cranor,1
lorrie,1
advantage,1
spotlight,1
diagnosis,1
convenient,1
worldwide,1
sale,1
edellroot,1
biopic,1
toughen,1
amendment,1
race,1
ownership,1
skype,1
fitting,1
trustwohy,1
poldrack,1
rus,1
satoshi,1
cleared,1
hate,1
atstanford,1
reliving,1
ukraine,1
autonomy,1
connectivity,1
balance,1
sundance,1
documentary,1
tien,1
squirrel,1
biggest,1
calla,1
elegance,1
beauty,1
feed,1
union,1
assumption,1
aggregation,1
hapless,1
suspect,1
dragnet,1
hour,1
invitationals,1
affiliated,1
film,1
screen,1
peregrine,1
woh,1
pwords,1
unready,1
take,1
dataprivacyday,1
population,1
demography,1
fengler,1
wolfgang,1
wallenberg,1
noon,1
deadline,1
flock,1
swarm,1
bend,1
override,1
lavigne,1
tessier,1
marc,1
neuroscientist,1
tracked,1
n,1
strengthen,1
cyberstrategy,1
mackenzie,1
distraction,1
clutter,1
autoresponders,1
bubble,1
unlock,1
cous,1
terror,1
cuba,1
venezuela,1
xbbackdoor,1
overview,1
nsls,1
xcfix,1
ectr,1
restore,1
pregnant,1
crunchers,1
zeus,1
nitro,1
dispute,1
farook,1
argue,1
fbios,1
char,1
alphanumeric,1
leaf,1
nissan,1
webinar,1
driving,1
allstate,1
bernadino,1
extract,1
arrangement,1
dept,1
victory,1
afterlife,1
digitalcivilsocietylab,1
suppoing,1
difference,1
edits,1
lot,1
decedent,1
fair,1
interactive,1
specialist,1
hide,1
parent,1
spos,1
discontn,1
adblockers,1
continual,1
cavity,1
harris,1
regionals,1
compete,1
defender,1
dating,1
common,1
kosinski,1
michal,1
charge,1
downturn,1
debit,1
therapy,1
disease,1
hea,1
shrink,1
wellbeing,1
citizen,1
philippine,1
panama,1
protestors,1
pepper,1
reference,1
streisand,1
horizon,1
aicles,1
recognizable,1
list,1
possible,1
sean,1
potential,1
hamilton,1
tubman,1
harriet,1
buying,1
explode,1
triple,1
double,1
xbloodbath,1
grow,1
singapore,1
chatbots,1
quandary,1
tripra,1
tria,1
cyberbombs,1
administration,1
shift,1
sector,1
energy,1
suggestion,1
topic,1
halfway,1
ability,1
insecurity,1
ciab,1
steve,1
bullet,1
silver,1
xcno,1
comparison,1
presenting,1
valid,1
narrative,1
cyberwarfare,1
assist,1
mentalhealth,1
examination,1
consider,1
quantify,1
gritty,1
nitty,1
france,1
discrimination,1
understand,1
knowledge,1
older,1
fishreel,1
shoutout,1
remark,1
commish,1
exclusion,1
majeure,1
requirement,1
cybe,1
commissioner,1
count,1
okcupid,1
juicy,1
behavior,1
alter,1
chill,1
lack,1
telephone,1
quiz,1
stns,1
sugg,1
thought,1
affected,1
humanity,1
stuxnet,1
sharecropper,1
distos,1
origin,1
offense,1
domain,1
operational,1
differential,1
conversation,1
herzliya,1
linkedin,1
chatbot,1
summon,1
abuse,1
conviction,1
conspiracy,1
affirms,1
podcasts,1
playlist,1
incomplete,1
smbs,1
half,1
ponemon,1
obsolescence,1
profit,1
halvening,1
mrrobot,1
captchas,1
sewbots,1
cleaning,1
path,1
premium,1
persistent,1
reuse,1
status,1
package,1
disappoints,1
night,1
broader,1
sxsw,1
cyberpanic,1
bottleneck,1
bandwidth,1
youtube,1
metaphor,1
possibility,1
charlie,1
ubers,1
nrussia,1
nonsense,1
nfbi,1
steal,1
build,1
marauder,1
paquete,1
stick,1
brought,1
polarization,1
coasean,1
curation,1
philosophy,1
featuring,1
neuroscience,1
stevens,1
grade,1
mooc,1
genetic,1
triad,1
expeise,1
kudos,1
cafe,1
netics,1
punk,1
cybers,1
catalog,1
racist,1
trick,1
nand,1
somebody,1
discredit,1
amnesty,1
tuna,1
summit,1
hackingdiplomacy,1
fintech,1
itsatrap,1
paner,1
lazy,1
quality,1
quantity,1
counsel,1
metasploit,1
late,1
askreddit,1
neglected,1
input,1
subpoena,1
dealer,1
drug,1
spending,1
consumption,1
nature,1
involvement,1
perception,1
mauver,1
canary,1
stamos,1
decrypts,1
whisper,1
crack,1
profession,1
verizon,1
blochchain,1
thumb,1
prime,1
trapdoor,1
feasible,1
botnet,1
play,1
contraband,1
fishnet,1
chainlinks,1
wearable,1
lego,1
wear,1
keyboard,1
balaclava,1
hoodie,1
perennial,1
imperfect,1
reconcile,1
cryptowars,1
productivity,1
uncover,1
sophisticated,1
brilliant,1
perusal,1
scandal,1
familiar,1
holiday,1
channel,1
secession,1
plenty,1
oppounities,1
mar,1
exploration,1
astronaut,1
placeholder,1
mother,1
grandmother,1
mood,1
turnout,1
influenc,1
downplay,1
uprising,1
egyptian,1
outlet,1
conservative,1
conscious,1
burr,1
clippy,1
picture,1
posting,1
nazi,1
cyberhacks,1
graham,1
lindsey,1
nsource,1
antarctic,1
arctic,1
standing,1
invitational,1
harm,1
vulnerable,1
pick,1
impossibly,1
myanmar,1
ecosystem,1
ford,1
emdrive,1
peer,1
tiny,1
approacheth,1
ignore,1
embrace,1
stole,1
dysto,1
liability,1
invalid,1
wrongful,1
alameda,1
frisk,1
perspective,1
diverse,1
weird,1
bldg,1
engineer,1
protester,1
demo,1
sharingeconomy,1
xairbnb,1
presage,1
autonomous,1
reclaim,1
livestreaming,1
option,1
cute,1
hahaha,1
xeven,1
superintelligence,1
maciej,1
peeeeeeeeeople,1
february,1
scholarship,1
sway,1
ninteresting,1
sheryl,1
nfacebook,1
xcalways,1
ride,1
breakfast,1
ecology,1
misinformation,1
automation,1
factory,1
belt,1
rust,1
influence,1
dncleak,1
periodic,1
investigate,1
aisle,1
stake,1
paisan,1
tufekci,1
zeynep,1
moral,1
resist,1
evaluate,1
occur,1
encrypts,1
lip,1
draft,1
ieee,1
district,1
democratic,1
registry,1
database,1
proposed,1
ndec,1
server,1
noct,1
nsept,1
comeuppance,1
involved,1
ooooh,1
welp,1
systematic,1
extensive,1
volunteer,1
responsibility,1
professional,1
melissa,1
budget,1
production,1
inequality,1
driven,1
broken,1
condemn,1
spot,1
cohn,1
cindy,1
egypt,1
rogue,1
hygiene,1
horrid,1
empire,1
opine,1
wherein,1
crowdsourcing,1
collective,1
arabia,1
saudi,1
purchase,1
presenter,1
murder,1
meter,1
water,1
echo,1
guidance,1
postmarket,1
announcement,1
schwaz,1
suzanne,1
journal,1
fakenews,1
clearance,1
entity,1
library,1
sooo,1
release,1
deletes,1
susan,1
mccain,1
dossier,1
guardian,1
imagine,1
amicus,1
throat,1
piecework,1
lens,1
sue,1
sweden,1
grateful,1
pro,1
datamangement,1
sudan,1
genocide,1
secto,1
inter,1
census,1
long,1
dropbox,1
convos,1
touch,1
prop,1
random,1
tip,1
pact,1
regs,1
ireland,1
promise,1
evolve,1
primitive,1
ncode,1
succinctness,1
scalbility,1
universality,1
nqualities,1
sasson,1
neli,1
integrity,1
computational,1
dfinity,1
thresholdrelay,1
decorrelation,1
sphinx,1
route,1
bsae,1
covenant,1
rubin,1
charac,1
potter,1
harry,1
contributor,1
phd,1
feel,1
fruitchains,1
honeybadger,1
norange,1
largescale,1
audio,1
offer,1
leadership,1
scientific,1
plug,1
manufacturing,1
dynamic,1
mosa,1
assemble,1
inadequate,1
gallery,1
inspired,1
peaksf,1
literal,1
fan,1
blonde,1
stream,1
view,1
frame,1
dogooddata,1
ticket,1
foune,1
porn,1
shopify,1
supremacy,1
sleepy,1
nice,1
localization,1
miss,1
aclu,1
seek,1
african,1
checked,1
counterattack,1
ce,1
steppe,1
grizzly,1
mistake,1
philadelphia,1
cameroon,1
macedonia,1
commencement,1
deliver,1
xallar,1
florentino,1
mariano,1
computation,1
quintillion,1
incompatible,1
bittorrent,1
flower,1
indie,1
font,1
gorgeous,1
jurisdiction,1
rejection,1
cool,1
cybercorps,1
queue,1
guild,1
offi,1
ninfowars,1
donald,1
ntop,1
sausage,1
hancock,1
jeff,1
jour,1
sexualized,1
alleges,1
dump,1
wikileaks,1
cyberweapons,1
vault,1
stupid,1
explain,1
sexy,1
deepmind,1
perfume,1
czar,1
joyce,1
retweet,1
bittercoin,1
wish,1
technologist,1
passionate,1
gyroscope,1
section,1
sunsetting,1
wiretapping,1
warrantless,1
docu,1
buffer,1
vmware,1
uninitialized,1
infoleak,1
kernel,1
window,1
sniper,1
tencent,1
thisisnotfakenews,1
round,1
coie,1
hansen,1
criterion,1
verify,1
tractor,1
salute,1
defend,1
fool,1
avatar,1
truly,1
dive,1
newer,1
preference,1
enforce,1
oooh,1
bigger,1
becomes,1
tril,1
equalpayday,1
make,1
scam,1
cloudhopper,1
nuggs,1
min,1
accuracy,1
vids,1
distinguish,1
xwhere,1
workshop,1
biotechnology,1
offering,1
coin,1
initial,1
josh,1
textual,1
cultural,1
hell,1
jeepflea,1
strike,1
adequate,1
moment,1
jesus,1
inappropriate,1
title,1
url,1
careful,1
detect,1
guest,1
founate,1
rfps,1
resource,1
pac,1
migrating,1
chunk,1
pour,1
turing,1
powerpoint,1
invention,1
inbox,1
emma,1
blocker,1
effectiveness,1
rough,1
attempt,1
write,1
trained,1
hijack,1
telecom,1
uproar,1
botnets,1
cyberdefense,1
scheme,1
controversial,1
india,1
relevant,1
hiring,1
oakland,1
declaration,1
forceful,1
barrier,1
boon,1
utxo,1
crop,1
thai,1
paragraph,1
interference,1
brazen,1
schiff,1
operation,1
justthatsi,1
leading,1
kidding,1
nlavrov,1
hayden,1
general,1
nicaragua,1
conclusion,1
avoid,1
flight,1
session,1
pendergrast,1
williams,1
alibek,1
biohazard,1
graysmith,1
quammen,1
scan,1
iris,1
authenticator,1
unchangeable,1
version,1
jargon,1
delayed,1
sign,1
reform,1
original,1
deeply,1
ransomeware,1
notable,1
nicholas,1
line,1
siliconvalley,1
activism,1
socialmedia,1
thurs,1
prison,1
chelsea,1
squad,1
geek,1
vast,1
weaponize,1
authoritarian,1
fine,1
imagination,1
kerr,1
jackie,1
llnl,1
tedxstanford,1
primer,1
actor,1
escalation,1
exempt,1
storage,1
define,1
comm,1
mole,1
informant,1
jailed,1
reverse,1
discloses,1
evidentiary,1
postdoctoral,1
stonia,1
infose,1
taintedleaks,1
century,1
archaic,1
cashless,1
berkman,1
instructional,1
incubator,1
manage,1
royal,1
jail,1
thailand,1
vpns,1
stat,1
else,1
nobody,1
syrian,1
router,1
investment,1
moderator,1
banana,1
poor,1
island,1
rhode,1
holzer,1
xcsubmit,1
form,1
relevance,1
hitting,1
finale,1
censor,1
training,1
loss,1
nyetya,1
afghanistan,1
teenage,1
capitalism,1
cashier,1
touchscreen,1
bunch,1
weighs,1
glitch,1
nasdaq,1
graph,1
adult,1
percent,1
bcbs,1
sharp,1
super,1
describe,1
boundary,1
traditional,1
disintegration,1
australia,1
foundry,1
dy,1
medal,1
mirzakhani,1
wake,1
sponsorsh,1
fill,1
overlap,1
paial,1
sorry,1
msft,1
faucet,1
trace,1
neighborhood,1
cybercom,1
wotr,1
vill,1
local,1
loom,1
fork,1
minister,1
ousts,1
swedish,1
joining,1
grotto,1
networking,1
mesh,1
cyberpunk,1
obligation,1
renegotiate,1
hierarchy,1
convenience,1
unpunished,1
deed,1
disappear,1
nthis,1
paradox,1
apologize,1
confounding,1
delete,1
refuse,1
abusive,1
sidewalk,1
spraypaints,1
resubmit,1
revise,1
intl,1
conflict,1
mcsweeney,1
sarcasm,1
malicious,1
coco,1
hotel,1
august,1
cell,1
remains,1
dual,1
appl,1
gene,1
solo,1
futureofwork,1
reinvent,1
ambitious,1
monopoly,1
googl,1
nkorean,1
horvitz,1
pentland,1
cassell,1
breazel,1
buehner,1
frown,1
tank,1
doctor,1
reject,1
kenya,1
match,1
area,1
shape,1
nnew,1
ncybersecurity,1
impactful,1
societal,1
approx,1
incident,1
drill,1
spill,1
woe,1
icos,1
outlaw,1
reach,1
creative,1
destruction,1
misuse,1
tesla,1
lede,1
womeninstem,1
positive,1
turk,1
bylock,1
usgov,1
bribery,1
necessary,1
minimum,1
grantmaking,1
nscaling,1
nervous,1
edgar,1
perk,1
hillary,1
securel,1
ship,1
aim,1
kremlin,1
doubt,1
agenda,1
ntentative,1
joint,1
sovereignty,1
sacked,1
deloitte,1
peddling,1
playe,1
xyou,1
misinfo,1
viral,1
lagarde,1
christine,1
victim,1
upload,1
endorsement,1
phrase,1
gender,1
xfturkish,1
translate,1
contractor,1
disinformation,1
brown,1
assaul,1
loophole,1
psychological,1
directness,1
xforgive,1
rich,1
core,1
gracious,1
advance,1
technological,1
capable,1
convinced,1
pierre,1
opinion,1
beal,1
israeli,1
retail,1
reset,1
handshake,1
packet,1
krack,1
liebe,1
attorney,1
settlement,1
explains,1
berke,1
allison,1
survive,1
dupe,1
iotroop,1
badrabbit,1
goel,1
phantom,1
xorcist,1
programmer,1
hallowe,1
respond,1
malaysia,1
giant,1
humanitie,1
reinforce,1
dawn,1
break,1
livestream,1
steroid,1
coinjoin,1
blocksci,1
empirical,1
mater,1
alma,1
xbcnz,1
benedikt,1
livestreams,1
bitcoiners,1
nationalcptc,1
awesome,1
slower,1
guy,1
multisig,1
froze,1
affair,1
testimony,1
analytica,1
cambridge,1
freeze,1
ether,1
buddy,1
flung,1
conputers,1
xcdo,1
regula,1
hush,1
kaplan,1
cluster,1
background,1
postdoc,1
bug,1
netw,1
macos,1
leaky,1
scoop,1
gerrymandering,1
relation,1
agriculture,1
master,1
francisco,1
internship,1
alright,1
lawmaker,1
republican,1
persily,1
borderless,1
darpa,1
dude,1
greatest,1
xcthe,1
ajit,1
brickerbot,1
congeniality,1
nixed,1
stellar,1
moxie,1
accountability,1
algorithmic,1
enable,1
pic,1
zuckerberg,1
generates,1
yeeeeeeesh,1
bribe,1
decides,1
execution,1
simultaneous,1
processor,1
spectre,1
acronym,1
hodl,1
concept,1
undergrad,1
xfif,1
xfcs,1
technique,1
clustering,1
tweak,1
bitfury,1
senator,1
olympics,1
hawaii,1
indication,1
secondary,1
posture,1
mcnewsface,1
newsy,1
presentation,1
forget,1
entry,1
vibration,1
soda,1
nearby,1
recreate,1
rest,1
schedul,1
attend,1
intention,1
layer,1
conferenc,1
casper,1
vall,1
track,1
single,1
swap,1
atomic,1
discreet,1
shir,1
fit,1
smasignature,1
simplicity,1
xconnors,1
semantics,1
fuher,1
sigs,1
widespr,1
predecessor,1
parrot,1
blockcha,1
experiment,1
bird,1
teamster,1
dutch,1
cohen,1
bram,1
connor,1
fisch,1
cathie,1
insightful,1
trustchain,1
johan,1
chair,1
japanese,1
improvement,1
tokyo,1
glossary,1
quick,1
schneier,1
bruce,1
presence,1
bulletproof,1
pile,1
peek,1
sneaker,1
heatmap,1
strava,1
xcgovernment,1
mayer,1
jonathan,1
lecture,1
superpacs,1
significance,1
taught,1
quaer,1
mania,1
return,1
popper,1
metal,1
sheet,1
enough,1
cage,1
faraday,1
lolol,1
lie,1
annoyance,1
mine,1
supercomputer,1
coolest,1
october,1
acquiescence,1
interdisciplinary,1
discipline,1
passpo,1
border,1
cross,1
terrific,1
accessible,1
icloud,1
redundant,1
nyou,1
gun,1
unauthorized,1
xallows,1
unsophisticated,1
caus,1
underrepresented,1
kickass,1
oursa,1
kramer,1
larry,1
lockbox,1
inconspicuous,1
horcruxes,1
west,1
east,1
nthe,1
