cyber,67
cybersecurity,50
symantec,41
security,25
attack,18
cyberattacks,15
ransomware,12
cyberattack,12
group,12
tool,9
cybercrime,9
defense,8
malware,8
business,8
threat,8
korea,7
cybercriminals,7
repo,7
time,6
integrate,6
espionage,6
live,6
team,6
state,6
link,5
firm,5
talk,5
help,5
crime,5
world,5
year,5
shamoon,4
bank,4
use,4
organization,4
today,4
competition,4
webinar,4
'symantec,4
target,4
recent,4
discuss,4
criminal,4
wannacry,4
share,4
consumer,4
detail,4
local,4
cyberspy,3
establishes,3
staups,3
venture,3
cyberheist,3
hack,3
hacker,3
political,3
hacking,3
israeli,3
staup,3
race,3
hear,3
large,3
mobile,3
device,3
android,3
company,3
backtoschool,3
high,3
learn,3
system,3
join,3
clark,3
breach,3
healthcare,3
noh,3
career,3
compete,3
adversary,3
shoe,3
walk,3
cyberaware,3
energy,3
future,3
sowbugapt,3
solution,3
challenge,3
cost,3
risk,3
chris,3
speak,3
advance,3
reveals,3
simulate,3
host,3
greenbug,2
trojan,2
credentials-stealing,2
more,2
blog,2
combat,2
rapid,2
boost,2
form,2
hearing,2
wave,2
sony,2
evidence,2
tie,2
attribute,2
longhorn,2
attacker,2
find,2
demand,2
war,2
apprentice,2
country,2
dozen,2
global,2
asks,2
lazarus,2
connection,2
data,2
gdpr,2
pay,2
gain,2
financial,2
game,2
landscape,2
ganersec,2
amazon,2
inside,2
dump,2
exploit,2
cause,2
europe,2
strike,2
researcher,2
fireglass,2
second,2
skycure,2
bhusa\nlearn,2
gardner,2
panel,2
bhusa,2
'fileless,2
untraceable,2
grow,2
framework,2
lead,2
panership,2
strategic,2
announce,2
aiel,2
university,2
college,2
drive,2
school,2
october,2
education,2
close,2
identity,2
greg,2
cambridgecyber,2
fight,2
dragonfly,2
sector,2
register,2
stop,2
conduct,2
watch,2
call,2
work,2
look,2
massive,2
computer,2
impoant,2
infrastructure,2
internet,2
connect,2
cloud,2
head,2
similar,2
victim,2
insight,2
impact,2
mark,2
alliance,2
national,2
issue,2
discus,2
experience,2
level,1
next,1
worm,1
~ransom,1
cripple,1
arabia,1
saudi,1
ongoing,1
powershell,1
stockbroker,1
resolve,1
sadara,1
steal,1
gang,1
yahooams,1
whoa,1
router,1
dome,1
geodesic,1
corporatization,1
reality,1
confidence,1
field,1
diversify,1
hitsecur,1
himss,1
study,1
expand,1
pure-play,1
execute,1
fund,1
push,1
bcwoods,1
bccs,1
closing,1
likely,1
committee,1
homeland,1
house,1
assessment,1
provide,1
michael,1
president,1
cash,1
ability,1
show,1
body,1
explains,1
cyberheists,1
judge,1
impress,1
cyberfirst,1
code,1
crack,1
girl,1
fend,1
way,1
simple,1
robber,1
heard,1
affect,1
vault,1
first,1
breaking,1
attacks-linked,1
organisation,1
worldwide,1
cyberweapons,1
accord,1
score,1
claim,1
specialist,1
vulnerable,1
password,1
warn,1
ambitious,1
rule,1
rampant,1
sabotage,1
keep,1
surge,1
extoion,1
ransom,1
lucrative,1
service,1
interview,1
chedd,1
wag,1
cyberspace,1
nation,1
smbs,1
nonexistent-third,1
physical,1
integrating,1
expo,1
terror,1
counter,1
rpts,1
focus,1
patientcare,1
turn,1
ironic,1
begin,1
showcase,1
fair,1
professional,1
prestigious,1
fill,1
board,1
advisory,1
wake,1
round,1
brace,1
government,1
subside,1
pandemic,1
friday,1
fule,1
april,1
attempt,1
week,1
last,1
retaliation,1
traditional,1
prompt,1
point,1
infosec,1
scenario,1
play,1
employee,1
cyberwargames,1
cover,1
governance,1
aid,1
defence,1
think,1
notice,1
boss,1
matter,1
meager,1
petty,1
highly-skilled,1
spying,1
murky,1
blame,1
cyberwar,1
company-wide,1
chaos,1
enterprise,1
'protect,1
surprising,1
late,1
thanks,1
session,1
cyber\xasecurity,1
robust,1
need,1
integration,1
patrick,1
session/symantec,1
platform,1
defend,1
online,1
replay,1
element,1
human,1
broker,1
shadow,1
leveraging-built,1
disruption,1
spread,1
know,1
tuesday,1
virus,1
analyze,1
several,1
sherif-nabawai,1
-greg,1
generational,1
=,1
+,1
tech,1
isolation,1
\xcfireglass,1
thwas,1
prepared,1
relies,1
worry,1
plague,1
buy,1
cyberse,1
purchase,1
deal,1
applies,1
curve,1
formula,1
cascade,1
medicine,1
originated,1
thinking,1
patient,1
immune,1
strategy,1
guard,1
tip,1
advanced,1
theater,1
hall,1
swing,1
impressive,1
discussion,1
'stop,1
'tips,1
olympics,1
underpinnings,1
economy,1
third,1
cybehreat,1
expose,1
attractive,1
kidssafety,1
tweenager,1
habit,1
safe,1
tactic,1
cyber-defense,1
chief,1
wannabe,1
apps,1
custom,1
build,1
allows,1
require,1
skill,1
cod,1
cont,1
india,1
bhai,1
discover,1
highschool,1
cybersafety,1
kid,1
safety,1
software,1
create,1
supply,1
prepares,1
simulation,1
real-life,1
govcon,1
sector\xaeurope,1
says\xdragonfly,1
stagger,1
insecurity,1
anatomy,1
topic,1
engineer,1
balog,1
architect,1
mcpeak,1
kevin,1
acqui,1
basis,1
theft,1
cousin,1
smaer,1
/,1
nist,1
capability,1
inglis,1
carlin,1
john,1
greene,1
jeff,1
bounty,1
nature,1
patch,1
proper,1
booth,1
chat,1
final,1
'today,1
transformation,1
sponsor,1
linked-emergence,1
resurgence,1
cyberpatriot,1
thrill,1
wiper,1
badrabbit,1
confirm,1
spooked,1
current,1
tune,1
activity,1
month,1
awareness,1
identifies,1
sowbug\xagroup,1
wpcyber,1
cybersummit,1
post,1
washington,1
proud,1
uncovered,1
asia,1
america,1
south,1
spy,1
\xcwell-resourced,1
maker,1
wine,1
designer,1
industrial,1
interviews,1
magazine,1
strategy+business,1
govern,1
bold,1
complex,1
'sma,1
grant,1
weakness,1
main,1
federal,1
law,1
mcauliffe,1
address\xcommon,1
depament,1
strayer,1
craze,1
bitcoin,1
dollar,1
trill,1
number,1
vulnerabil,1
thing,1
devices\xcthese,1
townsend,1
fractured,1
repair,1
agency,1
sowbug,1
cyber-espionage,1
research,1
alan,1
toy,1
sma,1
bear,1
teddy,1
child,1
single-agent,1
launch,1
endpoint,1
detect,1
chance,1
less,1
mean,1
disk,1
hard,1
file,1
few,1
guide,1
brief,1
scam,1
trend,1
fuher,1
profile,1
davos,1
advice,1
'consumers,1
noon,1
release,1
press,1
event,1
stream,1
dataprivacyday,1
ncsa,1
response,1
test,1
invite,1
sign,1
privacy,1
parliament,1
european,1
apply,1
afraid,1
security\xcdon,1
working,1
