cybersecurity,300
infosec,224
cyber,108
security,55
cybercrime,48
cyberattacks,39
threat,33
attack,29
cyberwar,17
business,16
year,15
cybercriminals,14
risk,14
cyberattack,13
malware,13
hacker,13
company,11
repo,10
itsecurity,10
global,9
week,8
cyber-attacks,8
hack,7
target,7
landscape,7
launch,7
firm,7
intelligence,7
russian,7
government,7
ransomware,7
bank,6
future,6
next,6
big,6
cyber-security,6
system,6
insurance,6
criminal,6
industry,6
olympics,6
major,6
news,6
tackle,5
skill,5
tech,5
strategy,5
face,5
secure,5
protect,5
online,5
critical,5
scam,5
staups,5
prediction,5
campaign,4
career,4
korea,4
'russian,4
incident,4
meet,4
cybehreat,4
centre,4
state,4
change,4
work,4
cybehreats,4
tip,4
group,4
help,4
claim,4
ready,4
organization,4
organisation,4
crime,4
trust,4
record,4
|,4
high,4
infrastructure,4
russia,4
national,3
data,3
cyber-espionage,3
transit,3
regional,3
imgur,3
defense,3
chinese,3
'repo,3
financial,3
internet,3
best,3
expes,3
many,3
rise,3
safe,3
investment,3
leak,3
policy,3
nuclear,3
chain,3
supply,3
place,3
analytics,3
increase,3
cyber-attack,3
'national,3
fine,3
money,3
power,3
training,3
cyberweapons,3
time,3
cryptocurrency,3
understanding,3
defence,3
unit,3
gchq,3
website,3
official,3
fail,3
weapon,3
concern,3
essential,3
environment,3
technology,3
open,3
prepare,3
researcher,3
winter,3
-teiss,3
way,3
leader,3
impact,3
machine,3
cost,3
mitigate,3
saudi,2
aim,2
cyberespionage,2
cyber-incidents,2
nohkorea,2
cold,2
cyberspies,2
level,2
injection,2
fancybear,2
engineering,2
step,2
anonymous,2
school,2
defmin,2
cybergang,2
live,2
chief,2
push,2
elite,2
measure,2
'nist,2
californ,2
sacramento,2
compromise-,2
repo-,2
mafia,2
corporate,2
stay,2
botnet,2
percent,2
holiday,2
ddos,2
strike,2
exploit,2
list,2
thing,2
techjobs,2
infosecjobs,2
email,2
vulnerability,2
emerge,2
trend,2
pay,2
'businesses,2
large,2
banking,2
response,2
call,2
head,2
infographic,2
skype,2
jail,2
resilience,2
talent,2
'exclusive,2
consumer,2
main,2
effective,2
aificialintelligence,2
line,2
gdpr,2
likely,2
download,2
available,2
glossary,2
december,2
definition,2
release,2
dark,2
prevent,2
'these,2
'government,2
practice,2
poor,2
cyber-enabled,2
israeli,2
operator,2
warn,2
'when,2
cyber-thieves,2
useful,2
gang,2
ation,2
train,2
digital,2
share,2
surge,2
allianz,2
healthcare,2
cisco,2
'apple,2
test,2
purchase,2
isi,2
cracking,2
create,2
allege,2
charge,2
event,2
forum,2
hunt,2
member,2
fraud,2
massive,2
framework,2
ring,2
basic,2
scratch,2
lingo,2
breach,2
cyber-criminals,2
nationalsecurity,2
cause,2
apps,2
crack,2
common,2
city,2
damage,2
learn,2
activity,2
malicious,2
plan,2
priority,2
management,2
energy,2
office,2
economy,2
house,2
gap,1
university,1
security-gurion,1
qotd,1
table,1
periodic,1
arabia,1
smaer,1
symantec,1
sector,1
'healthcare,1
whop,1
cyber-training,1
give,1
staff,1
'ransomware,1
ebook,1
aid,1
error,1
human,1
front,1
fast-moving,1
equifax,1
facebook,1
bring,1
lottery,1
right,1
pot,1
finger,1
steal,1
interruption,1
cyberecurity,1
logs,1
user,1
provider,1
shady-logs,1
cyberstalker,1
arrest,1
platform,1
technique,1
overdraft,1
clever,1
chatham,1
substitute,1
'maritime,1
worsen,1
survive,1
binary,1
vmware,1
wikileaks,1
respond,1
frame,1
flash,1
recent,1
deal,1
finance,1
catalonia,1
spanish,1
decade,1
last,1
mondaymotivati,1
easy-cost,1
quick,1
scale,1
'significant,1
squad,1
advice,1
'best,1
rabbit,1
statement,1
question,1
update,1
screenshots,1
necurs,1
authority,1
cyber-heists,1
pseudo-videos,1
trojan,1
'silence,1
cybersec,1
puzzle,1
board,1
adviser,1
external,1
factfriday,1
simple,1
network,1
swift,1
abuse,1
cyber-heist,1
nepal,1
'hackers,1
theft,1
identity,1
digi,1
bigdata,1
teaming,1
human-machine,1
action,1
'scottish,1
rein,1
cyberdefenses,1
boost,1
need,1
want,1
loophole,1
expose,1
file,1
sensitive,1
kpmg,1
huddle,1
hacktivists,1
'muslim,1
fear,1
britain,1
understand,1
deeper,1
dive,1
back\xthink,1
shopping,1
follow,1
iinfosec,1
cybercrooks,1
boom,1
service,1
troll,1
millennial,1
peep,1
deity,1
bos,1
combat,1
friday,1
black,1
advantage,1
mention,1
welcome,1
'budget,1
pillar,1
suppoed,1
'indian,1
frontier,1
forensics,1
toughen,1
wannacry,1
military,1
investigation,1
lancaster,1
mark,1
specialist,1
structure,1
determine,1
date,1
software,1
device,1
indicts,1
month,1
mount,1
'criminals,1
unveils,1
canadian,1
ukraine,1
sacram,1
compromise,1
feature,1
design,1
compliance,1
link,1
antivirus,1
enhance,1
message,1
instant,1
millennials,1
accidental,1
tycoon,1
slam,1
behavioral,1
advanced,1
bod,1
hiss,1
balkanisation,1
diss,1
kaspersky,1
barclays,1
brit,1
kitten,1
iran,1
pa,1
depament,1
asset,1
draft,1
under-repoing,1
metric,1
railroad,1
happens,1
nightmare,1
bitcoin,1
prison,1
madison,1
growth,1
fuel,1
fight,1
labor,1
reason,1
landsc,1
evolve,1
siem,1
shift,1
forget,1
connect,1
industrial,1
season,1
easy,1
count,1
worker,1
role,1
guilty,1
attacker,1
use,1
rating,1
credit,1
impoant,1
score,1
pros,1
procure,1
rsquo,1
'lessons,1
'more,1
break,1
blast,1
'hacky,1
cujo,1
race,1
arm,1
hostile,1
'gchq,1
tank,1
think,1
western,1
cyber-spies,1
vow,1
'over-achieved,1
ranso,1
kill,1
economics,1
retaliate,1
tell,1
johnson,1
resolution,1
dissent,1
army,1
-strong,1
setting,1
vietnam,1
'force,1
cybersecurity-suite,1
disconnect,1
authentication,1
analysis,1
element,1
underused,1
model,1
passenger,1
facepalms,1
detect,1
good,1
accomplishment,1
happiness,1
full,1
happy,1
wish,1
cyberhygiene,1
hygiene,1
lack,1
define,1
dust,1
germany,1
implication,1
huge,1
mitigation,1
splurge,1
issue,1
'aspen,1
love,1
capital,1
venture,1
vendor,1
\xcalifornia,1
cisos,1
problem,1
solves,1
mobile,1
'vulnerable,1
offline,1
hospital,1
force,1
senate,1
penetrate,1
effo,1
multiple,1
registration,1
competition,1
girl,1
cyberfirst,1
outage,1
disruptive,1
wrap,1
keep,1
shipping,1
danish,1
soar,1
panic,1
vandalism,1
third,1
nation,1
motivated,1
rush,1
exceed,1
total,1
funding,1
plant,1
shut,1
cyberweapon,1
considers,1
shoage,1
program,1
york,1
join,1
harder,1
rich,1
retire,1
underworld,1
code,1
source,1
android,1
exobot,1
'hacker,1
method,1
weak,1
negligence,1
employee,1
lose,1
predict,1
corner,1
hidden,1
significant,1
mainstream,1
sixth,1
publish,1
enisa,1
iphone,1
crash,1
bomb,1
'text,1
threatmetrix,1
turn,1
aific,1
pokemon,1
'british,1
safeguard,1
prescriptive,1
emergence,1
generation,1
attract,1
late,1
clarke,1
david,1
ally-sheriff,1
account,1
twitter,1
hijack,1
'turkish,1
cyber-crime,1
'consumers,1
category,1
matter,1
ciaran,1
cyberdefense,1
maturing,1
draw,1
battle,1
appropriate,1
extreme,1
aware,1
cloud,1
spending,1
cio,1
awareness,1
council,1
local,1
offer-demand,1
coursera,1
statistic,1
figure,1
fact,1
checklist,1
'download,1
suffer,1
brazilian,1
connected,1
half,1
high-impact,1
challenge,1
'prepare,1
fall,1
press,1
>,1
economic,1
world,1
davos,1
announce,1
center,1
giant,1
'infrastructure,1
wolf,1
lone,1
administration,1
trump,1
ceificates,1
cybeheft,1
heist,1
cryptocoin,1
woman,1
kompromat,1
ndash,1
insider,1
petrol,1
strength,1
gain,1
utility,1
grid,1
'polish,1
cyber-defense,1
fresh,1
implement,1
guide,1
small,1
hint,1
affordable,1
factor,1
driving,1
heightens,1
'widespread,1
jammer,1
sta,1
crims,1
cybesecurity,1
great,1
cyberwarfare,1
game,1
triton,1
pentagon,1
sell,1
move,1
attempt,1
anticipation,1
automate,1
'researchers,1
scanner,1
'hospital,1
pilot,1
cybe,1
advance,1
multiply,1
space,1
impoance,1
complex,1
profile,1
linkedin,1
professional,1
stereotype,1
look,1
research,1
hacking,1
dangerous,1
result,1
first-year,1
impressive,1
boast,1
initiative,1
'ncsc\xactive,1
firewall,1
british,1
\xgreat,1
block,1
success,1
cybercrims,1
desirable,1
paner,1
track,1
enforcement,1
leverage,1
blog,1
apple,1
collaboration,1
unveiling,1
today,1
discount,1
customer,1
wannacry-like,1
admit,1
darkweb,1
pos,1
ship,1
enterprises,1
traditional,1
culture,1
internal,1
surface,1
reach-time,1
'data,1
scheme,1
cyber-fraud,1
scammer,1
dept,1
'justice,1
bowl,1
super,1
atms,1
conduct\xjackpotting,1
shutter,1
'feds,1
stole,1
cyber-crew,1
cop,1
chronicle,1
first,1
google,1
guidance,1
dataanalytics,1
humanfactors,1
nist,1
value,1
international,1
powerful,1
run,1
indicted,1
'briton,1
ail,1
answer,1
allian,1
accord,1
bad,1
storm,1
torch,1
ceremony,1
troubles,1
attend,1
cyberwa,1
destroyer,1
'fake,1
romance,1
backdoor,1
spread,1
cyber-gang,1
field,1
reveals,1
executive,1
former,1
warfare,1
'ethical,1
election,1
'democrats,1
future-proof,1
sma,1
korea-linked,1
destructive,1
responsible,1
military\xalmost,1
judge,1
assessment,1
ncsc,1
well-funded,1
country,1
sign,1
'tech,1
collateral,1
korean,1
noh,1
machineintelligence,1
aificial,1
committee,1
expe,1
vulnerable,1
perception,1
'global,1
crucial,1
dedicate,1
moment,1
perpetrator,1
'white,1
