cyber,75
cybersecurity,56
infosec,45
security,28
attack,22
threat,17
group,16
history,14
cyberattacks,13
throwbackthursday,13
social,13
cybercrime,12
espionage,12
dangerous,11
engineering,11
istr,10
woman,9
sho,9
read,9
cyberespionage,7
miss,6
repo,6
target,6
career,6
sector,6
energy,6
infamous,6
mysterious,6
lazarus,6
business,6
cyberattack,5
hacker,5
year,5
story,5
campaign,5
crime,5
attract,5
malware,5
cybercriminals,5
womenintech,5
tech,5
criminal,5
bank,5
wednesdaywisdom,5
wannacry,5
essential,5
email,4
arrest,4
land,4
long-running,4
bachosens,4
operation,4
company,4
tool,4
industry,4
noh,4
government,4
risk,4
big,4
ransomware,4
climb,4
future,4
share,4
professional,4
lead,3
online,3
tackle,3
federal,3
buckeye,3
power,3
nuclear,3
extradite,3
member,3
help,3
'symantec,3
plan,3
device,3
vulnerable,3
month,3
show,3
use,3
organization,3
petty,3
mean,3
economic,3
global,3
national,3
case,3
everyone,3
habit,3
cyberattackers,3
incident,3
sabotage,3
research,3
hack,3
advice,3
parliament,3
korea,3
world,3
link,3
mondaymotivation,3
symantec,3
prison,2
sentence,2
test,2
reserve,2
financial,2
remsec,2
strider,2
state,2
shift,2
disrupt,2
plant,2
chief,2
iaea,2
corporate,2
election,2
fraud,2
romanian,2
investigation,2
trend,2
face,2
forum,2
way,2
simple,2
form,2
alliance,2
give,2
recent,2
activity,2
combat,2
victim,2
steal,2
vault,2
fool,2
dissolution,2
securitythreatrepo,2
game,2
cyber-attack,2
battle,2
gain,2
large,2
highly-skilled,2
cybercriminal,2
vector,2
infection,2
preferred,2
major,2
command,2
increase,2
powershell,2
bhusa,2
stuxnet,2
service,2
android,2
'potential,2
detailed,2
look,2
western,2
news,2
cybersecurityawarenessmonth,2
release,2
agency,2
breach,2
people,2
watch,2
rate,2
first,2
scam,2
attacker,2
work,2
day,2
'social,2
job,2
impoant,2
tout,2
firm,2
zerodays,2
authentication,2
episode,1
whole,1
night,1
last,1
cyberwar,1
usarmy,1
unit,1
ready,1
army,1
survey,1
widen,1
'many,1
insight,1
noon,1
accord,1
worldwide,1
trojan,1
access,1
remote,1
romania,1
france,1
laundering,1
money,1
charge,1
'ukrainian,1
ddbc,1
cybercrminal,1
detetion,1
growth,1
impact,1
ceo,1
union,1
police,1
data,1
confidential,1
conflict,1
dispute,1
iran,1
commission,1
aide,1
house,1
white,1
guilty,1
'turkish,1
ddos,1
perform,1
iranian,1
resilience,1
simulation,1
ring,1
dollar,1
multi-million,1
role,1
exploit,1
blackhole,1
click-fraud,1
propaganda,1
terrorist,1
enhance,1
supercomputer,1
watson,1
stress,1
chairman,1
authority,1
institution,1
oversees,1
central,1
study,1
kingdom,1
united,1
traditional,1
'repo,1
patchwork,1
'ation,1
respond,1
defines,1
guideline,1
publish,1
homeland,1
dept,1
belgium,1
sweden,1
china,1
russia,1
spy,1
discovery,1
private,1
hire,1
protect,1
damage,1
predicts,1
'mobile,1
kong,1
hong,1
discover,1
coat,1
blue,1
blog,1
iocs,1
list,1
'update,1
cybersecmonth,1
european,1
october,1
'nuclear,1
admit,1
cyberheist,1
name,1
says-third,1
mirai,1
today,1
cou,1
expect,1
talk,1
attny,1
identity,1
uncover,1
gang,1
bayrob,1
alleged,1
justice,1
depament,1
|,1
scheme,1
indict,1
range,1
broad,1
carry,1
newyear,1
third,1
rank,1
health,1
probe,1
hea,1
update,1
jude,1
worm,1
perspective,1
cyberunderground,1
sale,1
saferinternetday,1
pressure,1
ramp,1
cofounds,1
candidate,1
'less,1
wave,1
next,1
enable,1
thing,1
budget,1
destructive,1
season,1
taxreturns,1
tend,1
turla,1
decade,1
door,1
'russian,1
country,1
evidence,1
fake,1
center,1
price,1
high,1
easterweekend,1
finance,1
long,1
password,1
cyberwargames,1
demo,1
toy,1
danger,1
conference,1
wow,1
ninja,1
-year\xccyber,1
connection,1
close,1
high-profile,1
estimate,1
meager,1
'highly-skilled,1
actor,1
nation-state,1
comparison,1
advanced,1
ambition,1
lofty,1
feed,1
instagram,1
spear,1
britney,1
hide,1
time,1
baby,1
reach,1
workforce,1
shofall,1
hiddencobra,1
korean,1
warn,1
banking,1
uptick,1
blame,1
motive,1
outbreak,1
petya,1
rest,1
beat,1
inspirefest,1
diversity,1
concern,1
vote,1
american,1
'lazarus,1
loss,1
london,1
lloyd,1
source,1
'fileless,1
discuss,1
espionage-dated,1
document,1
summerreading,1
defcon,1
vdos,1
attack-hire,1
run,1
teen,1
live,1
spending,1
'ganer,1
deal,1
train,1
lack,1
director,1
'survey-thirds,1
wannabe,1
apps,1
'these,1
potential,1
'western,1
book,1
learn,1
dragonfly,1
perpetrate,1
'read,1
drama,1
'production,1
fail,1
bad,1
ncsam,1
public,1
defense,1
wiper,1
badrabbit,1
confirm,1
shoages,1
staff,1
advantage,1
try,1
weekend,1
fall,1
cybermonday,1
blackfriday,1
technique,1
sophisticated,1
heist,1
warns,1
reveal,1
practice,1
good,1
attitude,1
'poor,1
weakness,1
main,1
common,1
event,1
shop,1
single,1
monday,1
friday,1
black,1
follow,1
spam,1
elevate,1
attribute,1
guide,1
brief,1
weak,1
samsam,1
system,1
infect,1
pay,1
'hospital,1
basic,1
team,1
insights,1
like,1
scratch,1
fine,1
infrastructure,1
experience,1
apply,1
afraid,1
security\xcdon,1
reading,1
