domain,905
name,725
smallbiz,670
website,520
business,477
online,452
learn,264
tip,236
help,201
verisign,195
click,182
registration,178
email,145
social,141
brand,138
today,130
check,130
medium,128
read,125
small,124
register,120
keywords,120
ddos,113
consumer,109
good,105
great,102
available,100
free,100
customer,100
internet,99
presence,97
marketing,96
search,92
trend,90
easy,90
video,84
need,76
want,75
attack,74
repo,73
time,72
content,72
step,70
sta,69
blog,68
perfect,67
address,66
service,65
success,62
staupindia,60
tweet,60
story,59
miss,58
engine,57
staupuk,56
watch,52
way,52
year,52
latest,51
tool,51
site,51
sure,51
find,50
build,49
follow,48
thanks,47
personal,47
extension,46
idea,46
promo,46
dotcom,45
right,44
page,44
traffic,44
conference,42
company,42
best,42
protect,42
post,41
look,40
show,40
know,39
namescon,39
thing,39
vbsdcon,38
industry,38
work,37
handle,37
reason,36
system,36
resource,36
zone,35
full,35
create,35
credibility,34
security,34
keyword,33
effective,33
grow,33
owner,33
join,33
professional,33
multiple,32
visit,32
dnssec,32
webinar,31
facebook,31
last,31
building,31
viual,30
strategy,30
quick,30
sale,30
people,30
data,29
world,29
inspiration,29
bring,29
product,28
simple,27
redirect,27
advantage,26
open,26
thank,26
gain,26
event,26
network,25
india,25
vrsnblog,25
staup,25
trust,25
brief,25
suggestion,24
date,24
secure,24
cybersecurity,23
lab,23
user,23
choose,23
pofolio,23
tomorrow,23
domainscope,22
list,22
power,22
root,22
booth,22
week,22
reston,22
download,22
threat,22
many,22
staed,21
team,21
mobile,21
easier,21
shop,20
mistake,20
impact,20
malware,20
checklist,20
registrar,20
visitor,20
presentation,19
collaboration,19
tcdisrupt,19
increase,19
infographic,19
cost,19
share,19
market,18
stand,18
impoant,18
common,18
basic,18
relevant,18
audience,18
track,18
research,18
code,18
twitter,17
recent,17
question,17
registry,17
instagram,17
rich,17
money,17
stas,17
creative,17
myth,17
ready,17
meet,17
friendly,17
namestudio,17
demo,17
interest,16
protection,16
technology,16
detail,16
signing,16
strength,16
community,16
appreciate,16
ecommerce,16
oppounities,16
average,16
commerce,16
drive,16
identity,16
hour,16
plan,16
cybehreats,15
korean,15
japanese,15
july,15
little,15
local,15
connect,15
memorable,15
first,15
february,15
dotnet,15
application,14
ebook,14
excellent,14
sign,14
lounge,14
solution,14
inexpensive,14
safe,14
metric,14
staups,14
space,14
stop,14
grows,14
analytics,14
advice,14
month,14
discover,13
march,13
resilient,13
early,13
directory,13
second,13
trending,13
techjob,13
test,13
next,13
benefit,13
repeat,13
boost,13
quaer,13
determine,13
store,13
sbdc,12
original,12
gtlds,12
whdglobal,12
channel,12
popular,12
digital,12
likely,12
hear,12
fact,12
availability,12
framework,12
profile,12
info,12
level,12
shift,11
period,11
collisionconf,11
smallbusiness,11
dollar,11
point,11
bird,11
crowd,11
freebsd,11
guide,11
deal,11
calendar,11
mark,11
credible,11
entrepreneur,11
utilize,11
adveise,11
purchase,11
come,11
account,11
information,11
extra,11
sense,11
critical,11
behavioral,10
bike,10
holiday,10
cryptography,10
keynote,10
happy,10
april,10
whdindia,10
place,10
size,10
roll,10
june,10
sept,10
successful,10
beanie,10
shopping,10
september,10
tell,10
investment,10
describe,10
downtime,10
dcjob,10
base,10
workshop,10
project,10
largest,10
choice,10
management,10
privacy,10
coffee,10
smallbizweek,9
premium,9
make,9
submit,9
builder,9
prevent,9
subscribe,9
others,9
correct,9
expe,9
growth,9
techie,9
optimization,9
strong,9
december,9
loyalty,9
custom,9
platform,9
founder,9
phrase,9
inta,8
korea,8
general,8
announces,8
public,8
reliable,8
repeater,8
quantum,8
rsac,8
manager,8
revenue,8
everyone,8
proposal,8
concern,8
fraudulent,8
honor,8
rate,8
design,8
stay,8
lock,8
access,8
decision,8
global,8
expand,8
save,8
unique,8
grab,8
much,8
innovation,8
techweekla,8
pro,8
comfoable,8
apply,8
type,8
engineer,8
coupon,8
please,8
pa,8
talk,8
mean,8
call,8
inbox,8
wrong,8
january,8
powersmallbiz,7
mitigation,7
pmet,7
cyberaware,7
vantage,7
evolution,7
landrush,7
process,7
dnib,7
tiptuesday,7
cyber,7
intelligence,7
insecure,7
timeless,7
day,7
trump,7
infrastructure,7
love,7
operation,7
domainname,7
end,7
experience,7
ncindia,7
peak,7
tech,7
organization,7
aicle,7
selling,7
history,7
answer,7
avoid,7
number,7
essential,7
engage,7
attract,7
disaster,7
con,7
launch,7
gmail,7
effos,7
reputation,7
performing,7
recommendation,7
sponsor,7
responsive,7
giveaway,7
news,7
marketplace,7
promotion,7
head,7
catch,7
physical,7
driving,7
discount,7
practice,6
measurement,6
diagnostics,6
multi,6
program,6
preferred,6
journey,6
turn,6
landscape,6
update,6
madrid,6
anyone,6
smallbusinessweek,6
useful,6
domainingeurope,6
insight,6
agree,6
competition,6
include,6
foune,6
socialmedia,6
supply,6
chance,6
solid,6
efficient,6
match,6
suppo,6
location,6
reach,6
allow,6
become,6
trustwohy,6
prepare,6
invest,6
processor,6
payment,6
biggest,6
word,6
modifier,6
competitive,6
provider,6
blueprint,6
generic,6
present,6
morning,6
personalbrand,6
manage,6
result,6
life,6
change,6
paper,5
cloud,5
leadership,5
language,5
orlando,5
dane,5
summer,5
home,5
communication,5
youtube,5
query,5
character,5
domainview,5
namesuggestion,5
primary,5
ecosystem,5
give,5
value,5
meeting,5
branding,5
craftsman,5
adult,5
le,5
infosec,5
alliance,5
promote,5
enthusiast,5
guess,5
operating,5
safety,5
capital,5
venture,5
master,5
economical,5
exposure,5
ditch,5
authoritative,5
relative,5
worst,5
undetected,5
forget,5
lot,5
topic,5
expes,5
strike,5
door,5
october,5
device,5
intriguing,5
cybermonday,5
light,5
demonstrate,5
round,5
offer,5
effo,5
consume,5
surprise,5
possible,5
book,5
loyal,5
goandgrow,5
player,5
redirecting,5
financial,5
able,5
alexandra,5
staupgrind,5
tlds,5
someone,5
white,4
idefense,4
complexity,4
dreamsmallbiz,4
prince,4
current,4
priority,4
wise,4
thecomyouknow,4
slideshare,4
premier,4
target,4
keyroll,4
spon,4
sho,4
server,4
developer,4
budget,4
layer,4
annual,4
thankful,4
realtor,4
different,4
gift,4
uncommonlytimeless,4
proven,4
schnell,4
scott,4
quiet,4
valuable,4
center,4
optimize,4
digitalguide,4
baby,4
everything,4
consider,4
senior,4
congrats,4
course,4
dell,4
favorite,4
kind,4
position,4
director,4
whole,4
implementation,4
hire,4
snappa,4
friend,4
smaer,4
activity,4
dalal,4
manish,4
move,4
bigger,4
risk,4
personality,4
indian,4
fuher,4
future,4
thursday,4
minute,4
rdap,4
live,4
xconline,4
false,4
true,4
path,4
generate,4
passion,4
smbs,4
country,4
host,4
awesome,4
embrace,4
invite,4
computer,4
direction,4
sync,4
christmas,4
edge,4
larger,4
crypto,4
coin,4
anything,4
tonight,4
think,4
break,4
deliver,4
late,4
browser,4
renew,4
aist,3
flute,3
oarc,3
actionable,3
cybercrime,3
thurs,3
guru,3
half,3
funding,3
popsicle,3
recruiter,3
mime,3
remains,3
majority,3
interact,3
pokemon,3
get,3
candidate,3
tlsa,3
high,3
study,3
marketer,3
powerful,3
sweet,3
enterprise,3
stuff,3
chosen,3
quiz,3
line,3
shopsmall,3
healthcare,3
agency,3
icon,3
collaborative,3
season,3
take,3
scope,3
resolution,3
role,3
touch,3
protects,3
congratulation,3
visibility,3
affect,3
authentication,3
client,3
restore,3
respond,3
afraid,3
fast,3
culture,3
piday,3
poweredbyverisign,3
mind,3
something,3
food,3
grapher,3
arena,3
teatro,3
refuel,3
mitigate,3
helpful,3
cheer,3
bear,3
botnet,3
graphic,3
option,3
reader,3
case,3
version,3
expeise,3
amazing,3
variety,3
percent,3
signal,3
chai,3
gtld,3
spinner,3
fidget,3
announce,3
measure,3
explains,3
impoance,3
oppounity,3
generation,3
productive,3
source,3
straight,3
registrant,3
confirm,3
discus,3
google,3
leverage,3
familiar,3
campaign,3
botnets,3
reality,3
technical,3
august,3
define,3
operator,3
attractive,3
crucial,3
skill,3
international,3
dcjobs,3
trick,3
profession,3
state,3
acronym,3
attention,3
retailer,3
showcase,3
classic,3
treat,3
icann,3
administrator,3
november,3
renewal,3
approach,3
smes,3
expensive,3
london,3
area,3
potential,3
assistance,3
transfer,3
reflection,3
president,3
driver,3
glad,3
stage,3
smile,3
fouh,3
unwanted,2
saas,2
apis,2
darknet,2
evaluate,2
hungry,2
xthe,2
wessels,2
duane,2
downloader,2
popularity,2
main,2
detect,2
deccio,2
casey,2
hybrid,2
premise,2
taste,2
prepared,2
wheel,2
recursive,2
breach,2
proactive,2
specific,2
panama,2
czechia,2
scale,2
rollout,2
japan,2
jessica,2
megan,2
additional,2
exact,2
holder,2
dnsviz,2
rockin,2
woman,2
vulnerability,2
wpad,2
rehab,2
view,2
chose,2
kidtrepreneur,2
brexit,2
collision,2
equal,2
tactic,2
rebel,2
xread,2
athlete,2
endurance,2
patient,2
conve,2
development,2
misconception,2
enhanced,2
enhance,2
stronger,2
dominant,2
game,2
dnsforum,2
mcpherson,2
finish,2
copy,2
flash,2
graph,2
load,2
worldhostingday,2
combination,2
maintain,2
abandon,2
shopper,2
wild,2
collaborate,2
cheese,2
car,2
fridayfact,2
reveals,2
rise,2
itjob,2
underused,2
navigation,2
halloween,2
count,2
thumb,2
follower,2
vital,2
intern,2
student,2
graduate,2
bottom,2
onlinebusiness,2
domainhappyhour,2
member,2
impression,2
thanksgiving,2
teammate,2
motivator,2
tireless,2
blackfriday,2
saturday,2
gbps,2
flashbackfriday,2
keep,2
tree,2
subscriber,2
control,2
apa,2
least,2
actor,2
analyzer,2
cybehreat,2
write,2
sketchbook,2
xshoer,2
uniregistry,2
performer,2
race,2
relax,2
caffiene,2
kane,2
metadata,2
globe,2
experiment,2
found,2
attact,2
bold,2
killer,2
image,2
awareness,2
music,2
saavy,2
matter,2
landingpage,2
consideration,2
serious,2
scuba,2
dabbawala,2
punam,2
review,2
spend,2
hiring,2
enteainment,2
xceasy,2
europe,2
bakery,2
neerja,2
paradise,2
teabox,2
paners,2
srvp,2
enjoy,2
fuel,2
friday,2
liam,2
reconnect,2
abbrete,2
spos,2
stream,2
renewable,2
steady,2
linux,2
bostonmarathon,2
nice,2
chinese,2
monthly,2
interested,2
kid,2
nola,2
enough,2
boo,2
domainnames,2
beanieboos,2
swag,2
starwarsday,2
hyperdrive,2
capture,2
dharavi,2
dot,2
lesson,2
rank,2
large,2
cent,2
weakness,2
problem,2
xcthe,2
career,2
dream,2
decline,2
highlight,2
sell,2
shoer,2
crawl,2
digitalindia,2
employed,2
aicles,2
creativity,2
flexibility,2
audit,2
mile,2
woh,2
ideal,2
anatomy,2
machine,2
efficiency,2
smaest,2
keepdreamingup,2
toothy,2
anaheim,2
strengthen,2
speaker,2
agenda,2
seat,2
term,2
related,2
innovative,2
scoreawards,2
techcrunchdisrupt,2
snag,2
overlook,2
firewall,2
represent,2
whois,2
drop,2
contact,2
phone,2
feel,2
confident,2
offering,2
smallbizsuccess,2
session,2
kashmiri,2
officer,2
summit,2
chat,2
fireside,2
america,2
score,2
lead,2
junior,2
fundamental,2
hadoop,2
close,2
price,2
complex,2
branded,2
ticket,2
welcome,2
house,2
feeling,2
worcester,2
attendee,2
enable,2
amplification,2
bidzos,2
celebrate,2
bell,2
send,2
forwarding,2
stress,2
networking,2
kiosk,2
scratch,2
becomeanything,2
afford,1
ecrime,1
caught,1
convince,1
xafebruary,1
intelgraph,1
deli,1
url,1
pinterest,1
consultancy,1
enter,1
skyrocket,1
speed,1
onlinesecurity,1
password,1
asset,1
behavior,1
mondaymotivation,1
smell,1
cdwsocial,1
badder,1
frequency,1
indiscriminate,1
ransomware,1
glory,1
fame,1
hacker,1
invisible,1
cultivate,1
extoion,1
min,1
tokyo,1
itmedia,1
analogy,1
fo,1
prevents,1
configure,1
flexible,1
identifies,1
vrsnstaff,1
coverage,1
policy,1
organizational,1
casestudy,1
utilizes,1
dabba,1
play,1
net,1
avocado,1
delicious,1
domai,1
surge,1
job,1
garage,1
chin,1
factor,1
intuitive,1
networksecurity,1
structure,1
testimonial,1
key,1
group,1
afceacyber,1
pavilion,1
alla,1
designer,1
supplement,1
chumbak,1
private,1
communicate,1
sparkingahamoments,1
takeyourkidtoworkday,1
photographer,1
response,1
national,1
seal,1
folk,1
loop,1
maythethbewithyou,1
dcevents,1
tedx,1
growyourbizdc,1
demand,1
environment,1
mysterious,1
dark,1
crime,1
depth,1
quote,1
unstoppable,1
recruiting,1
xamonth,1
countermeasure,1
worldwide,1
couesy,1
interview,1
pass,1
wohwhile,1
urban,1
faceless,1
brings,1
ineffective,1
absorb,1
bandwidth,1
scorementors,1
makeup,1
differ,1
cool,1
wonder,1
equivalent,1
biriyani,1
hemati,1
longer,1
following,1
progress,1
foorwear,1
standard,1
hunt,1
nutrition,1
boundless,1
snack,1
compelling,1
resilience,1
shape,1
idns,1
electronic,1
issue,1
ripe,1
scheme,1
internal,1
experimental,1
paicipate,1
seeing,1
defend,1
institution,1
vice,1
memorialday,1
resolve,1
photography,1
estate,1
real,1
disadvantage,1
develop,1
collection,1
tailor,1
registrat,1
topped,1
long,1
card,1
running,1
successfull,1
trait,1
himalaya,1
couple,1
consecutive,1
nigeria,1
regional,1
energize,1
domainsale,1
iyengar,1
recruit,1
vrsn,1
sujanpatel,1
ultimate,1
eguide,1
practo,1
diff,1
webcast,1
town,1
watchismo,1
independent,1
seller,1
merchant,1
somewhere,1
faceoff,1
assessment,1
analysis,1
cause,1
dotn,1
descriptive,1
xcan,1
incorporate,1
heas,1
uptime,1
plastic,1
casino,1
sanjaybhatia,1
mitm,1
pottery,1
blue,1
newest,1
cinema,1
redefines,1
utilizing,1
better,1
extention,1
cross,1
louis,1
begin,1
countdown,1
celebrates,1
jump,1
howto,1
made,1
gear,1
facility,1
link,1
planning,1
personalbranding,1
bigbiz,1
difference,1
adtech,1
grad,1
ctas,1
nhow,1
action,1
survey,1
savvy,1
fingeips,1
intel,1
unexpected,1
xaregistration,1
expands,1
slam,1
combo,1
gamble,1
publish,1
compliance,1
regulatory,1
spent,1
danny,1
outstanding,1
specsus,1
aaaaand,1
starupindia,1
reputable,1
overall,1
throughput,1
facilitate,1
file,1
itjobs,1
amet,1
suppoer,1
diet,1
attendance,1
span,1
preparation,1
firm,1
epik,1
techjobs,1
sponsorship,1
title,1
pas,1
claim,1
plugin,1
validator,1
visited,1
super,1
redirected,1
ranking,1
achieves,1
relevance,1
gddy,1
godaddy,1
powered,1
stats,1
guideline,1
domfun,1
schwaz,1
rick,1
guest,1
understand,1
jargon,1
confidence,1
retargeting,1
regular,1
self,1
exclusion,1
excuse,1
scientist,1
payday,1
combat,1
motivationmonday,1
recognition,1
instant,1
reliability,1
fish,1
smallbizindia,1
visible,1
powerupyoursmallbiz,1
nationalpumpkinday,1
beat,1
repoed,1
magical,1
spirit,1
nationalchocolateday,1
yummy,1
chocolate,1
brandable,1
xcif,1
freelance,1
teammat,1
leader,1
style,1
complement,1
finger,1
secret,1
conventional,1
limitation,1
agrees,1
rupp,1
alarm,1
hope,1
limit,1
wardrobe,1
performance,1
optimisation,1
prefer,1
wednesdaywisdom,1
retail,1
retweet,1
lunche,1
scene,1
strut,1
ceain,1
hello,1
pharmaceutical,1
manufacturer,1
wifi,1
unsecured,1
webdesign,1
visual,1
charity,1
donation,1
enjoyed,1
utilized,1
fifty,1
verisignuk,1
reseller,1
resellers,1
stoner,1
failure,1
hardware,1
happyholiday,1
headphone,1
added,1
jean,1
pair,1
victim,1
diverse,1
forum,1
neumann,1
peter,1
namecollision,1
smallbusine,1
validation,1
resolver,1
shine,1
loan,1
fake,1
puppy,1
vinegar,1
deletion,1
unauthorized,1
aftermarket,1
panel,1
spot,1
prakhar,1
grea,1
appeal,1
universal,1
cash,1
hosting,1
select,1
asia,1
web,1
duty,1
sma,1
sheet,1
cheat,1
redesign,1
champ,1
disruptiveworld,1
nacho,1
bowl,1
hold,1
na,1
boom,1
throwback,1
automation,1
competivie,1
repos,1
bizindia,1
lovenet,1
securitysuperhero,1
restriction,1
everybody,1
booster,1
conversion,1
outreach,1
influencer,1
beginner,1
competive,1
creates,1
cake,1
king,1
tuesday,1
tidbit,1
win,1
planet,1
ceificates,1
order,1
closed,1
category,1
tipthursday,1
election,1
presidential,1
longlivechulk,1
xchuck,1
immediate,1
piece,1
farsanka,1
bihday,1
bank,1
berlin,1
platinium,1
iyengars,1
harness,1
advancement,1
herotalkies,1
wemakescholars,1
opening,1
cou,1
message,1
suppos,1
kashmironestop,1
cardekho,1
region,1
tale,1
mrktg,1
mktg,1
integration,1
checkout,1
beverage,1
cold,1
tradition,1
cleck,1
mompopbusinessownersday,1
reminder,1
ae,1
eagle,1
modern,1
apps,1
gaatha,1
sum,1
evolutionary,1
beauty,1
embraced,1
seed,1
halal,1
nwatch,1
fanza,1
grown,1
politics,1
panda,1
freelancer,1
doorstep,1
habit,1
luck,1
wind,1
accomplishment,1
shi,1
advocate,1
direct,1
submission,1
committee,1
legit,1
tshi,1
pay,1
beneficial,1
sector,1
organize,1
buzzin,1
staupinda,1
loss,1
major,1
suffer,1
orleans,1
toy,1
wrap,1
lorraine,1
alex,1
night,1
periscope,1
final,1
stau,1
hurry,1
funwithcoworkers,1
meme,1
megha,1
collaborator,1
teague,1
ietf,1
draft,1
oath,1
jumbo,1
clan,1
guitar,1
solar,1
interactive,1
informative,1
expansion,1
overseas,1
overcome,1
lack,1
kong,1
barcelona,1
population,1
gopbn,1
complete,1
legitimate,1
practical,1
training,1
prize,1
exceptional,1
himachal,1
face,1
ganersec,1
succe,1
wider,1
focus,1
webpush,1
findi,1
overwhelmed,1
resiliency,1
stability,1
manrs,1
dreamer,1
rule,1
single,1
getyourdotcom,1
profit,1
imperative,1
appear,1
venturecapital,1
bail,1
vegan,1
token,1
hero,1
prime,1
angelbeat,1
preso,1
dtrace,1
addition,1
person,1
hurricane,1
sponsored,1
gold,1
proud,1
purpose,1
upgrade,1
amplify,1
rest,1
hackdisrupt,1
weekend,1
specialneeds,1
anxiety,1
sensory,1
winner,1
melon,1
optimise,1
techcrunch,1
fence,1
item,1
gigabit,1
azure,1
microsoft,1
rundown,1
flood,1
intent,1
commercial,1
cust,1
pilot,1
protocol,1
analyze,1
grande,1
xansalo,1
xapi,1
crecer,1
para,1
potencial,1
tiene,1
negocio,1
peque,1
impoa,1
inbound,1
irma,1
localize,1
wordpress,1
architect,1
teach,1
initiate,1
netdomain,1
keepdreaming,1
possibility,1
websummit,1
webinars,1
cloudbazaar,1
swing,1
xcho,1
fierce,1
excitement,1
individual,1
chief,1
launching,1
excited,1
techweek,1
afternoon,1
marshmallow,1
sorry,1
schedule,1
buying,1
goood,1
marijuana,1
prioritize,1
hand,1
nottingham,1
decide,1
mention,1
desired,1
bitcoin,1
competitor,1
employee,1
perc,1
seventy,1
professionalism,1
organisation,1
jumpsta,1
doubt,1
mythbuster,1
sufficient,1
currency,1
domainnam,1
brighton,1
dines,1
rachel,1
mdnshelp,1
ceificate,1
greatdomain,1
task,1
sound,1
inexperie,1
namest,1
vega,1
chairman,1
executive,1
crystal,1
xcdomain,1
existence,1
personalize,1
socialmediatips,1
discou,1
hair,1
gimmick,1
genuine,1
tune,1
earnings,1
release,1
author,1
eatmywords,1
ingredient,1
tent,1
watkins,1
breakout,1
selecting,1
brai,1
fou,1
total,1
reassurance,1
